feature_1,feature_2,feature_3,feature_4,feature_5,feature_6,target
-2.1877292628838925,-0.24371622847946284,0.6184911567513789,-0.19770628920321653,-3.002996252080602,-2.260962489280487,0
2.3874437406364475,-0.9889632329519257,0.927811880772338,0.864208948463884,-0.11453687014124769,0.480433223447028,0
0.7411052922645845,-0.8479098167743147,-0.2950961668053791,2.055602184986538,-0.12352465370899735,1.2839227442146601,0
0.5633208125316433,1.8967579018085488,0.7927088461398429,0.32984866604817265,0.11953983206672159,-0.9929463786833067,1
1.142163440999878,-2.6072406330938893,-2.6842349623855,2.8027005900406854,0.4747660091883008,4.160621175601939,1
1.894293283315429,-0.2287340202564645,2.1981706737899933,0.5595533813896336,2.8512543068566982,0.5814458443261997,0
0.8237080806758021,-1.0092659731595741,0.5451851408783132,-0.3806245060749518,0.44084790328323964,0.29319218879826336,0
0.5861731364120799,0.35679545899760745,2.779431278156488,0.5189693012772131,2.59064017059821,-0.43108766319607117,0
1.1615916148661665,1.016490253274681,0.1992887918238444,0.44421379964063035,-4.442558654426676,-2.303980745140078,1
-2.0685825318402853,-0.241241992727232,0.02375907938352073,2.0852654863801856,-0.3835765288544706,0.16004550747529644,0
0.7570998047981337,-0.9770336119366323,-1.7424222147822228,1.9438802140975393,-1.0456886931981566,1.8076797753522487,1
1.3034828922129358,-2.5445490856310338,-2.9774802020031617,0.5009331757571811,0.7132314480796953,3.7285108112119314,1
1.147705305679388,-0.20179673757534733,-0.11522314709628567,1.3068314197914415,-2.6477545149071697,-0.4715691376314982,0
1.7429707804467598,-0.4385218276839181,1.7921153508425491,1.1767757488032484,1.9840856037294237,0.682480930534422,0
2.03203903989131,-1.0509803755169926,1.093018107781071,-1.8076285547334878,-2.1201255539851216,-1.5112935342154468,0
2.216806491449341,-2.191774686952045,1.1246971678344453,1.4521365831245039,0.4190691994881174,1.2406347953614536,0
-1.3762597215937045,-1.1667022510867753,0.6883283500400081,-1.5582615374824864,-1.532871131156185,-1.512543165025057,0
-1.3711889574053617,0.9070934743741346,1.1078321480956732,0.04673671958765846,2.4762134395582347,-0.14720012383155867,1
2.639496212626839,-0.8264286420129004,0.8753190195808627,1.808365953832972,0.1789930566181026,0.9493776271337158,0
0.41420728339710644,-0.5975343080548214,-0.11108364865680076,1.21080006250225,0.6481061419425915,1.0976739673036753,0
0.8595269064463762,-0.6498069366560608,-1.1751352116946312,1.8046273132309394,-1.3310155219112536,1.1428081960995584,1
-3.186045471891483,1.0193574115871482,2.524327675676161,3.2736513943557144,0.7935487595602564,-1.2489672601329314,1
2.093695570498557,-2.6724464015225697,2.7425345773602716,0.6272144085949172,3.2937014280795305,1.4635823149746678,0
4.330196987147192,-4.073078509102842,2.3825076857406513,0.25524356454109853,2.408064707866209,2.149090940887283,0
0.4506901677041977,-0.6482781561535932,1.161162865428743,-0.36182056999341505,-1.8538855681404414,-1.4313342564753202,0
-0.8799616773757597,2.2868226935322578,-0.11547477839359521,0.7996626915061262,-0.6444736764633119,-1.0534969582470441,1
1.04657767457773,-1.4628764689447227,0.6189970841798236,-2.3353737845527247,-1.5998753026728962,-1.152991152837502,0
1.2656970572818877,-0.5447298639954041,1.543373132562293,1.1996950752442137,1.013074573777556,0.3312054194299705,0
1.7108545251467422,-1.7673524062338983,0.979982177459596,1.8813340440359139,0.3301229836214439,1.164029936631466,0
3.126963261158761,-1.1947763526366244,1.4370255600853923,-0.9634406683765243,-0.8453678227406694,-0.5727613901594897,0
-1.6869084051142464,0.42984901347715754,1.3767252329721003,0.3495546027130493,3.3350473595723584,0.3150002754070875,0
4.471412429526616,-1.3410328433862975,2.4462169219921783,-0.2608852085385416,0.7138481233491054,0.07051297588330452,0
2.1877596494616944,-1.0638089404456479,2.609603081305997,-0.9577682783074235,2.8983364816189434,0.22894053155493532,1
-0.10337732336942396,-1.2816452706146109,1.8769117868471246,-5.428370295215167,-3.9154552997810885,-4.403722516193547,0
-0.16315216619588813,-1.2888181598412152,0.40589966267631106,0.5931002458527613,1.136475716644229,0.951253392163675,0
0.4034339640858198,-0.2643569998682864,0.7780634402734046,-0.5152822710801712,3.187372908808417,1.046078840458655,1
1.134426299200364,0.9552075483448313,-0.23422369672440535,-1.6285880443928256,2.844073042512549,0.848142957209872,1
0.37861451251055434,-0.6422821105232372,-2.742325651384151,-0.5781550298718647,-0.46585069522618394,1.718877059308423,1
2.088186794753071,-1.87551336795821,1.0152902066290899,1.2510132059967807,0.8053215341673434,1.28350563462902,0
1.3746495272400112,-1.6588597394962854,1.3082245017418552,0.6139982369073086,1.6067156292187337,1.0439305153247271,0
1.8833549358301762,-1.0921532768408198,1.1350120620586925,-0.5409940306580889,-0.8611212989328929,-0.532440644845036,1
2.303279661139375,-1.8477372083082861,0.5542227725760063,-2.7356342105748563,-0.9796931964458603,-0.5388471446060361,0
-0.19904312205305175,-0.27632003682418627,2.0675211037260928,-0.07990148103584827,2.9284224548506748,0.09947632784438021,0
1.9435627289483688,-1.716928131891326,0.5731615728836724,2.695595554493068,-0.5214954514935823,1.3107284766232161,0
1.343615698516122,-0.938284850280052,1.7080665945658688,0.21884302479184758,-0.2378452118696993,-0.5292986791396717,0
2.892252229538523,-1.2658277821856676,1.8811177699099104,-2.92686027698194,-2.042600904076804,-2.099562511030391,0
-1.2492864804693329,-0.3644931506075403,2.2018260152977005,-0.48053509637919867,-1.9745536881108876,-2.6624639349256447,0
2.737601131789986,-1.1352226253386994,-0.29852657909872704,0.1649681314202167,-1.1050085419233475,0.7083125358019438,0
-0.7591044452281954,0.28656284828499756,0.9879384970353661,1.2632818694062202,1.655441751166545,0.29668599031944265,0
1.83373096956533,-0.9301346940485895,2.1951105736540173,-2.59931185947792,-2.44243334486393,-2.735861296320598,0
-0.40569124710330673,-0.9909726985438789,0.9297791302442432,0.9626677542867481,2.544785672811333,1.2416468477553417,0
1.4222898890100304,-0.2586447173712294,1.7506105312054911,0.5133710944383465,2.526996429204344,0.6219355659261158,0
-0.3409997841081651,0.11741235234047309,0.6803007743473668,0.1984440447079977,1.7609317306387715,0.35403644450700583,1
1.333749524820396,-3.5600265253860894,1.2900080340468985,2.2168462001728777,2.411454200686138,2.707626185446758,1
1.6728223016783832,-0.23226025287665997,1.4827403252256226,1.4275456798067676,1.0402431761165298,0.4158152032667509,0
3.306162238585764,-1.835587474609631,2.7892664125994573,-3.4425370937045963,-0.29784173770431044,-1.7136851818770404,0
2.6946703379149026,-2.9514207807758233,-0.2597931662043289,2.9542160254925607,-0.9360826623191905,2.3786268634984995,1
0.8700800978356507,-0.5218696789942845,0.5262312504958556,2.4119454889128695,-0.14289801010647896,0.7472497304664385,0
1.2151951732306332,0.04562206467841001,1.066681951321237,1.0832101438193071,1.3209168463019922,0.5124863017631349,0
-0.04714259975022217,-0.8289514708262422,-3.8467645828214776,-1.2699127963357846,0.5192305739442717,2.68543121505071,1
0.7483774779633237,-1.523257267755748,-0.4124442689325485,-1.082331394100308,-0.9644328914093259,0.2036777799862338,0
1.4851915704788157,-1.6110169373389513,0.7548072396641765,1.2654502542239348,0.38816793541252814,1.0335350238513237,0
1.69339188500498,-1.1441588631246136,0.6818228504927955,0.1706506544725528,-0.36351491465739827,0.2198445789035961,0
3.0933372502587337,-1.2089799816691271,0.014575653683195133,1.2380376474664123,0.20865373254445463,1.5856515602871974,0
0.5429088220786519,-2.4375767565147384,3.425557550959953,-0.8251467090340674,5.120519728530609,1.0246395960770598,0
-0.008073088196660638,-1.1345545553143723,-4.7376539158989415,1.437650111276583,0.39599788873407715,4.219254781460798,1
-0.7082733347621133,-1.0769410679968678,0.04220368395159424,-2.8091018092111426,-3.3459362406230135,-2.272753144382862,0
3.373260324545255,-1.2581334695895652,1.756114494713838,-1.5238492328938165,-0.9668732018950168,-0.9492699968455464,0
1.7168147224155987,0.7254526801767562,-0.8737230304939574,-0.9154179475364819,-4.51056846558447,-1.8476346461692992,1
-1.738991346119644,0.6673275080844332,0.9468518975149062,-0.22281524282151222,1.3322478004861682,-0.6602504994115217,1
0.42544942838936517,-0.4363342037640373,0.42339294124989524,1.1720827149792734,0.24289088834935724,0.4764835887880309,1
3.930318104218234,-2.6116289542065165,1.2990801073535583,1.5599456515315038,0.31700801370426257,1.6181481779694769,1
2.0752357639758388,-3.9321248239261526,1.5666715631726116,1.2001044131633112,1.325416486354869,1.9650239345606866,0
1.2140287049690293,0.9232396119838038,1.0826895857489718,1.5609900745876653,1.7770483281305707,0.5309107306274121,0
0.8918550435148558,-1.3476470784238619,1.7198795754859817,-0.7182048769181264,2.2463744653116153,0.4309428314891799,0
-1.1409966075830513,-0.6518515079707339,1.218591697418328,-0.5018323634453248,-1.7924311832540294,-1.7999736548373546,0
2.2099325613151457,-1.0054631670600127,1.8713083806928266,0.7715915449277272,2.64407084758704,1.1344322102333204,0
2.037769799711126,-1.5310240322918935,1.7389025718797302,0.07474640121006648,1.7513495368931982,0.7369688389663254,0
-1.1832553709174725,0.7848566761724238,1.595410680571271,1.1647671483540891,1.3999039832215703,-0.5392190554665429,1
1.9389613030005988,-1.0756400351176674,0.8410297421370763,1.941935092747614,-0.250273441066984,0.7669023401542232,0
2.3661116238664333,-0.812425507595631,1.1509937703196538,1.3927501071234025,1.2481003465106402,1.0899463933367768,0
2.4156340390680913,-1.028237255046299,1.3176110191585564,-0.4773301183108811,-0.9208698526229621,-0.580070763344479,0
2.752564612397657,-2.2413779637210256,2.8210212753376287,-0.2700266784593017,2.385433307139938,0.6425360946175591,0
0.6321544093652524,-1.2899197648124996,1.428108517340815,-2.7069575895664775,-1.8755558914137307,-2.089525267931721,0
-0.4821610692569067,0.8572606467817021,-0.9610580109575104,2.8550507895157136,-2.318797994827457,0.00413146790567831,0
-0.9925320514054699,-0.9007932761201172,2.635162915149988,-2.033963021289122,-1.5155830390444782,-2.967272802808869,0
-1.4915675951235445,-1.386599285224583,2.0016591676908746,-1.9480156360589465,-0.39054028703280474,-1.8866388561188163,0
1.9870331941570853,-1.5279633587760375,0.45358456228547106,-1.0756793630680943,-0.5023956969027134,0.10793390052249957,0
-0.3914520731108464,0.910891722207313,-3.225314306123866,-0.23662584447805068,-1.5359306786202225,0.8639813647233092,1
-2.1240692467046602,-0.5415313572599698,-0.38628829369444384,1.851184459673848,0.702433650043792,0.9859542393280414,0
3.087300206220087,-1.372209716128591,0.6418213199629438,-3.6899787463367426,-3.1995374869661477,-2.0109418588673984,0
3.177756269464437,-1.240598317530639,1.3548900045648131,1.9724532112202513,0.46256382386768224,1.0949310588068868,0
3.849626708222575,-1.154668883634497,1.8658544877338747,0.001970116274357947,0.08686192200511389,0.03721712521213549,0
3.4412431454895995,-2.7331430446569405,0.8091291303669947,1.9852951831956993,-0.4240270186237618,1.6709793993784512,0
0.6843001995116199,-1.6507630959208925,0.6345998363902167,-2.9854245844794525,-1.578471398314219,-1.3618855712222901,0
0.5173853468970249,-2.8264867094701773,-3.132004189883914,1.4195900741499092,2.088810284299959,4.748176912064022,1
-1.8038445661659037,-0.9112528002710953,2.24577241160057,-0.5816620987980003,-0.40129691825291924,-1.8583437494894186,0
0.6317749918702313,-1.3005364889923026,0.44948122206435936,-1.7526181934501883,-1.6365154627964371,-1.0165703262245889,0
1.815630408486891,-1.6990359248377753,-0.161343965378818,0.6373771585814398,1.1063152877164906,1.8794160919799157,0
1.7830131607198303,-1.0665999615634463,1.520884482284079,-0.6552836644267392,-0.7814098501643763,-0.8147663950632786,0
0.10099330118214112,-1.7423994242362477,1.0225687311765435,0.16543511238379394,1.555892245451644,0.8412001184963974,0
0.3212231884684803,-1.4087659233130956,0.015150412863848217,-1.2474648261545485,-1.1326926114934548,-0.3425238817259236,0
3.391741138681063,-1.8711728898778839,1.1726297411121887,-3.4410665561250826,-1.2256670617508867,-1.067675526618658,0
1.2760905189325964,-1.878636446953239,0.30613426433404145,2.272568815376923,-0.7593812423819513,1.165041894086329,0
0.4092562261450138,-0.7289587576123078,1.4852180764280156,1.4001436866269679,2.6680434213059865,1.1367461492982334,0
1.6898441590819795,-2.0810559637551806,-0.7514522116252538,-1.987000247553587,-0.5344812616893168,0.7479542547361657,1
1.6598339520290168,-1.9568726120672708,1.3956952315229927,1.0187922015482436,0.6057877645868125,0.8084963741257818,0
2.870056841260869,-1.6885032809788099,1.1436450036326715,1.1754055829110994,0.4596239296054012,1.0891650653498086,0
2.0192140766496527,-3.2303416342645614,-0.2408055773722877,3.9913630822352055,-0.019149008010989066,3.1218555870871025,1
2.7851313287866954,-1.2126287665198254,1.6234589539943665,-0.9161961699591236,-0.6050334639913723,-0.6247728990538814,0
-0.6192583386620858,-0.34451500968961224,-2.39010072330776,1.3592818115302723,0.361791676383288,2.2004829979713634,1
1.2117660011910008,-1.3061738332545951,2.3930876226519207,-3.860978369015221,-2.2683355137975934,-3.166857686737493,0
0.027761987781186992,0.9931642632282425,0.6218947069852437,1.9448394338005195,0.334906940485985,-0.0019402370095065458,1
1.9552067734335825,-1.0367260346487919,-0.6806887592610169,3.119410671229891,-3.148725081556579,0.7368582258497582,1
3.6703511136095077,-1.6774817789843333,1.182154075425312,0.8210411250200398,1.8963331526179905,1.797893073539719,0
2.0035132614863618,-1.0344600386007357,1.743171615228627,0.6961090632585554,1.8525150122878151,0.7820208810473928,0
0.1783362698901766,-0.5624335630364123,2.210289927507238,-2.5390151810196824,-3.305250589301431,-3.6175709211737033,0
-2.3837201717226373,0.19171246238008977,0.4004335829207206,-1.3366091311631911,3.013367366616559,0.20926349120723597,1
0.8895412237399234,-0.8825402238695048,-0.028002546267386297,0.7461824659222203,-1.0035348530385872,0.30099529509556966,0
0.7288260801206616,-1.902895399335697,1.099973686289967,-2.55063917573803,-0.17836758079052362,-0.7416412366185904,0
-0.4097493321850776,-1.3155036241871279,0.10190598202399714,0.30725558998791835,1.7344285376962243,1.3087594661490551,0
1.0364523103814673,-1.528970218698417,0.165932140664524,3.79604720156627,-0.9020882786262698,1.4973167009428558,1
2.8235394082217153,-1.4481921197942216,-0.6010542870948363,0.03843869243970821,-0.506348538017042,1.2960633776987658,0
-3.3322122991809393,2.601163387009783,1.6360990621079567,3.2058014449578818,-1.403454408812089,-2.4022267566233073,0
3.2937835718798985,-2.1157252845999714,1.2340621904436948,1.5759699632286714,-0.2405668263713725,1.0743111667960972,0
-0.07177001910885461,-1.204834326503611,1.872319922646675,0.931146893012321,1.9274913092030035,0.4642301325676723,0
-1.9893540908479879,0.010746198829523879,0.8289084924723595,0.34319238405196506,1.5313176893219804,-0.09331726302761012,0
1.7613645780225253,-1.3919281142449353,1.5107785315302023,1.642171689666076,1.7687208085940054,1.2944862575145275,0
-0.05696977658653313,-0.5018435526236863,1.6731854579133651,0.1802241317033344,2.2320432113592124,0.22393593610092855,0
0.06992846035199807,-0.42307321199910786,0.37054980529555115,1.0433274919080744,0.9571324139332346,0.7386549000779205,0
-2.468938633275306,-0.7138903548765577,1.0827053583865993,0.2491315270906933,-0.9329635159877009,-1.2909922168613703,0
2.3911478296969775,-2.5510615750420085,0.28647635487287704,1.3773659941967833,0.6615367279159541,2.06111028660995,0
0.5966106727318984,-0.8184799980328332,0.7433127704452525,0.4088383612281714,-0.9682975547540379,-0.38216775889480115,0
-0.8577740421439277,1.0693054555562747,0.944992467720717,0.5812680008404802,0.783669090382782,-0.6464503866978291,1
0.4377587816868199,-1.4018172901525918,0.625591607228003,1.8271995835756993,0.07089024681515688,0.8567114797463967,0
-1.3147837071290938,0.5916970178215755,0.9195173887410604,0.9650578380658172,1.6459878842331839,0.00930912868184508,0
0.4415105245173747,0.33479005107496085,-0.7618511281143829,1.3381513635099862,-0.4551616082341272,0.6711203417123282,0
1.8062970447449815,-0.8603902051727745,1.3928188032694486,3.519038660666776,2.1622890627331053,1.9708690041048522,0
2.8328386777433865,-2.349503119841485,0.7423493617265239,1.9974167178569855,0.12088988486384511,1.7097473648114803,0
1.0846428831068888,-1.6262960932871933,-3.0303380661090817,-1.1168118763468486,0.16784833430753254,2.568368507188891,1
1.854003142503604,-1.1329025975364873,0.20689601383621148,2.3028880161064023,-1.03236750360352,0.9287735318198043,0
0.3092058210381493,-1.3264121367836843,1.7665333265328664,-2.5153314854905116,-1.361394073177867,-2.051130142437381,0
0.9413802409799695,-0.5105757073046946,-3.345609908550817,-0.5192867196836244,-1.7986609429228841,1.5504357451660518,1
4.390010365079528,-1.702817059563051,0.535673405250941,-0.5908737710266974,0.2719271828796703,1.1324900631071753,0
-1.6627986088193425,-1.0351236592316877,0.5734053354203147,0.01538776936954589,1.7335007398964375,0.5436859674032103,0
2.531694788013029,-2.125220299244066,2.621197828017668,0.12295249794205243,3.946461820529146,1.5661631374400504,0
0.5190003631297887,1.1689096914838801,-3.3710859008317935,-0.628058014858569,-3.4578642970103926,-0.016910588797073522,1
0.3504586621994825,1.662335535345361,0.5336011833492994,1.5303763988340555,1.0724457778371246,0.07798588651664973,1
2.3818043188400075,-1.5878503207809787,1.9196094563925694,0.8641866459089672,1.384056452850855,0.7878699970416271,0
1.3137386167729193,-1.402592582406169,0.6716784511267723,-0.9538552250522268,-0.564347325993932,-0.20920906621122898,0
3.3948823391450667,-1.7673190854391894,1.897674805645308,-2.026228898207668,0.16140012364168,-0.4549317274888366,0
0.4841005087656163,-0.4276379290114398,1.1815695119026586,0.8643398266694746,1.5935543598598718,0.5390540017849995,0
0.10861220093069979,-0.29671811386559155,0.8044490193053411,1.6879609445692778,1.800191319501836,1.0279748700964428,0
1.5832544890432287,-1.1393288756188757,0.6081805928146765,2.1975226588209837,1.3457185362120545,1.7286972234196478,0
0.06809612312247904,0.8472280056235759,-3.5340828333096033,0.45103397522754796,-2.1220205091662483,1.1235680372016812,1
1.1504940622029676,-1.1690860918430155,0.9721782898334926,-0.24566624193608477,-0.4221078194376727,-0.2326853394316276,0
1.115648042875255,-0.6732782076804553,2.0467539556393612,1.4027778425898978,0.25545074553962,-0.2790335828818743,0
0.8504766196335992,-0.8961038266712518,0.47427643681882947,0.8998750145344854,-0.508827457890796,0.25734648920510017,0
-1.8300896284438615,-0.6217915973380347,-0.13864631154747054,-1.5919074143715763,-3.6279890613889334,-2.297627654388195,0
-3.1043887054260213,1.3118459339614428,1.6696069025403806,1.669177538494459,1.5652115050135804,-0.9343578914242556,1
0.06497198727602349,-1.13705824223789,0.47774835819582384,-0.8034684060025121,-1.2196805911181094,-0.7027211559713427,0
2.7287941793457007,-0.7717404051146391,0.5165580727095592,2.7229514812647206,-1.0585603772951915,0.880344020780488,0
-0.17764510938717804,1.2629971922141663,1.809382080399754,1.4306771884532274,1.3439558697418683,-0.6093355290634677,1
-0.1218380216508197,-0.656471142942747,0.747090224967653,1.829395517370592,-0.14021485153007096,0.2700384417048323,0
-1.404586255385235,0.36480247145597766,3.597651076879281,2.319513656278464,0.3976011594109716,-1.8432008180229762,1
0.6911980958525061,-0.9462136849149779,0.9938386731725686,1.2946580594020136,0.6149630183905134,0.575167547658407,0
1.2334824430179598,-0.24584708943505773,1.051472046076806,0.8479835425342379,1.8360995963769853,0.8137581448809278,0
0.6888946332724604,-1.993499099719366,0.3805019438747985,1.3716251987440269,0.26922555799569203,1.249241549952523,0
-0.6342511489738549,-0.7538219096674701,0.7275356941797395,1.0548706219139397,0.7856262994800355,0.41533620504913793,0
0.8407515388648691,-1.084587691430813,2.6066951090365453,-2.729492845335062,-1.7614343616048094,-2.8561234815366277,0
1.3903193117523744,-1.2149648135655042,2.538388276270937,-1.9454696893741743,-0.7924595477309434,-1.927576408569558,0
1.1905684346927823,-1.8033432428842566,0.9790856617557226,-1.7826438607838129,0.08375811048568527,-0.23355497893950317,0
5.065050414796733,-1.3621403678439354,1.793316314851717,-1.8635717666326919,-1.0816114368877017,-0.7620166613305227,0
-0.9121959856295399,-1.0816306238889666,0.1061371068540562,1.0947087968352789,0.4336038043402719,0.740810003786291,0
4.449859691319578,-1.8184216135908635,0.8217918698970601,-1.608211135407043,-0.09957762023823391,0.4920004812646012,0
3.3968394776980793,-0.6694799273352564,2.2290007845091644,0.9568816581990216,1.1223837635038525,0.32745422833365456,0
-1.7491347059792925,-0.7391646758568242,1.6978168232972914,-1.4939082958561556,-2.044532845874824,-2.645517564793934,0
0.14353304417200796,-0.7275572102773215,1.411461119068267,0.8652554048523617,-0.37351536828895693,-0.5117701950162512,0
-0.2889787489275999,-1.125815121376325,1.0287286621838068,-2.2557845209966647,-2.133972811487458,-2.0532755052858294,0
3.78591431064044,-1.5877619671057797,1.875206432768983,-2.3188844451857396,-0.6613984832616746,-0.9259500180117297,0
-2.0670069490984937,-0.140631223871434,3.092798977036579,-1.067240963987358,-2.498874629497772,-3.943132929738544,0
-0.30871545917715815,-1.0771665348830395,0.5665693445684982,0.7250570997216368,0.021835296343957644,0.23730433980950844,0
-1.994100617832333,1.703292775270835,1.1545310961126454,1.2787827687955866,2.498761252644562,-0.20505460357560557,1
1.2555607548808287,-1.8646624516943087,-0.43271313561176594,2.234368865317636,-1.1131972573003321,1.4578052347545936,1
1.4965771328306205,-1.9232793588157437,-3.349817227859993,-0.8871536759506427,0.18698293392157317,3.0613811654089815,1
3.6407716402939934,-1.4075672459724933,1.934044801856395,1.3813279987526994,2.4372142995259125,1.634481763208688,0
2.868409174730452,-1.1007651147204096,2.261295250884675,-0.04308576083860394,0.22629503460054456,-0.3864164896352904,0
-0.8281371776092314,0.09546936210967205,1.9974404165341357,0.15408151442587115,2.059035661800823,-0.4704726338084513,0
1.1761867618161943,-0.1551721531751169,0.19710490825537375,-0.7406050801787722,-2.2549899090622914,-1.1647285612907257,1
1.5783203116159417,0.5260617178798479,-2.1334312372189324,-1.5809859596299773,-4.358468571225602,-1.1109060240079978,1
0.31482885996278986,-1.3416486681815722,-2.1172769919358716,0.7871564985416711,0.6232984447933148,2.5410414276431634,1
-1.9471845147308322,-0.05748563325746292,-0.48284749664014814,3.5098428294555855,-1.0420412632648943,0.589127348929235,0
1.4150661654175103,-0.8201709168493538,2.4699396618896152,0.30028171250393376,2.3194023168042195,0.19969444834902972,0
1.0649816740772893,-1.3350432011773619,0.8749182120662513,2.7935292210550395,-0.8424207321167886,0.6635926480006629,1
-4.988685937223028,-0.10319480413498372,0.5554516683014283,-1.4856736200082412,-4.32925245563772,-3.891191392682666,0
3.5225743138796437,-1.8954829282661576,0.6571339904617808,1.3047107090988028,0.37024119514918674,1.6192770044717562,0
3.266412946654781,-1.319103441035621,1.240489950459682,-0.5453041075743723,-0.25848061814425305,0.052672500307757,0
0.5147997876747639,-1.1237818935758854,2.1335284663406235,-0.7484663115875299,2.998511299491718,0.3493047201343551,1
0.339652360110999,-0.37915857760926996,1.2752985212384904,0.9390832566089746,1.8173833287516454,0.5620142617187576,0
3.603843136162355,-1.7112388886635355,1.2704732425076655,1.2284810721741826,1.1837268910761956,1.5278544101453515,0
-0.8849523622614939,0.4004047666400856,0.3449910077018822,1.0160163392756474,1.4616962301401077,0.47550158506033047,0
-0.17553344978280994,2.0911367151215448,-1.7828475919914264,0.9896076589508424,0.9293262669124022,1.0823096009433029,1
-0.735959086064784,-0.1724420315058387,0.006337980490408457,1.8811592648031548,-1.9167639405707644,-0.3978850034716018,0
2.9970695256029396,-1.4133325271836554,0.6118764626645196,-0.290056265138682,-0.1390221446320583,0.590210055746763,0
1.2791624190924322,-1.395742726574306,-1.9177391402595232,0.43820411152578165,-1.0768212796783145,1.6880284802075955,1
-0.20883014227525232,-0.07289372773326752,0.4388800645875227,1.6042846845535714,0.39791875059530124,0.41198709443997217,0
4.0923177281353915,-1.3643655703644748,0.6297912854905557,0.1675448362908556,0.03418789484080165,1.0092172156401746,0
2.2782166375411945,-2.295440722190526,2.343276391335486,0.9088144653212886,2.4309125116070884,1.288441499523576,0
0.41804775911083936,-0.6715684267046909,1.5891811929196598,0.5498734039642502,1.4657557161422672,0.19033419805330665,0
0.14049083301290843,-1.9128061163588956,-3.0189640745440443,3.04247990420298,1.3767121438940064,4.421144893764722,1
-1.2677260635828724,-1.3498556723076427,1.8634009092191395,-3.029666670494425,-1.5436610353513902,-2.6742651137774227,0
-0.40978081291627655,-1.2345349222599122,-0.21267575453639953,1.3106925075638118,0.5019350764782726,1.2138418320116964,0
1.0315631384478037,-0.565337323756165,1.7619568388293907,-0.3121695373685367,-1.7201757538557518,-1.662810927479094,0
4.849569888252571,-1.536098175270186,0.29240829191389917,0.46906135775627855,0.515424658035089,1.779890499634349,0
0.6803288019155588,-0.8190476209409556,0.2932181701389659,1.6410901667563071,-0.18889044079927597,0.7074552011808537,0
-1.7406217673446993,-0.15366045411957807,0.5650583635777552,1.8065201733004508,-1.5957678473128447,-0.841528241358136,0
0.08821276130968858,-1.512697401209114,0.3098342948539089,-2.612935533838292,-1.8103641706443052,-1.3125078721448185,0
1.8481928499670355,-3.232143071662213,-0.5436756801239424,1.6081364197919759,0.5369093542866181,2.782471662302522,1
3.6883603174693325,-2.7022817719053394,1.2281413249399422,1.5696473342489896,0.34403327105592374,1.6686647456346377,0
0.4089695221532361,0.5569169725476694,2.074612121783339,2.3572352051531373,0.6441286793885023,-0.42566907242080276,1
4.979763172099727,-3.8231075620975643,3.1140712653796214,0.505445831509579,2.797951016401358,1.9683013829489715,1
4.541809047483179,-1.071768824535234,0.019910689294685424,-0.37156641230651144,-1.7076304483279998,0.3672265330682255,0
1.3722275440075915,-1.1345996130271419,-2.5174455764715944,1.491130705628877,-1.7890061251114175,1.995485896587814,1
1.4581431249990113,-0.022269502875870373,0.6041043321308494,2.636854981336271,-0.3781740412350847,0.5751276066581417,0
-0.9532206433081982,-1.2955111162116624,-4.066063798084192,3.427705381169449,1.4717867369726108,4.819455812568478,1
3.5421689852802296,-1.3910217570777583,2.255142601102766,-2.172057657061008,-0.8425840434520522,-1.3417503705895788,0
1.8403263320445504,-1.5354313061971374,2.1351468497719956,0.7811343699888106,2.1730382030347393,0.8721195085363815,0
0.19287732069565067,-1.1128489577917955,-0.29402588342060665,1.9939797123721008,-1.3269214587882021,0.6771906027088666,0
-0.506652755203798,0.6793100159320433,1.019073153419539,0.6772848429851527,0.5768827325371348,-0.540145817373185,0
-2.538906272236558,-1.2155187258561648,0.481902398874543,-1.4505928291365042,-1.328528507413587,-1.4550455664815793,0
-0.8842251682441651,-1.1434119628285497,1.3516777345161657,0.6421094433179838,1.8170314847345497,0.4734720502132912,0
0.4426620272348911,-0.7801658621596821,0.6623898321168501,2.81438422516238,0.9716470396195627,1.344011432106334,0
3.4164293592041126,-2.3529688031006026,1.4149886193004193,1.688775080717528,1.091892514543318,1.7539724757954807,0
-0.9200674843908621,-0.8740212696371994,0.7277047732808896,-0.30098334032101604,1.7855272848769834,0.44875503328703914,0
2.4357888012029774,-1.826411849509349,1.658553148399691,1.229539169701245,1.4885053213767525,1.233526084440892,0
0.5344763236513618,-1.6422134071798908,1.0832676511394985,-2.6802285036645594,-1.0406844511860454,-1.331022677750958,0
2.2901070141227295,-1.281296819239483,1.773310115785062,-0.46920333382047574,3.5225408086857857,1.3452847166466553,0
0.2321049531756062,-1.7791359245395393,2.790811841928629,-4.405565567375711,-1.0337040595857394,-3.0166558922736972,0
-2.0488419937004503,1.3567782622742173,0.0982258198154855,1.8217104268169804,1.1018435115962184,0.11652273691191704,0
-1.1655278422092334,1.2503971961517157,0.8340585754957426,2.690343768166094,-0.6395469545833752,-0.7090937403897568,1
2.6952961461028377,-1.8031158038385233,1.7866542510362087,1.0974955433565186,0.9762384655708213,0.9012696904000355,0
2.39819766437728,-2.499659354126681,0.22606268729468293,0.48055685744710175,-1.1213510340950048,0.9290825781940584,1
2.995900998723225,-1.6000821727108618,1.0180285908324502,0.058477123540309206,0.9629844683345299,1.0424223436349043,0
0.40206891034130876,0.6045198208732168,-3.071483393844989,1.3904089900016618,-2.679844578122209,1.0171197193401595,1
5.930454150120278,-1.4754200273384392,1.6375982064488566,-1.6265356003165425,-0.7197484812707468,-0.1909749441615497,0
1.0040649780312645,-0.057530625728312135,2.6080171470951212,0.7967850152649243,2.2600447915584496,-0.14129574741155015,0
0.02270989701329329,-0.19669213504005822,0.695706719283427,1.923990131415735,0.813550362026819,0.6427324880824362,0
0.9610597899034323,-0.47891182644123365,0.9199943210401609,2.1794291361344547,0.1001271153583907,0.5314448710448122,0
0.5736564883166512,-1.3631987582663179,-3.8288494175993133,-1.1735061818115256,-0.32313552250694944,2.6321957682608526,1
-0.7618079088301228,0.8957071343633434,0.5700569591666024,-0.13456298194910943,1.1229307448281303,-0.38084602830279596,1
-0.2306501581798981,-1.6282482804605438,0.8729512391610892,-1.8320995845508123,-0.41258120876182414,-0.7714441362740598,0
-0.5472429358198225,-1.3521371385965772,-3.000898152614726,1.7705562635672463,1.8035870041571975,3.844446041941253,1
1.8916417560294043,-1.1559400371094284,-0.1000908411498298,2.3247518696427036,-1.8604348701793647,0.7540965582524795,0
-2.3845907455626283,-0.22453956962280364,3.099522208859921,-1.2529740568125467,-2.3853171180387505,-3.98302402959006,0
0.7042406323940963,-1.2995012892968512,0.5337411254086021,1.187177630583998,0.9604949185344567,1.151786793368899,0
0.8814813298566682,-0.052784381129138636,-0.5292883453961648,1.8805839773016728,-1.3018838136971587,0.5256487594632734,0
2.0824006138220184,-1.5949937501248126,1.7845819202008684,-2.054793863577098,-0.32265192255386754,-0.952806982314661,0
2.466211024568029,-2.3939870483197234,1.9835469934298595,1.060019295711945,1.8301283861875262,1.359988129973635,1
2.642002287534261,-2.0609926892904893,0.11055830140630873,-2.346509446675664,-0.33348357649976956,0.3430394682450485,0
0.9195488308083478,-3.811217204175272,-1.6574190562599154,2.7003532680008013,2.8678351671731552,5.039776595603557,1
-0.7633678927005041,-0.2634804910587426,1.3620658799381258,1.3143598154969964,1.321048919888983,0.12196298518505089,0
0.611695508057172,-1.2686352836282555,1.749789249051145,-1.6050525461914142,-0.7749215240756058,-1.4237386447975207,0
0.05500513760463854,0.5992829228917804,1.1835474942864999,0.3453834267562095,2.541846030742785,0.33683613105381705,1
1.043922797359349,-1.1785477330055365,-4.402444904961703,0.9741764017762923,-1.2521748769932877,3.2784046309571893,1
1.151444877214122,-1.3838305341023995,1.7380019784652365,0.6836584860622585,2.0267661835245625,0.8340478156177005,0
0.582439728917055,-0.9396966887832566,1.0547344416651607,-0.20113078071411894,-0.9476166859632033,-0.7299734942917577,0
-0.5596675586989507,-0.08263754552357327,1.964034813641511,-0.09532502355168648,1.1316936224286869,-0.8539746392117699,1
3.505839952136939,-1.4176719822960198,1.259316581624118,-2.581365614920726,-1.7488995377132714,-1.2546668476698248,0
2.602124338235229,-1.302532864968801,-0.2627758677842724,1.8657825988148635,-0.5700179575286337,1.5347843712437288,0
0.6795231833533801,-0.979490867338447,-1.3215245481521807,2.3115884131623363,-0.7618035904691213,1.7731079039704858,1
0.47939800802117616,-0.14286938015593664,0.7500957347351198,-1.7444942087236321,3.6101270125760614,0.8367469808123607,1
1.0242159562518212,-1.716406664144337,-1.392114743841884,0.028689054993608742,-0.08472730431145803,1.7647957763586974,1
-1.7876505154863431,-0.046894834618135484,2.764948602577769,0.9504291237946694,2.0763658512950247,-0.8427051508566701,1
0.5139228790885042,1.1837455449067071,0.8398202049542367,1.7798827237210593,0.9724839418620058,0.1307930958277405,1
-4.1428754005900785,2.1888724006911096,1.4416563715674136,4.931364644750956,-0.8294998883562794,-1.4351158686597025,1
1.7318267464555432,-2.138315103015937,0.13387057663630686,3.603793117514112,-1.0463915907333083,1.7650272083950362,1
2.4628428440615213,-2.3375339002032565,1.2244836985683945,0.9913936891381765,0.8642241852965589,1.3470000548510115,0
1.8419764131720298,-1.87090150985696,1.051116899945617,1.2783114277749037,0.9462865831232061,1.2861591082991644,0
-0.054414118961247926,-0.9205852309013169,0.5264611678375095,1.5455426489231643,1.2460780732407464,1.110532800097156,0
-1.2533913179757203,2.0743587011632987,-0.00465781195653614,2.427952877624146,1.0695068492093465,0.24035113684089315,1
1.2838892690878856,-1.4996699242556917,-1.7668787529414722,0.778674567336449,-1.0946610949789708,1.7327509924135878,1
-0.2850712145132226,0.3779084789975842,0.7169999443607475,0.6639158686068731,2.3273586270329885,0.6631069917305845,0
-1.0630301001250655,1.4622502339719703,0.9833539968015308,-1.6139678128814805,1.8749275253027753,-1.0531020618808706,1
1.5163399058676748,-1.2658824993086795,1.079940967718441,1.0641387091840098,0.7926259278050665,0.8198278163719586,0
0.3749604125222984,0.2737062128473098,-3.1606483524569757,0.6478697024196437,-1.8637365260991496,1.354199370055659,1
1.762887329836059,1.4017851503439722,3.542542920906906,0.9650172740169035,-5.995988108737317,-5.116129772827272,1
0.02249006802460385,2.30880875603529,-0.5448688351242097,2.336266183681645,-1.0830949198910855,-0.3133788889398985,1
2.129344143832141,-2.3128235042615595,0.5741643379153515,1.2073199874648397,0.68392513195847,1.681467571383067,0
1.0309835724210155,-1.0917300839199682,-0.7150439712294836,2.746207237186968,-1.6007407112612642,1.224271963917278,0
1.4807600751550538,-0.8502012808374971,1.5837318642323988,0.2888052646774846,2.0330437896615092,0.6651351047592664,0
4.506085752953519,-1.4743839822032294,2.086905710108283,-3.156357832896319,-1.6446092396502232,-1.7137968160655883,0
1.9261707457556247,-0.9681779402506794,1.2810478375902974,2.0530729287743874,0.44183534599237706,0.8032207650599766,0
0.10695049844903304,0.3230638497613174,0.14307411761489308,1.2307663318356814,-0.06737064287419336,0.16680926243829505,0
1.9271333176194725,-1.5556607789051569,0.6447402506309984,-1.5357240094331184,-0.6953655639692757,-0.26137530720002683,0
-1.094525377200443,0.4742770729508624,1.7023433336270912,-1.3729765858473426,2.778167166212851,-0.6273208781592001,1
0.6418839245518312,-1.0750142481976466,1.4787072824782972,-1.2553598631049985,-1.2070829974407182,-1.4112302148887854,0
-0.3478156113567651,0.5519737648588234,2.6452616055230074,2.1857517615660442,0.8250454397225329,-0.91764383060785,1
-0.30308570928464995,1.6372617449252929,0.5718901898005907,1.352524789816244,1.4525331619271904,0.05867600445999388,1
2.246363426026937,-3.9987468947221174,1.2573881191422327,3.723252196181996,1.1305770641022383,2.9539062195110244,1
0.33413972935857617,-1.6044823778499944,-0.4991199998221436,-2.2944405696956904,-1.8011017942018683,-0.587618172520789,0
-1.4478565781759025,0.006887181890016247,2.438314486235954,-2.2629947351668562,-4.432868714285128,-4.770909222922973,0
1.6216165870285022,-0.936484522627163,-0.01778378503545075,1.0459918075184156,0.12575367208361765,1.104269927679351,0
1.0147876748837885,-1.058115573338254,-0.9185011802698585,2.444613364159058,-1.5047226390582666,1.2900090010923977,1
0.4854626346244413,0.2430768277984352,0.47945699712651335,2.0052247200742626,0.6339581192410091,0.6429326278673857,0
-1.4099378632381552,0.07784056257034,2.482557366274732,2.2313595433382885,2.1788577827641014,-0.16566329566079863,1
-0.28375969595450945,-1.752713401073814,1.891432299356509,-0.35681703565605627,2.637799527845,0.5507830576614356,0
2.006192200967703,-0.9032379234348934,1.1686400365652592,0.6202572703001183,-0.38975146938258687,0.00022017041253155623,0
0.3969741352317675,1.1084206505644247,1.0315625976156515,0.16050616000818863,1.1326969413681824,-0.4372482423857984,1
0.19378614445849895,-0.8167521520328997,1.020317875326716,0.41137839504030094,-0.7612118304832463,-0.5441694367907755,0
1.6070413402365005,0.8166735877914182,-1.1117604817563695,0.6688531499153494,-4.596479797452979,-1.276009239738654,1
-3.7525569834098715,-0.8070090318627485,0.32213167482765614,0.7587617706858107,-0.592543827638503,-0.6794408640199119,0
3.258829880899995,-1.693350769933586,0.301737982013785,2.1819859173777454,-1.4868717208464894,1.10809145477764,0
-1.1212554033474404,-1.0165840303678955,0.8850784631312738,-3.664424450415617,-3.693945104910221,-3.378798859608363,0
0.24816594163786942,-2.3439957976023065,1.4832582915730046,1.2919837021743321,1.3206137189709586,1.0571821239024426,0
0.3954541830692925,-0.9114653126785799,0.7153893411729503,2.6662769180015617,-0.9277319340904473,0.3855848612691993,0
1.6106801186406834,-1.3529866696580428,0.016695687838921947,-0.23748845525905504,-0.5269497522892416,0.5115900762076835,0
0.6792717160984338,-1.9273399568970704,-0.44015066747590303,2.076315734068185,-1.0049826331776828,1.373804352550823,0
-0.9163803497800909,-0.8878594195183317,2.320832201400163,0.45641160897476307,3.044517284700595,0.2619422019757953,0
1.334473072720472,-0.3782204094267232,2.4692428838448235,1.3598937067154053,2.750614839240873,0.5621761614440175,0
1.3162911181510384,-1.2010081003443607,0.3556836595898585,2.7687501084209005,-1.9730801664280124,0.4475674599722983,1
-0.18743046271932595,-1.8127077338683424,0.994221418333568,-4.84268332519237,-2.4188423974717663,-2.717014492991254,0
-0.9979242454947368,0.4081535391723796,-3.740777912954408,3.3348451844041103,-0.8988600647347991,2.7484048050347063,1
0.7176192744255661,-0.07332699216561744,-2.293737720256036,1.8914200124517542,-2.318217784131072,1.1735638761749707,1
0.46954000047902955,-0.34540055904147426,1.0429468523510617,1.7776110687909488,-0.9510822644717225,-0.33834607294791397,0
1.8224303370849202,-1.8731864534304372,0.1664081686553246,2.010717134560453,-0.4365551882788583,1.4343790487449444,0
1.1928885295143297,-1.463754947293903,0.1748560922954745,-1.1099082359506085,-0.827229613378293,-0.06018387972737632,0
-0.15724827900652394,-1.0153643373408034,1.3674908105690895,-0.7709310678740466,-0.9614474722994032,-1.244546986496291,0
-0.5976006610831783,0.9642087242751782,0.49103653936134206,1.1225726880058975,1.2824867084941491,0.16207815207472515,0
0.4998012699328782,-0.6655854052716315,1.3256871546612004,0.7446227692994366,2.025160383020314,0.7110554489001437,0
0.6237839139558109,-0.6571469485878996,1.62144045023463,1.6435134433852658,2.5535636434505964,1.0852095293658426,0
1.206774200720508,-3.1827785638299155,0.17191284518458172,2.9751431761324953,1.448589031615743,3.049486814993461,1
-1.155677974248852,-0.9886622536257529,1.551394892977335,-2.9036248592473557,-2.6887641794171806,-3.1018929472856964,0
0.9767102933339173,-0.08841976948711983,1.778808435472238,-1.6807579424791999,3.0432164028051822,-0.015455841284172323,1
-0.4367311957976072,-0.3084307524803803,-2.383904319391721,3.910968664691881,-0.579181295044596,2.5923585127352102,1
-1.5561616418221864,2.57395151513366,-0.4103308309263296,0.3361841614020068,1.8575661058192376,-0.04878493183193025,1
-1.9533711323920602,0.30275049045817104,2.6111800136658108,0.3974442998900998,2.8161086369604114,-0.7346553319246487,1
3.426471234929197,-1.748542483016994,0.14164659583459227,-1.1187297506643108,-0.2207973441877662,0.8084428393214451,0
0.9136696357230125,-0.05048728025343552,0.9647628660176973,0.9758662675399616,0.7945086348395338,0.2682083347346366,0
0.9509397904376421,-1.664251560605861,0.9853081460352401,0.7998686040256189,1.396389800266908,1.132816663607167,0
0.060462876208103866,1.3044330325561915,0.24720830488913503,-0.039213158648393476,0.5347232084681576,-0.419704618357949,1
2.292315365351449,-0.8923636988334589,2.618579541587726,-1.0158774624029812,-0.9473587786909592,-1.7012431768905367,0
1.2356218105034085,-1.94920463079765,0.8343175965543619,1.2700645226947895,0.9376323209178832,1.3321613956750964,0
-0.8613273441656242,-0.79825889888644,-0.5087447106171661,1.126300082035115,-0.7109649926576933,0.5004463648753239,0
2.1970825655866495,-0.9975062365108108,-0.3962781152547421,2.241180208816263,0.28292421049969585,1.9557230852917122,0
1.6214503964447136,-1.2023480201795795,0.5765242623779404,0.4534860047729088,-0.009583187863901443,0.5606310769538496,0
1.7742582508593134,-1.5230534834582408,1.573767132985561,-2.8029249508243566,-1.2882074813745328,-1.6134602179044333,0
1.3079344600566296,0.35714677844360376,-1.0577870285195228,-0.14271534179382894,-3.560200069073059,-0.9523338922556058,1
3.309945718282798,-0.965705716238833,1.6742500412627814,0.5271757180166847,-0.08056533711189506,0.0709228236318366,0
1.3212189171241355,-0.46420680849071005,1.3972157070375602,0.6333234858057737,-1.4482990991558107,-0.9668933319651625,0
2.3161988928672876,-0.45678209958859883,0.8997083318807162,1.8793325848313454,-3.658648623408195,-1.1084478512994926,1
0.12447046425683839,0.17820621672866643,0.2905332647307015,0.478584338096246,0.3982927344271818,0.11130130982924531,0
-1.0668907518522177,-1.2042179179975883,1.1800217540067082,-1.5267816794402291,-1.1113061870393803,-1.5455239960080607,0
1.1007730229729136,-1.4110435107056496,1.5410100751555436,-2.8060468556627165,-1.5789428800665404,-1.9115856428183091,0
0.7673913979130601,0.3237275575981986,0.820196725158317,2.014915660726966,0.41675733781099455,0.34132169500973575,0
-0.11791420274318609,0.0875212936819707,1.0587411991982922,1.8511632690714102,0.7605527785481173,0.2146426163080728,0
2.2653044810479934,-1.592936192516966,1.0853291338673752,-2.26547539045151,-0.970900010199229,-0.839220722049394,0
3.305171093577337,-3.2667622983324986,1.8129026403699746,0.9623432731572844,1.1986783448770788,1.6466324672043653,0
1.9749632975105214,-2.359866532483287,0.03943648219955653,0.6380941079779622,-0.31325318682362135,1.3541300324670096,1
0.12847558691921734,-0.20710973488159146,1.2421357452279558,1.3479931058583732,1.4185640112033897,0.41396263587566634,0
1.1809714461590664,0.12596073141275865,0.6907999187141045,0.7084010752479567,0.7530344920710046,0.32493354987024964,0
-0.7580481566618972,0.2624278548871609,2.9167497599475194,2.0571916495432876,1.79434100716131,-0.6367366610311064,1
2.138852431383193,-0.8356047937388686,0.31729318386810157,1.58870681860583,-0.2961135458796117,0.9193765551517771,0
0.8899975974224108,-0.9262038105850026,-1.5393401366108523,2.3595878814590416,-1.4577735772970524,1.6163753813784298,1
-0.4805757654900993,0.05342864858004037,-1.0250462607388733,2.196696595576878,-2.043817847205482,0.28289883621467804,0
1.588313936685273,-1.349485025342072,0.3273805621555014,0.9058009902519926,0.6551652270268025,1.244062825462462,0
-1.917244737182393,-0.3527169042452517,-0.5283611779428681,2.2538961149921137,-1.3080860530723386,0.20510403286044454,1
1.8200105004154294,-1.097584767699455,1.6916686528467677,0.20915835486552115,0.16476052173384326,-0.16947815188725435,0
2.683956776782722,-1.0322321057940957,1.444991661080952,-1.1091693779353466,-1.400266406623469,-1.0457482826380984,0
0.9269898481611881,-0.9274959917913252,-3.067482874258408,0.33686040627850855,-1.4820398877402856,1.9603286885453057,1
4.328553389945954,-3.658217499608304,2.6002678717066194,0.4092661695017238,2.420517412199565,1.8978792741758521,0
0.5769555118846919,-0.697151923633086,1.3320372235951867,0.6992525134687952,1.2709821785002782,0.35547380868470346,0
3.2232257569684384,-4.885127699162627,-0.8513582241083939,-0.5773643265939352,1.2724893345696606,3.5564242710416596,1
2.4046557943693783,-2.1532776472195576,1.5756771937229423,-5.5328023987175285,-1.8837102099865268,-2.414895319696612,0
-0.6302906157022787,0.2242245207796898,1.978640479727626,-0.08144360947617102,3.4821659235291222,0.1416881569256092,0
1.1542035011174374,-1.4291981414711876,1.2600275453405076,1.6802284932130194,1.7392836498371727,1.3514462265370222,0
1.0923412220838338,-0.6750197203194539,-1.229243089751793,0.502622180204184,-1.6898611387398512,0.6383919382283219,1
-3.0508703990847197,1.8994629775893555,0.4895292489160924,2.5627390205355187,0.6962937765175485,-0.5095614670645516,1
1.7480109194673235,-1.3260257776387498,2.3893372586274078,-3.0349431370128594,-1.5417198854605103,-2.4305124215011027,0
-1.751000638799277,0.3495959288524041,2.453725599928862,0.1878788118829715,1.4395512998344149,-1.3426953113227111,1
-0.5740233436862399,-0.36018668413292787,0.9447108979972079,-0.7759277978775176,-3.0988500332660465,-2.342657848555172,0
0.8645797468430343,-3.13676782424957,-1.4357517570680511,1.5528512538853378,2.6131551207480928,4.12116657945837,1
-1.657997720771252,-0.5968640590480486,1.3108525948792775,-2.1802929873440737,-3.306486412383054,-3.2619224375956115,0
3.996122103213089,-1.0099091321038325,0.07929686507832212,1.6210414971524787,-0.0723892824476493,1.6326089112304423,0
4.978594562371329,-2.4886363807727974,3.1214179630811536,1.0937716108433768,2.8611153856620533,1.658078229497598,0
1.075763839569688,-0.9818377719960769,1.4645273945795265,-1.24389062494813,-1.5138733882113355,-1.4969440860086418,0
-0.9714780203000961,-1.3008971645221288,0.48085980771963033,-1.4420333683568525,-1.208656514069777,-1.0482482660065076,0
2.357738883815071,-2.7600709195876307,-0.16286206196361297,3.930708456946025,-0.2517517709233571,2.820197392033231,1
-1.959678930078486,0.1633724386240598,0.18853983289827503,1.7650792091868013,0.2237779512942335,0.10319857363650749,0
1.663717763302538,-0.3619699475141799,1.5433984740554774,2.3751209717949604,1.347853844032915,0.8817035611273958,0
2.1739631841852285,-1.437547930840688,0.8286291094229041,1.4496162509424677,0.3795506905225883,1.1091411489506209,0
6.266845338315493,-1.3166229042253579,0.7251529749186705,0.601585588924221,0.14721267467483967,1.555679466082105,0
1.3865571456993009,-0.4929075171333219,1.81299614830936,1.0425324615308984,2.1701620033059275,0.6656745904860853,0
0.7794517862581757,-0.7049934230614938,1.8374306082620264,0.19037164427497555,2.5559334975582955,0.5222949425331755,0
1.014838110320269,-0.999671865078545,-1.3772934088661206,2.314493124032756,-1.7110199876618504,1.426630365658883,1
-1.5119450751962025,-1.0464783733179244,0.00578070035782563,-1.1304441210182492,-1.9311028843848435,-1.1917619518649887,0
1.7461467982662566,-0.9963140630623817,1.58592791864858,-2.800978109783049,-2.8041594797141256,-2.5669503078096207,0
5.343432168046187,-1.3360149582609793,1.434086514271103,0.19544382024165663,0.3792148265487032,0.8938413305061368,0
0.9972165570480309,-1.6658021765228694,0.7085045094199566,-2.346364162311586,-0.9598293213019977,-0.835805829019618,0
-0.19193575470872437,-0.7336022091396162,0.8266455343776784,0.4778783235150218,0.8258102422392164,0.2621996332052876,0
1.1592504423975314,-2.115506162171629,0.8650863773083262,1.4990503435023514,1.0637926815327865,1.4977194329857908,0
0.8755474838934505,-0.09298582858343374,-0.36958941471428475,2.602931888411246,-2.1197387663695233,0.2746710410099501,1
-1.4839383739344671,3.601046525354414,-1.3756348949902764,2.464338529776038,0.01926437727162522,-0.0024962252336477864,1
2.9022346011420552,-2.0640577295020073,1.6535088934764854,0.24716914201537687,1.7139635224175385,1.213343741893996,0
1.8237055364976689,0.5749066790884919,-0.03239434481103953,-0.8079620681801187,3.196336548391788,1.4393660269949087,1
0.6053974221423333,-0.8389370586850307,0.44563186568395197,0.5353462029560166,-0.20841363281485825,0.23168165143576838,0
0.005733407672612545,-1.150311354469504,1.4690114590693937,-1.7476653868064447,-1.368007763299773,-1.7392841697129315,0
2.123746700419578,-2.771094878234867,0.5607561427995826,1.3705098096334465,-0.14816299156770496,1.5209252344994129,1
-0.9130724420966794,-1.172801833589757,0.3979015834124655,-1.5179047333315876,-1.7036864140187618,-1.296528862538877,0
0.8624481352503841,-1.4191107813589852,1.016323182707167,-1.8838209073578802,-1.067123624740745,-1.0640009537875619,0
0.8918415641356603,-1.407992863417683,1.8207080851274307,-1.9943744331193485,-0.6877711977860903,-1.4439593899415055,0
3.872076280443634,-2.1235709048718294,1.855115524600687,1.8391869531770566,-0.026935222820436477,0.9728154247242183,0
1.8214169682706562,-1.0984639837973529,0.13622348324175504,1.601381849666247,-0.273541949657065,1.0940758847809897,0
-0.0424414715271364,-0.7170787259338536,0.36161071449153226,0.8573518783316101,-1.0602282688254931,-0.19710009860835753,0
0.6499813190123671,-2.8131554780162693,-3.5291511541631855,2.2262184964670437,1.9829944491843907,5.241197829521722,1
0.680940705630307,0.41170404193948795,0.47298702008833415,-0.09304631256925933,-2.669596621686572,-1.6584289660442313,1
-2.124800208251929,2.2486146864013987,0.5020042600923704,3.947746256281259,-0.6689841089177029,-0.6814539437560816,1
0.4059627730500681,-0.538681018230279,1.431359343308398,0.4722058138593075,2.7226840649410797,0.8214590005784725,0
-0.39029014662217176,-0.49006305825877317,1.3934497607401373,0.03923845025146222,2.0185906621897938,0.18797398920512942,0
5.390679171353693,-1.4945424760768202,1.9673706623429985,-3.6662117342643827,-2.180426359007768,-1.875859178147484,0
0.9863828026625829,-1.4858418607861372,2.5967630383521536,-3.977105390893401,-1.700068356465368,-3.037748090446466,0
3.6277578279607394,-1.425361008079061,1.9082518775548003,-0.641490257494108,0.35906634928803616,-0.005340795878951532,0
-1.2618530464769961,1.3559952859175017,1.351758736856918,1.5375811867917697,0.12628718162455943,-1.1145377262257985,1
2.9743522309980612,-1.3818547641774734,1.1843289085903597,-0.24670548016531701,0.17269998949084409,0.361632516714245,0
2.525521677622172,-3.149008740987611,0.25906962091370245,-0.2870095004347739,0.10820736867637604,1.5339658700112508,1
1.270744427383669,-0.652570528651546,1.2108041183692038,-2.5301728107476906,4.0029675511730165,0.8271157562729352,1
-2.866745460828784,1.5455468337039622,2.6093174257902296,1.737075641344152,0.31431197935139965,-2.179641611548431,1
-0.46208812370025343,-1.3145348011474252,0.9057515859551086,0.37739813413596235,1.395639161128054,0.6285277555527337,0
-0.23319967479368753,-0.5289460257961892,0.46515838168272183,-0.2999226715007576,-2.528932725020814,-1.462978560019305,0
2.3268191043032473,-3.1588941450565837,0.7074516578117014,1.9412577633212273,0.32198639863800194,2.0304934223496804,0
-2.7747104185392337,-0.5932838853639169,0.8747970950228892,-0.4564138679730886,-2.000758443813904,-2.007874790693306,0
-0.08788006160054085,0.5773601181615815,1.3672559513773777,1.0016890794846007,2.19899629154468,0.2437356837522221,0
-0.3460029145160828,1.0066722570092104,0.46024694039013647,-0.9324484225302383,2.7125573544591077,0.23935579866961953,1
-3.3330533725863796,1.375959052726742,0.02503201413539835,1.8316216247727382,-0.3078410219031964,-0.7763540503218401,1
1.893049594369548,-1.092643949668496,2.030986702473403,-0.40585219928289495,2.7642904023575707,0.6765791593658292,0
1.6346504158506618,-1.592743021551055,-0.16643787468434768,0.7661578824138606,-0.9751308511086092,0.8407278811335754,1
4.285298133035622,-1.9431158935525232,0.24512788506694705,-0.48376951000260116,0.8869528152717345,1.7295458835091302,0
1.116204418879121,-0.5663643949217327,1.2132445496243043,0.6757889191306172,1.702254848508219,0.689989607293316,0
-0.5137125393459009,1.7772224641942738,0.4246818911162885,1.0857058840861795,2.232255917998021,0.34850113668121846,1
-0.49730710391751076,-0.16739859215100505,-0.5842154876139323,2.791713323304799,-1.390268076322585,0.5859834365985815,0
-1.0552086013967745,-0.7730335512595405,0.9841516283367822,-1.6905190206444451,-2.6290471593173654,-2.3712821424536727,0
0.5132448570134205,-1.3415753665858354,2.5286342265960933,-0.9666000942567702,0.49353104087222976,-1.1062342485125103,0
1.0366234693939136,-1.117557985783868,1.1609545063042896,0.042972958581691145,-0.19142592836170236,-0.19456372588215642,0
1.2584820659378482,-0.738699037692975,1.5866172749538416,-1.3016187929538703,-2.2070417434374026,-1.9905867155318395,0
-0.11100084018130629,0.5607121491843345,2.2009515250936964,0.6465259796774783,1.8427937216584034,-0.5898876794712536,0
1.0577650302699975,-1.5146195356625993,-0.18449873399058447,1.87992149199837,-0.28703656775461883,1.4012720890638932,1
2.0773731455396005,-2.476331255259249,0.8698909147320375,1.8900912692036478,0.7771209085541488,1.8080107866026724,0
-2.2090904527590984,2.7283461764620203,0.4468248451849155,3.746793311506201,-1.4487971880830393,-1.2934202679085998,1
2.9829091066117224,-1.11714531295423,0.8347610039285248,0.06280595995414995,-0.5486855074335766,0.24055660278223606,0
0.7312081160456289,-1.0564418884823765,1.599942062699187,-2.5532848926474876,-2.319311844822577,-2.439510277249351,0
1.528015194431761,-0.7654500330627116,2.2685951542754337,-3.4157849464998833,-3.556427553018619,-3.713483923317331,0
-2.2755599850102364,2.0391928279696154,0.7210193454207301,2.8705776639197724,0.16588618451730652,-0.7190947696269263,1
0.7779512479097292,-1.035154762875623,-0.18731571081092202,2.1214739488430947,-1.046937986335613,0.8694268399351786,0
0.010869517347003033,-1.2224452325044435,-4.061885898488899,-0.6672759781186479,1.2328996451412761,3.534320747071842,1
-3.8251245254671065,1.2870911260548843,1.7277611843704086,1.93247843068202,1.4931705589967796,-1.0554570373762062,1
-0.4031779884931297,-0.49272407196416146,0.6635451910502456,1.6455829657723737,0.35584919042999796,0.3844273809524023,0
5.723669951804705,-2.0624563401414564,1.343881100379908,-2.274267843580107,0.2515828473873616,0.45179733316269555,0
1.434945635413936,-1.1520330956109874,1.965797942502289,1.2857182327248853,1.4637514656038602,0.5725888011886352,0
-1.8547059435793734,2.652177545650142,-0.28021274465186097,1.7830902590578102,0.6694228336797692,-0.32890467879231144,1
2.102603768349546,-2.323728656331464,0.854517648900704,-4.851063590796392,-1.2285470673480556,-1.3955379900839537,0
-1.7519308327559027,0.744418418000645,2.8512163977123475,3.373841972924934,-0.450879089892134,-1.6390333662297591,1
0.20675958260341976,1.4607383025002356,-0.8969888004549047,-0.9033191856989617,-3.170062891159402,-1.771098451131321,1
0.8044961680533667,0.7211099852967959,0.727260501594934,2.3456275520620036,-3.397813095882005,-1.4831452630554907,1
-0.36838753709124616,0.33635316753762257,-3.7602158904199396,1.2795571118222433,-1.01551503769138,2.190897310772463,1
1.2253747619638216,-1.6965270533993193,1.0687911341866068,-3.342955774033343,-1.5271792010073117,-1.613001167056912,0
3.3833207671832,-2.5040638024139694,0.059095739843127326,2.384333947061486,-1.548454873101869,1.6483274713459628,0
-0.7528706263819729,-1.2601724709644981,0.18883847318008584,-2.7680105627323233,-2.681721941318935,-1.9713596308824313,0
-0.7407740714628823,0.1230880925961384,0.1734666352496702,0.9813329859433262,-1.048755605278262,-0.4980988828838326,0
1.7459098047490804,-0.0027098683755117925,0.840998733191074,1.1527366480280152,-3.659004648840953,-1.5986179528132491,1
2.552819358132214,-2.4070621152266076,0.02918390584723607,2.408449265714985,-1.7630392446106868,1.3686781506938135,1
-0.449611323188411,1.7723174386837663,0.4095305294523107,1.4712460374845242,-0.5728646243509206,-0.8572988808381541,1
1.6397185438763182,-1.7375814030235277,-1.043214046116849,2.216007868058277,-1.1899385952427308,1.8423638508130136,1
-0.8036029152709883,0.0904042334924493,1.1171265214863622,-1.0854247075242012,1.7790755458808367,-0.4226490158465863,1
2.5191506211723573,-2.8721333889464877,2.1754245528647216,2.835105727553438,-0.19854621588817634,1.0291380018290133,1
2.125850546893882,-0.9777940058212886,0.7968619428101593,2.554010357667158,-0.13133596177816487,1.0507310642690026,0
0.4379397063998528,-0.7301204683471816,1.4414334745989945,-0.08538643781492472,2.6253632619806986,0.6686521928758571,0
-1.250466471333978,0.24339177120754218,-0.032587250084642694,1.1126608311885107,1.0141056641418256,0.5281062172596325,0
-0.40583722806713096,-0.9804196455091992,2.7451293313521745,-1.0055109674584657,-0.3719731109586393,-2.004807575463715,0
2.466247558088457,-3.226413111634414,1.449504012339173,2.7088002813239864,-0.5882184223449031,1.4063814746298087,1
0.8451229285433144,0.27177460874173187,1.6227556576966644,0.27948804524204307,1.5443903057896988,-0.1689702954038651,1
0.7733458076543985,-1.5562508818862804,2.808399808454044,-2.401890430277003,0.024819093187757213,-1.8463250773776971,0
1.9578826589717804,-0.29166178040638235,1.3310068672321098,0.8380176765492493,1.6350820283870173,0.6917327983493281,0
0.5362018307485498,-0.3115240551376288,1.4810546401035833,1.6818329234739833,1.004416508170189,0.2874448669589752,0
2.6173751086927117,-3.957453129442801,2.270066289094001,0.8639072957308747,1.7402291895909032,1.7116737964231663,0
2.5645874655247196,-2.040285543988682,2.7216332276902087,1.4572721104337443,2.0314322702973064,0.980972037635524,0
1.6504369398509182,-2.721872499833166,-0.06336339844123651,2.4510084620467234,-1.2447240980050558,1.6386465791775242,0
1.4348953173776582,-1.441882803301306,-0.12644971950173312,1.7074920042185018,-0.7779087266539826,1.1161715755875732,0
-2.991198921348631,0.6055492264919228,2.2069272032188754,2.7659863594490286,1.083710066248461,-0.862838970905947,1
0.8250714619309919,-1.0899018785665755,1.9232312780444047,-2.3627591486365995,-1.8599345182521936,-2.336306819238209,0
0.12302944024167206,-1.0533414668207937,0.9461950555235321,0.09506444054404994,-0.39070580278382494,-0.33978596863298327,0
1.4592770391059044,-3.093171147416699,-1.7304015378368942,0.4358607637806602,0.9655009042766012,3.25693192388954,1
-1.233364550154843,0.7494639591057645,1.562268929122703,1.4731155131722553,-0.2172075505729658,-1.194800894147758,1
-2.4299854001300103,3.233883422619161,0.1447811509124146,2.01837791538678,-0.7287376428186327,-1.5516182166576444,0
-3.1779916577452645,1.182880426631629,-0.7583812535475329,1.7659952749672776,0.7252828345019197,0.3237229422809861,0
1.3253575193297968,-0.3231967004750561,-2.0299703814132504,0.7114674916814971,-2.9186889864760683,0.5462578142947463,1
2.1115377544357967,-0.7591875965203632,1.8424359861624984,1.052230259816696,0.45302539035194267,0.06889460505265521,0
1.3963060980038653,-1.4001132951431061,2.230297112735874,-2.862939761145642,-1.2483284489411568,-2.1690016501322806,0
-0.4891716333021946,1.232992426584288,1.7426410638505767,0.5920340702664776,2.934051933201771,-0.11945287466763443,1
1.5994837587904494,-0.5461696348219028,1.8485977997543053,0.8446795394968841,1.842557960567836,0.48306002909450607,0
1.7617939093315096,-2.4207094310697093,2.042038930673974,0.9375203648285255,1.3922032231363608,0.9405797887322601,0
-1.0745108414873281,2.055708264505252,1.392281716013127,1.8415204682132287,1.548460647303098,-0.5941106831849932,1
-0.3680406460448733,2.1638347792056996,1.4379892304746789,3.2096142016360525,-0.24408845431845005,-0.9483668904570641,1
-0.8203924357228423,-0.9455905333997433,1.8008819341876947,-0.8677414379035986,-0.9164257275291714,-1.698576639859506,0
0.8338450703760216,-0.8730696525720333,1.9901808557891139,0.25912472449995505,2.067094031131772,0.28511137538444586,0
1.5008457140538463,-2.9159479989554162,-1.1651230202048521,1.0372473779530025,1.21727177629521,3.1405720117312566,1
0.8099540674585621,-2.107329925299926,0.20335004445900406,-2.0087908920407433,0.30984022579328396,0.35657504915254157,0
0.9927429762482443,0.06476454978268897,-3.1385605310119846,-0.16086539956416201,-2.84126230976133,0.8099578414832984,1
1.1612505471691565,-0.2422439522743518,0.5534843652141669,2.50889748313709,-1.077394390913744,0.25672609573656563,0
3.672610698089197,-1.4300426793509624,0.8808450868597268,0.6235557808825685,0.815885340502505,1.3124837462530965,0
-0.8232704129248426,2.0993537727152134,1.4655386849885153,3.603376906443439,-0.4438940162193332,-1.0002441476440842,1
-2.516232412149523,1.809275862499899,1.0628830249522145,2.8190847708427342,-0.408420086778261,-1.1952320670661352,1
0.5258738784692712,-0.3827849870401082,0.5968102003745664,0.8476130754479728,0.7919529905618226,0.5212823248222631,0
-1.265519810516265,-1.582388594497018,0.8051001392215846,0.6532104109913965,1.9353084582555171,0.9910344679949803,0
-1.5422234114634032,-0.09160625342311213,1.3168523665109753,0.5359788512241459,-2.4194708220567027,-2.131513773122426,0
3.1346467429607068,-2.434173773846766,0.9790877243809635,1.2387190915399342,-0.34784742217487863,1.174630387514535,0
2.476580928572133,-1.5783994360761238,1.8356715514922626,1.2379634210051653,1.2061768162481623,0.8935889376101569,0
-0.30662799579818256,1.792495548854364,-0.8551254987545462,-0.3095681906630383,1.1631564549475801,0.25529083099937533,1
2.5438575494951388,-1.7313514855423522,1.5045360589364114,1.244556845686399,1.6222827824081278,1.3882818995027875,0
0.38349339668855953,0.4481164256520307,1.7567091994619788,0.32283279804586806,2.6350018858511364,0.1226977943891584,0
-1.7633801567533625,2.619387795359712,1.5514246314216076,4.835441786377817,-2.9591830497115805,-2.264401432366321,1
1.1629221456045677,-1.9091688563755098,-0.1069035353433001,3.2762819847915217,-0.13969055315094625,2.0515728158398954,1
1.164618125091189,0.2091211337046126,-1.7905686165014343,1.1891394947428697,-3.0992101095324123,0.21466094228406418,1
2.3276813697349263,-1.8175555097863276,2.471654373664874,0.29211535092432395,2.2796282393068417,0.7518639042452149,0
3.6314642312825125,-2.8597416087728904,1.004193087683986,1.2223251700780988,-0.009138178580018641,1.5832683992862633,0
3.366085833481864,-1.7651575397819377,0.9637833534197181,-2.8399636265773824,-1.1409448247095868,-0.741168359311645,0
-1.314784030849867,0.003465583236594849,0.2250726713431549,0.9010348951549046,0.4099898343474734,0.07994146846622306,0
1.8503240240734682,-1.6943098445874964,1.5652970650844895,1.8307054964214962,-0.9653607508528881,0.13559951863152836,1
0.47590886385873465,-0.937317638615202,0.6252456607803597,-0.8991725320651618,-1.823971199282189,-1.1199340912648603,0
2.603733304220064,-2.110270146568187,1.6440298240958164,-4.356899326360674,-0.9611139672649551,-1.6094856707593368,0
-1.2865665661059018,1.9539886726588045,-0.3984498228067159,2.135178793501207,-1.3494312384075635,-0.7239243349246315,1
1.1823781111905365,-1.3339166961970013,-0.9448309047592728,2.3627093526277347,-1.7752767538570386,1.2921607837021205,0
2.043267650559828,-1.4583745071585912,0.3747883685880591,0.11439002311112345,-1.668947653834587,-0.03384509164009014,1
0.09923722651646982,-1.8710518196112909,0.6917602528560869,-1.7083007917607875,0.25615218268938555,-0.12749309951252208,0
0.7962751479478298,-2.100644423906411,-3.5669324314527224,0.021466654192986878,0.9244799572600546,3.7863539417596046,1
-0.7588863347967225,1.886130260915427,0.8751003707700584,-1.0195406418890167,0.6224393903993384,-1.5010221587707857,1
2.1464760493241473,-0.5446996245843645,2.39683069882087,0.7478127894186261,1.9622566049729104,0.25720837528222873,0
3.012616026151336,-1.3528298624422024,1.455236161104196,-1.277705474755066,-0.6385971268919505,-0.5472147315200211,0
1.03085767210855,-1.030856990970341,3.2395380109076664,-1.1994649830878734,-0.2035639253437872,-2.0058441254702233,0
1.3658555711347822,-1.1341079434099737,1.5975761813266534,0.25482566807341733,0.28926265448357125,-0.10851507522193427,0
4.798233976077529,-2.7404869074138465,1.087934936562876,2.495502854694193,-0.4323628592264712,1.9220872964387397,0
0.20999601117599087,-0.8240992350104046,0.8537806395172814,1.9250334872773611,1.4731640816284073,1.1428139734486957,0
-1.2668640233576733,1.8997842656270265,1.6439816073918754,1.32861337122163,0.7594467309722186,-1.284171486304362,1
-1.681397561243489,0.8578034335843613,1.3673664736798317,1.1094475592904003,1.4113152125396506,-0.529595177151303,1
0.9807158719706428,-1.3600236243050072,2.481087227858968,0.0458665729299883,3.1446041124493465,0.6352605731858938,0
0.7705573796853844,1.241336285251056,-1.7192820055811513,-0.11700991730324195,-4.291455874302741,-1.3183524255005286,1
1.6563312752344383,-1.1591533778839131,1.3533940064389236,-1.3025987898417097,-1.1707417045686852,-1.0916748467241129,0
-0.49215660408679984,-0.48977404404242386,3.233048069561662,0.4567959297031504,1.265767300431214,-1.2700691408171911,1
-0.05237559987652474,1.7203738528349581,0.6444192712301972,0.3392993922458518,2.7560327153017914,0.3289530515210325,1
-0.5117079568212929,0.5730210532600712,1.3193040541639298,-0.27617866763877896,2.454915301102478,-0.09860845417750552,1
1.7740283179626621,-0.15507030804713295,1.6576963509674778,1.187792436820716,1.5792319376495647,0.47306916091629114,0
1.1306207650630054,-0.652273179315443,1.7948215945844566,0.6885424462910514,2.2612920862302497,0.618717342672258,0
0.8630238260923901,-1.304644167911199,2.6876616188986775,0.16520132181685943,3.6947493923756034,0.7588088950245875,0
5.160009793458942,-2.1023296420333097,1.727281729793963,-5.232937386537021,-1.910898660451744,-1.9025059187425994,0
1.7438761373923828,-1.447219638451788,1.0184092059168424,1.3416367590467084,0.43590265258924443,0.8948275232528053,0
0.2403260948289313,0.32559523917584365,0.35677290773588943,-0.3447052458786255,-1.0055844468626238,-0.9132040336383824,1
-0.34725225576111063,0.6541752634387459,-3.836172753871863,2.108120104958158,-1.8978199078194895,1.9622620360311835,1
0.3535612255583688,-1.667911858869537,1.5229698700672416,-4.292465355588771,-2.072038279159474,-2.667931567400137,0
1.2793780967166128,-1.0446440784068358,-1.6188606129055838,1.4293653661422345,-1.7280960696466148,1.360115466672903,1
1.4648156837115764,-2.4384072829637304,-1.1399864277419343,2.3750569854458408,0.1119418988341856,2.8286526296132894,1
4.908300529544745,-2.8079783540792516,2.5299607169174907,1.2036321185669958,1.6643438162158453,1.6163113416985362,0
-1.4267804754974085,0.2849273115166362,0.29695300839030647,2.2277505122511165,-2.698706106955749,-1.1722010509938152,0
-1.651175299267769,-1.1941868130461468,0.6330347713006635,-2.535441206695281,-2.3130463284686846,-2.214384174505164,0
3.8973207251371877,-1.6130160340352084,2.562005462406975,-1.6684370427873823,0.4028646668032907,-0.6198043936626982,0
1.0351471105445886,-3.189369349501865,-3.73634989964201,1.476786371605506,1.7622093895873285,5.252441256892935,1
-0.28868248105613814,-0.5944956722346563,0.7139222114960195,-0.7709626385825689,-2.585553521651967,-1.7920195125517147,0
0.9530323014904537,-1.6194440315306244,1.0295354528491607,-5.664373011365134,-3.7682698288476897,-3.5087070395719007,0
3.041242716028815,-1.0817875760168654,1.6611382945388935,1.394972040705823,1.30809116813824,1.024843628840879,0
2.8056698909465014,-3.239392209399706,1.7209051226443868,1.198682428856607,-0.6422392768807687,0.7840606939730853,1
-2.1504905239414702,1.6958140007355333,1.4886481872757988,1.3704028005747177,-0.5414618356120942,-1.8923815170666893,1
0.5694947949959455,-1.458802729760315,1.3929237855747976,-2.9245943384493795,-1.5919151860492085,-1.945791668934932,0
-0.15167356062646764,-1.3233453944539648,0.7379485083877744,-0.15543006786013347,0.06672101266904584,-0.01120886717766334,0
3.827237270076372,-1.2520632838359125,3.2802672419769423,-3.898092066610997,-2.119347948327155,-3.1914301544392116,0
1.6382399290571599,-2.48423835350087,0.05208265678158708,0.7659368232604558,0.3286659846105804,1.6796865667153313,1
1.0699470555155421,-2.424322294981816,1.2364418418991545,0.3011731741526994,1.1685840994654473,1.0193473790139254,0
0.06886343701160991,-0.6721538969487327,2.420229935279047,-2.292417687536007,-2.6305639283281925,-3.327917184031798,0
2.4397144063011718,-1.3302085799858219,1.0151069425331811,1.5545865529293412,0.9112731609153311,1.2880763275480305,0
-0.2228771048781688,-1.0508521242178224,1.0256621138930757,-2.6766606085757356,-2.7250061442404347,-2.490012568718635,0
1.5667777362755562,-1.0460218563558883,-0.997912438897765,-0.8981432673798428,-1.7762299167469644,0.23046182813090638,1
3.395538218643291,-1.4203763183298885,1.034466515906924,2.0498274328222075,2.1478006784618993,2.259425411781549,0
2.1767928757872594,0.873289506648907,1.0981616048887113,-0.9703501021385939,-5.185271918712338,-3.454845378352527,1
3.431878213299245,-1.7766244334826822,0.4978356596502904,-1.4655195416825295,-0.2154247401331224,0.4764035749610154,0
1.3127429061394866,-0.8982963316141916,0.7830357582087184,-0.3980813333521471,-1.4736150043539942,-0.7406175980692375,0
2.152749116572135,-1.3262496457374706,-0.44482296302598257,2.744697675757369,1.646507160968957,2.9310847810843574,0
0.5402270299458789,0.06246655233962084,0.3695952895962553,1.615741549445074,-0.47313927174805515,0.1358270178510626,0
0.7148921451990535,-0.13156309790666598,0.6931344709948368,0.9565466006119163,0.8352764165028546,0.45269250587466986,0
-2.2707203600337023,1.6209867167938663,1.1362315703485184,2.6633574149092087,1.5006705788630803,-0.24826561810531156,1
1.3563703357176464,-2.267814034824093,2.4686218252803447,1.3067705473424565,2.8331554690669263,1.3354365634087064,0
0.9614089126889067,-1.1584476761405715,-0.7345200242951795,1.166445971138094,-0.29211952222091697,1.3689827762645457,0
-0.2620009848825222,-0.41529774361839267,1.8887927223618268,1.7126337976906987,2.242547129735737,0.509966926705571,1
-1.8388344511321326,2.0586072694707007,0.6162172771873916,2.5654741385224096,-0.4679437844873817,-0.9764028946960941,0
-0.1552254428213682,-0.6607284162409532,0.3985832127873917,-0.05832582261871622,0.6346452439799058,0.255651810382407,0
-0.21274569042378488,1.792615466593975,0.9886809468847981,1.4081206239794837,0.5637087805483912,-0.670193176026773,1
-1.6042364995264151,-0.7824180142822657,3.4338957210358356,1.8016297366525609,0.9054980777741465,-1.2451372578474964,1
3.4997510468215456,-2.0402801976362213,3.2700835571773013,1.1357601339968262,2.944474047058378,1.1431990097000844,0
0.1150901884533706,-1.306972291685523,-3.119077303018036,0.15955097660628748,0.3290405251795887,2.800251906714541,1
1.5522673744510356,-0.9156308331737745,1.282242907573658,1.3694535490525304,2.3535039426792395,1.4092006333754699,0
2.0538357201058473,-0.7646869683516122,0.24438908241463797,1.9130247447730575,-0.25934139575427484,1.0454997313343897,0
0.69296166551239,-0.6005817859085836,1.1816817348273514,-1.0771942508687755,-2.62141226275764,-2.018712821092021,0
1.96909921600832,-0.5981845285194122,2.27030574080664,0.3090323808297364,-2.8958729282392404,-2.1640760414127875,1
-2.2291201074032307,1.9908832044687004,0.12182313647348919,0.4531613234885703,1.5354157353062434,-0.42002799971707894,1
1.1190167693392246,2.2040030758307223,-1.1374366040188322,-0.9581511285549595,-5.334334034616006,-2.7887296353375968,1
0.07107973164019143,-0.026855716395021823,0.27749257291369833,-0.5117284658720833,0.9766586662989937,0.14811182221800334,1
-0.3774161874589914,1.0939759553226385,1.0588357438472011,1.2745325079731193,1.2821231549883958,-0.16948644902640686,1
-1.014170990794899,-1.1071990816073114,1.3446866864205487,-3.139209768123161,-2.692853754173555,-2.9695440832018583,0
-0.0970889122113201,-0.5569662755471643,1.1819194506199215,0.8803968822914454,2.012043547031217,0.6817564285810865,0
1.0146793755704424,0.18519056942208567,0.9205336964729921,1.658373476206635,1.4890074567536968,0.7816215394148389,0
-3.0222787820032955,-0.623099613859171,1.0349135433985523,-1.9683376243950121,-3.104775996382486,-3.1751392587215914,0
0.4150929058100362,-1.763001179769451,1.3698086345700489,0.173958724496436,2.431008837819452,1.1091907573718889,0
2.8434508825689457,-2.2823323921737355,0.41029935372099113,1.9534395305882346,0.20355801677730068,1.9293216474921566,0
-0.29320501517428443,-1.5323353854766606,0.2118956614326627,1.542998710799994,1.090296371578367,1.4352166508738642,0
0.8076743546400594,-0.7919616796251168,-1.654950117845754,-0.6133571034326093,-0.9745125174368748,0.8911277626721099,1
-0.8531396494822137,1.4867364436579802,0.5684396009899048,2.702436795358987,-1.615697543237515,-1.0334501765335236,1
-0.5417656893980655,1.4377423206223214,1.1473168316119935,1.9792336925716516,0.8620240449872894,-0.3702089480967786,1
0.31106469862404873,-0.16712646094532924,-1.2906150366494833,1.5739718530297369,-0.9864008586110553,1.010779635205363,0
0.8683784180082034,-1.8502761038240187,-0.40653200517375687,1.8587835726167135,0.2551282478437529,1.897227714039454,1
2.174067077066421,-1.0646088891505443,1.9055788054153702,-2.149625388282659,-1.8744340692305315,-2.004215475717101,0
0.8066655810248333,1.9143572881138806,0.9461952345131934,1.7859846279005618,1.3406944503666158,0.010613779232998888,1
3.850381789012386,-1.2562894235786883,0.6043862983826512,1.0805098578568066,0.5180485577345577,1.4654661463794403,0
-0.05278070077923802,-0.908757137294604,0.10350485595389403,0.5100262666648032,0.40204713028413896,0.6400857843241987,0
0.20569298876064512,1.750530914807479,0.9942989433063878,1.4168205626431645,1.7708892922069874,0.012162190805111273,0
1.4351837321576228,-1.7833212294215415,2.369168809340598,0.116374875365854,3.158444752429569,0.9958873793651812,0
2.4634981034228454,-1.279058269512856,2.9559997639542335,0.003922860510930715,4.040480789575373,1.005271323849464,0
0.8149165557043252,-1.052875495127752,1.752321321672577,-2.703285541270531,-2.370480027435874,-2.59789398339325,0
2.263431543226904,-2.852151104909006,1.9835282328653587,1.1418935234354202,-0.09010666257729594,0.5991070454000724,1
3.287118468052987,-1.76835475896559,1.9690694166409481,-2.7235806555442856,-0.3868381944629634,-1.0143024075493943,0
1.0840686727529651,-1.528597211873468,-1.6927196133330962,-0.023485812463897693,-0.2168504536905821,1.819404400615692,1
0.5072806171071639,-0.8816834114291799,0.35815155792978315,-2.8333629475919206,-3.8370879456199334,-2.56105997653975,0
2.7991533100467136,-1.7969479388113556,0.5600055702885287,-3.688838679906388,-1.9936324055917645,-1.263645880364825,0
2.7303251014615393,-1.732602893283015,1.2738683481432374,1.1293925003949303,1.015013660170509,1.2466329436118375,0
0.2775393133582038,1.0272549023680582,0.6300855565687223,1.8273604508378667,1.5446321319786507,0.5753695696458321,1
-1.3343110051502522,-0.35971123198777266,0.6167307804832968,1.5137343568385035,-1.2543983923281428,-0.643473629065267,0
-0.6012407715983896,0.3215914124166832,-0.1484894173385276,1.2381899028935657,0.20294711401748378,0.3512968953599642,0
-1.9813293179730174,0.570943343201291,0.38020531130516655,-0.5482509406014955,1.864692996829838,-0.1462192075239065,1
-1.116932700524802,-0.5497413633168343,-0.02478764697798974,1.0353869696276448,0.26595055098810905,0.4759386440359649,0
-0.4922912763725529,-0.4281424878449327,1.6297126888471822,-1.929624390424861,4.19930381772631,0.40242657267567794,1
-0.77820307417659,0.3425967062224371,0.25625100621576535,1.3608637681184703,0.8301258139645468,0.3846546599664842,0
0.8965824807535754,-0.9229344662969436,1.3502151192729706,0.5727382796429346,-0.16394876599315245,-0.2383470791591129,0
-0.012115820999692772,0.33697688372171153,-0.8835450628878938,2.0687776434082172,-0.6783529192125746,0.7894599669336398,0
0.898576395433581,-0.7400470633334448,0.0711870526174756,1.3827480087807331,-0.880430889575103,0.4475485274952417,0
2.1737974614000923,-1.6083834798118597,0.8381336430625954,-4.132183208138685,-2.6957402072540484,-2.128575989179864,0
0.2812579798043725,-0.9249925585973983,0.43100223492879175,1.1427947985637636,1.477333981481276,1.2227548651453515,0
1.7178309690967353,-1.336217301794744,0.2472230177249226,1.0801468185466843,-1.9423387501360074,0.11858885154388477,1
-2.2879380422809867,0.9293781128398186,0.8255365474237548,-0.4068136849394075,1.8799622063927557,-0.5881472181390348,1
0.40544631714987056,-1.3814261695354197,0.41779930357993644,1.7434654625939072,0.6836534306731594,1.2477921175473987,0
0.7089374021554944,-3.354974614629848,2.30843886954154,0.5123040892516516,2.6604668823817104,1.3996692455628463,0
1.9276964198377466,-1.0742850984681749,0.6806134490494191,0.18726543498608694,-0.5726190308340257,0.143993853374974,0
-0.7486007569961248,-1.3195239155813456,-1.0481253525600112,0.7283282851773849,-0.258159595412094,1.172825161224657,0
-0.9784567518235694,1.838492332918448,-0.49897254762334664,1.8234786603230586,0.7625826390691088,0.36848653001716497,1
-0.3192466866209489,-0.49650180305570424,2.3897524995695862,-1.5467355683101816,-2.4782637074750666,-3.1386344003110556,0
5.3878931797792635,-2.759655017952212,2.010549105136491,2.4491898501702325,0.7471416677786271,1.9953239151754136,0
0.4326130326946721,-0.818482772461021,1.4511350633757296,-0.3810668930350465,-1.191497116562338,-1.24452310971626,0
4.483893733878085,-2.989034065604371,3.230495766258027,0.9057401822288733,2.435118284030607,1.4185685249649898,0
0.7337203389267193,-2.7127672644641403,-3.3967430404591754,0.08870397306138345,2.362206028427683,4.620292259396072,1
-1.2025965995948382,1.9906769129967983,1.3505209891127954,2.5138261850262538,1.6262785343857624,-0.31052255418093866,1
2.2713562529050897,-1.2229556081284878,2.142457714330717,1.1257911298636019,1.5561585023908582,0.6434900278943999,1
0.07094857900416196,-1.0226177062361057,0.3093832375155985,-0.034683348219702426,-0.9916680385447392,-0.2761613200454931,0
3.2817595257939165,-1.7129825651999018,2.21822906332852,0.8694551825673036,1.7171169254988754,0.9825707059222026,0
-3.787073153426575,1.9417659400441176,1.999521798938356,1.8028090712591225,0.9449913347924708,-1.7920037507547568,1
-0.4598717282366973,0.9686613244945121,0.5211769990887857,-0.7252948671040957,3.587987735579701,0.682002703006894,1
0.3539129628811818,-0.34668680818123465,0.7778056760946321,2.827272835424909,-0.19401391219160802,0.5202295825530077,0
2.7112055870191467,-1.541551395822419,1.8118846588116455,2.2004254678892874,1.5338064018758724,1.412229688460543,0
0.2713202298761457,0.4025732575873442,1.5444566172067287,-1.118376105598498,2.388755714240489,-0.32911449592681685,1
1.9435011093069599,-1.1299721055782497,1.2944371177398797,-1.3046817636076777,-1.3187984878053711,-1.0795536291717822,0
-0.06542393373649702,-1.1457464755082603,1.8532944333996357,-1.2209131135270355,-0.6740257274264405,-1.501440401391121,0
2.2303286470864143,-1.4118400736968506,1.0436962023673104,-1.515249447314154,-0.8677555927904251,-0.5968081402649091,0
3.4763390180746794,-1.8754506886280842,0.3909288360968002,2.5558762139278546,-1.273152487894401,1.3892889271130806,0
3.0884668403697093,-3.327292449554634,0.7914182876387827,4.7847765709919585,-1.3829403954174757,2.292686745316596,1
4.5091416669064515,-2.7378168723348826,1.820263382543669,1.3137749901812057,1.2971429229342506,1.8341418138112415,0
0.6596411776319016,-2.6864152677927216,-1.6217800022378661,2.3530799892029277,1.1354974294035074,3.5707075740760077,1
0.10658986571602713,-0.2524424809405079,0.9970160456296043,0.12861402638999886,2.251708439341729,0.5953115602007889,0
1.4761116641210368,-2.5382565188095896,-1.2163153386251442,3.6024585773742657,-0.45895270243262765,3.0431855744170115,1
2.6799485821540543,-0.10053420963990134,2.276855594161035,1.816098177073251,1.877323523472512,0.5727255269431021,0
1.3498014038741244,-1.732680630273554,-0.4564860134087859,1.3657380456260326,-0.5544854251057758,1.4280092250066927,1
-1.9218579834966885,0.805002089116376,0.5341279235220329,-1.491027419197151,1.6386431059407793,-0.7433822385695822,1
0.8821720916062212,-0.7874341900443098,1.5634974039093956,1.365738429342081,1.4520999447055483,0.6035983514176133,0
1.6242856855175676,-1.2357677978480996,0.572716932994487,2.198161504575138,-0.9925756475784309,0.6684055826194026,1
0.543541817885118,-0.7882782221513593,1.639456227968395,0.6187915153391031,1.7575031887927661,0.39167938157880267,0
-1.3687916620234102,0.7090866754529115,0.008306492272683652,-0.0494253862681695,1.5663558592743874,0.18338030928071908,1
3.327256862457496,-0.7125719272623945,2.048796035926594,1.1454514270730813,2.3543372607407758,1.1057123432680593,0
-0.6876505762807761,-0.5826785287006453,2.8916547413151434,-2.814849304228294,-2.979558123194889,-4.161932552921641,0
1.8641413501729103,-1.3750768793705896,0.1744858427006304,-2.2228945947357963,-2.1086295386788994,-0.9421620366394917,0
0.9289967785641692,-2.139437255171071,-3.29969483505287,0.2361152279805564,0.3968736414026015,3.4670896796189186,1
-0.4306285244116501,-1.3600329688704638,1.3764894061322854,-3.053555251087446,-1.9152254238685926,-2.370985981835574,0
-0.025102620163579115,2.2466279509058165,-0.30147672568985207,1.9812271753168353,-0.38501024793707317,-0.23624754705456996,1
1.8992501798427859,-0.8858696242433199,2.135088320168562,0.9682220019629493,0.48395320410014553,-0.1280569909754744,0
-2.1742835725446477,-0.03873774922554851,1.583628800845844,1.7825011585165456,-1.2669987939091671,-1.491705231934766,0
0.6987845228421995,-0.30368999052013756,3.0814109130779928,0.6210470362544764,3.272581362945112,0.016189922632998677,0
1.17918404911355,-2.163710969352893,0.870101851142427,2.4400808661688345,0.1417002263378151,1.3773823145875368,0
1.471498376159293,-1.9634695852231732,-0.8583054097927421,0.31153293472662014,-0.7511017963988156,1.3701179240116828,1
0.7586332131764282,-1.6521499642081179,-0.00263080026894591,2.5275941587658104,-0.5400498551018107,1.364555150941566,0
1.9657561408554505,-1.5304008860009284,1.7082276557527645,1.2184380328549376,1.1318836545889606,0.8146033837106849,0
2.082268119952304,-1.3006628917127492,0.5643565424036273,0.5828959325058476,0.3406970950190147,0.910383262524457,0
0.9172187031357808,-0.6415491328158883,1.3085472868588885,0.9665674341839305,1.1621335165024782,0.4508398888530239,0
2.426773581300414,0.860839709007556,-1.713725135874944,-2.7791523214346134,1.8165681109951446,1.2448856482033954,1
-0.0597179874588738,-1.4554106641947426,0.7538946291021322,-0.9068500651647848,-0.2008616980775385,-0.3246127267893846,0
1.9114143468113385,-4.315906377871249,-1.4628579030458617,-0.10217637231080978,2.6384962440655793,4.287377951013289,1
1.1545825624643022,-0.6808424250572953,1.2688863225549745,1.3536351554998258,2.241017393726569,1.186723476742109,0
1.823631324530549,-1.1024689140058512,1.8638703902494573,-0.07734947494019995,0.038988103633112114,-0.4338691875178867,0
-0.9432586679744368,0.1342374359421894,0.603533007893067,0.32064042473485566,2.2194822158759493,0.5393894014739193,0
-1.0719117256971702,1.134086509131755,1.4542674132508058,3.490696780674353,-0.4384669663574998,-0.6952386607531685,1
-0.22384957777091574,-1.2899897414254067,2.578765338890621,-2.6180669719756855,-0.9957125601694155,-2.5621529961433476,0
0.47489902186656385,-1.5838022689571885,0.37978864093229037,1.227738743130252,0.007220533778836025,0.8720929921836257,0
2.508494338793403,-1.3567461126293592,0.3143498333827519,2.8688804786671755,2.293859139551835,2.86792266342147,0
3.8529902595027967,-1.157736600314729,1.0714094933962661,-2.418944310973604,-2.51071897308101,-1.4801170403187525,0
1.3660810319957724,-1.5556855197117858,1.4853255223681203,-3.5741636523098683,-1.8846339459156978,-2.162297373497619,1
0.463059843400476,-0.41662469696059623,0.024290902917815327,-1.7780206225247386,1.6664382180957737,0.468512228532164,1
-0.09978529729269803,-0.23862745430538568,0.011142075152384301,2.894574521625922,-0.895708150309994,0.574143031421619,0
0.16284201206016802,-1.69906695310251,0.22437465737573503,1.2597894302670227,0.23468135867475026,1.078046146485564,0
-1.6349552761670831,0.46548005152104976,0.6355681307031495,-0.7540012728146959,2.5671644264222544,0.06907161077175683,1
-0.05464305384342194,0.02380159901962653,1.8976269966778019,1.8504494128919213,2.6655469366720186,0.6212534913279255,0
2.2942660425094994,-1.3277816209856899,1.228807286343585,1.8695276875247928,0.16547757867170043,0.8595466906453298,0
4.119192344687143,-2.3118689860712487,2.8139351308724763,0.44311477761971607,3.1471392237454605,1.546490264924389,0
7.820795508017884,-2.8552575496266,0.525405825785255,-2.1679103495840226,1.9451292667468487,2.5728657721426744,0
1.0312265800838105e-05,-0.542513910440855,0.45031113199585715,2.5412493027231755,-0.05141727842160981,0.7184903202932985,0
-1.300831613402677,-1.264084046110924,3.5503895094750435,0.797703406618149,3.0937215639140954,-0.33977182802134687,1
1.571996889321722,-1.4091578541497976,0.6435386733376006,2.234958560039023,-0.2454724797302481,1.0528921747062066,0
0.9162121939442067,-1.9796571024487228,0.875211919152062,2.162497429823114,1.073990909136092,1.6094880951199926,0
0.5410927928526383,-0.9613119003711116,1.0317259190586547,1.212626759569972,0.4183916727382265,0.40473061967959956,0
-2.033688469060749,-0.2570015319378046,0.5122935847669178,-0.8019105756905853,-3.5694924869180347,-2.6252512492448297,0
-1.1246435431542379,-0.14660953128293985,0.8328492387127211,-0.14105313188238222,1.711042285835342,0.06776133307990662,0
1.5825472780153578,1.029916496303379,1.6215499598466585,0.8887215933482258,2.269464889100985,0.227469800615952,1
1.9765735554680104,-1.3198298273597202,1.8703097277813754,1.4238245733040622,2.0406445174439654,1.1329566824748782,0
0.5077480037583083,-2.1421257808484064,0.8226856632219905,4.159919804312244,0.9588743298140661,2.2199408771650075,1
-0.2175676765840444,-0.7439750816827929,-0.13701601664761598,1.6498960154856577,0.18892190111951057,0.9675719305890012,0
-1.87136548806978,0.17551286148680645,1.0274501147715318,0.00037037609478751676,1.3902036551367003,-0.4449485959800601,0
1.5133890818712707,-0.6164271313476762,0.17162546947277701,0.19919754245457066,-2.518586521024583,-0.721049174660336,1
-1.4659114189698537,1.837503488877397,0.38023241937131347,-0.2898409294498787,2.0548048067939844,-0.367882791130268,1
-0.5669577787954416,-1.0331468314186283,0.06774601237687694,-1.982483069825673,-2.7510123781601425,-1.722778842925832,0
-0.06271432279361733,-1.168978008044027,1.3647899104999497,-0.06912774701591862,1.9425056910100935,0.4679781738000467,0
-2.296246961000464,1.3257956420637,2.0236783556778746,1.6790039150918372,1.3017986437368028,-1.1360515339775763,1
1.3927094461282181,-0.443334238436771,1.0697186803541552,1.806524631101771,1.2629459094025832,0.945666869936573,0
-0.2728401740018225,-0.9921642407090385,1.223408457332606,-0.7493172161942083,-1.0912033715871705,-1.2376527435737699,0
1.5340382179779575,-0.3407233167017093,-0.39181892820553266,2.200629765433708,-1.4033029148943377,0.7336117638188291,0
1.5924592280540673,-0.21493760142484564,0.8558383560755736,1.2426852210869286,0.7204193114579974,0.5905598674696214,0
0.21453356023600145,0.022881063506988042,1.6550126226478894,0.6364679314617104,2.54215924996348,0.3807900641529105,0
3.3679876758688327,-2.3602076899579405,1.8894612245682914,1.8854461798436133,0.9801072652703888,1.4450977328351102,0
3.5838107726466384,-1.8157123990838229,1.1515061868086631,-4.073913129365676,-1.965884361154095,-1.6007258675496336,0
0.49826284510583385,0.2704160512864602,2.36698597329365,0.19508432079684268,3.120948479189721,0.00779497105635385,0
-2.6009121238770594,-0.6974669562872204,1.4210293038704906,-2.8763544500756684,-3.4686919104095595,-3.78658909250625,0
0.28046971790417274,-0.9178811231032091,0.9915666780130831,-0.010448318113167376,-0.8596799089498818,-0.6526841220963876,0
-0.4144435902457473,-1.499501438408651,1.9234713589125865,1.374261251622929,1.822751370915919,0.5720471667337319,0
1.1488592841811471,-1.6676271883674196,1.4218241228470911,0.9952554619858728,2.4718581086692253,1.4697170448133403,0
2.163977556511141,-1.4313918250692481,0.006573346958787862,-2.0312656179618305,-1.9107585534077687,-0.5920565493030973,0
-1.6249078261264676,3.3456220388604674,0.4568649681873964,3.8720230699475566,-0.7785592964762744,-1.0629234743899778,1
-1.1150274212851574,2.1408392459544574,0.09668446971398192,1.9484960245036569,1.263243129706755,0.11292479319945192,1
-3.1255477900328468,-0.7694720110667546,1.7262899243163181,-2.0459168353941077,-2.3006018031963658,-3.229002597892382,0
3.2199379977307734,-1.518065460971383,1.6140214825730215,1.8554739929704924,0.9065025019136461,1.2190306719851551,0
0.6460658237367621,-0.6262999040559513,2.0420343497972695,0.9870563923923232,2.6493473844794058,0.6340534573390484,0
3.285986625345445,-1.5065754248880603,0.457079377730759,-0.17054620916681484,0.11261591996316866,0.946661718152537,0
1.7874789619502296,-1.6759564734170538,0.873388381853702,1.8459044046260087,0.9032952847357434,1.478766900783389,0
-1.3393134467616834,0.49795090871323033,1.0828376233717196,-0.32935352981077437,2.3868039353713213,-0.12827450241203087,1
-1.5678967236175994,-1.026779402056845,1.4344884312893316,-2.354512591455447,-2.140366489315564,-2.6486131113622413,0
-0.23648641004126092,2.2611197481823084,-0.8028320881715483,1.1527297324086963,1.8534312737228886,0.8583488390142819,1
-0.9650809346308622,0.8156305345240167,1.5203123404402406,2.716619813837581,1.3953427924434507,0.043144050305622184,1
1.7173532060374312,0.030896002211088458,1.4614645530088257,-1.8986085367788346,3.503951496881392,0.4452881491993743,1
-1.0973496328078678,-0.48529847923738856,2.0707037216349784,-2.1783849445848436,-3.1946870616921377,-3.639385451954665,0
-3.0323060571898974,2.1374163896803604,1.0551547616075951,2.1917529298712424,-0.3751689099144313,-1.609954057519266,1
1.750481157425344,-0.9744845842036037,2.419144858676594,-1.6850368690550956,-1.370375128018738,-2.0671980593686983,0
1.389137980587102,-1.0833890504409234,0.9888982003509683,1.6292086435108657,0.5077201898648113,0.8281698809878805,0
-0.5022092569514556,0.6909473381351809,-2.0618791742830265,1.799049653859115,-1.6461226461188194,0.7716879832908412,1
-0.37602080016179573,-0.1328418586143958,-1.9316111484354175,2.2670128339136686,-0.7373636723722083,1.6274515154091018,0
1.1072734407001545,-0.7012300991976057,0.5377156940653447,1.9015505853063268,-0.5097949035405396,0.5146049251471569,0
-0.9177849412688781,-1.0012203214220552,-0.08973810355694511,0.30681704967520074,-0.9253202883087828,-0.07585994571419916,0
1.342150624662219,-1.8387661345354935,0.12769814674497604,1.8546973897168573,-0.4638640905256177,1.2868696071672838,0
3.1603831067525827,-1.7735288065245198,0.1629333986573912,-1.9493112534681887,-0.8335300728064874,0.18555084739397054,0
2.1536776034425573,-1.7417360096664385,0.852552002427592,-1.7926997076063804,-0.26603106862414405,-0.15546781570447066,0
-0.1881862781849848,-1.0029493888562626,-0.1338125420182532,2.1569426990785483,-0.12208294227334648,1.0878899371242003,0
1.5810971052883414,-1.1360091950514684,1.5746265255689162,0.7919435494923752,1.7232201530727456,0.8175492571691887,0
1.7233832231412927,-1.066913830613487,0.3401007071830211,2.1719905283538328,-2.2688966569358726,0.1490828712532445,1
1.7420381396040647,-1.9834516250902665,-0.17762748297675857,1.2534400779955468,-0.6448558723992615,1.3415156812393745,1
1.4594226269326673,-1.1427826930091207,-0.08407725312832692,2.1487965722517712,-1.0367581155378751,0.9933458821222452,0
1.9829503140165081,-0.6487214764412527,1.2879423951756352,1.4733824388153116,-0.07478505241165734,0.24596262669473018,0
1.2382116918051722,-0.3750973430046972,0.3897538022265028,1.810540561989031,0.47059918248688415,0.9534362076315875,0
-0.7105448714594049,1.1894345305142955,1.5476337119038075,1.0633368716981078,2.5854186167305198,-0.03350741360354614,0
0.07509845113604352,-0.9946478605708534,1.0930810733159395,-0.4940922592993111,-0.9752506547866815,-0.9428769807698845,0
3.849710273418553,-1.1772693602430409,1.6271773828993539,-0.40033741381205956,-0.3484249919746313,-0.13793679551176885,0
3.3832757711493624,-1.226909709633253,2.5725161927298856,-2.571458751549427,-1.450895337193545,-2.0704695448499897,0
0.2783925978610087,-0.8724557650213203,0.9757301847352198,0.5474415673433429,1.672125658768639,0.7441154917606838,0
0.6852958414912331,0.11739202737554733,1.955680813248402,2.354756351629092,-1.2318238806460242,-1.0264449282313557,0
3.4937437424200626,-1.3047582382701164,1.7035473783860393,-2.822456433712304,-2.0031811489945675,-1.794883335596288,0
1.7313328917688788,-0.3374835520777033,2.3875358860459452,0.7108120948307742,3.467920650927894,0.8146062822421821,0
2.2680505701850047,-3.0982806911929996,-0.7403370589594838,0.7387143225341832,-0.1966125304950853,2.305589982452834,1
1.6171142761156785,-2.0487798346748898,-2.578092091123404,0.762189750014157,-0.6577094112565216,2.754910318551311,1
-0.11515464512882811,-0.5467340113283597,1.5474138320249071,2.072702727443804,0.25912871573635154,-0.026117654641103827,0
-1.1552511934203324,1.7149603169364527,0.5803804861602331,2.4762591320838805,0.40690302018661395,-0.28743954990781395,1
0.8184136371086229,-1.4671251731686308,1.2336211032382431,0.8092794133338985,2.2025910863530176,1.2580721742153016,0
0.9010372031032963,-1.2729486205336658,0.8021672700760336,-2.3231053867344884,-2.011265968057708,-1.572158501478063,0
-1.7882699446767514,-1.044146628294551,2.185129281267251,0.9869216840178243,1.4373676061347873,-0.3649512811391107,1
-1.913655547662656,2.39432030985929,0.35140105225955254,2.5226577493810423,-1.417874619852352,-1.4226728360802334,1
0.8913567759949376,-1.684076229601006,-2.5024640753020204,2.1089354346636666,0.06766085906298258,3.2048089402983644,1
-0.31436168100740636,-0.9057041256766043,0.8305494772563627,0.82608289042561,1.3396288542930281,0.6646124358595271,0
1.1840065044124781,-0.3914240957511107,0.89754796600289,1.6751636628458528,0.3118384875190606,0.49456252910805265,0
-0.4883558724470123,1.1059105780057559,1.3266521627298888,1.0609456842092615,1.3369961026830797,-0.41517783796704927,0
0.002809022609880696,1.620590614934961,-0.8665267098922831,-0.17682372373073107,2.5095699100203754,1.0859725252926182,1
2.644696977193788,-1.873608408369237,0.47017538447808993,1.6207115383040085,-1.0321721017880479,0.983850704822449,0
0.9750899026657014,-1.2373075262821858,1.5895739461359333,-1.3599765255751737,-0.785344574514256,-1.1839555601778726,0
-1.7128159879985567,-0.07564260037092208,2.221730779666016,-1.4776313652498327,2.6748467124929127,-0.9586020683058052,1
1.4396054211754614,-1.6807598219580462,0.7022532811045117,1.6445224040138922,0.24385629245632146,1.1399093425873454,0
2.2623603744731335,-0.9045628795575527,0.27212786370053166,0.9609170957305042,-0.6803031680894152,0.6113103962014396,0
1.5856850745114512,-1.5200495501074265,3.3611969342488432,-3.308080606835603,-0.586541765025362,-2.6522453798172614,0
2.6437956275328176,-1.1018462620092493,1.0043279517684398,-0.8231351596818874,-1.2261411287108048,-0.5595026429139351,0
-1.9205892255120558,0.2049339571561486,0.4039195817465544,-0.5182877907432177,1.6231030906321076,-0.11228458499042404,1
3.803135447533289,-2.0735024521870695,0.10536107633834368,-1.9240896705408557,-0.03326477952360829,0.8645650442526238,0
2.287535357597564,-1.1374914960857745,1.6994235534030966,0.889872799005386,1.5090791429103696,0.8048819996802147,0
1.2441114009885874,-2.266530527764571,-3.641097748968539,0.0704231499849437,0.43421795299979093,3.768616450199249,1
-0.5912015436139264,1.5032065766811435,0.43621352240886313,1.6894519876061544,-0.5483909940378557,-0.7140867067721363,0
3.8933233849388404,-1.6100996371824925,0.7030888307054174,-1.5481697949135163,-0.6792738945173344,0.11648501179207393,0
0.136794797556131,-1.0727371111750437,0.4054172902632872,-0.33202109316624673,-1.048984137014926,-0.4306799048606197,0
1.648800385359839,-1.3387916235134303,1.4835817860763174,1.793855207223137,1.1704188423538606,1.0291217131967343,0
-0.4961918127741325,-0.9061133348124887,1.705105548213909,-2.4820407262758333,-2.521456011893342,-2.886625265335998,0
-3.2184919585814895,-0.9710748260612573,-0.063629093725184,0.5133232136207105,0.8883409468447451,0.38111437082651106,0
0.26801597853141146,0.798462417697664,-0.19794617327154107,1.3056334006628292,-0.18511449229872867,0.20280467034762417,0
1.228177465959761,-0.801060053303748,2.1938782702631205,0.423124034748077,1.6785534523416268,0.06666920070333693,1
1.542905925862509,-3.5673064399288545,-1.519179461728128,2.329305151759918,1.1050111955433461,4.004150288018282,1
2.3524940325755614,-1.5251927110845394,0.8647186908962059,-1.8734508089260649,-0.9737996718455573,-0.5776745521371311,0
-0.1149361247198859,0.4222865084887263,2.8376186278773,1.9728177874727553,1.5266506397290582,-0.6766891044485336,1
0.20076802010873718,1.7506822100524726,0.3353887193457705,0.37712810882630976,0.8847487982241526,-0.3215579985930406,1
-1.3016874329383545,2.2985599981400298,1.0215433185609577,4.131300567177908,-1.604779740818426,-1.2716949504308488,1
2.640221656660642,-2.2345449229846377,1.329236095237472,1.6102904942791072,0.36456138301366914,1.2322602542392969,0
-0.8383969858257232,-1.873272731651566,1.5094567441076518,0.0520928072811746,2.0531814417367844,0.5894646501090985,0
1.984520344529366,-1.5935587331375627,2.345871551114902,0.9617981535482627,3.1027077672014194,1.2931525599646796,0
-0.5296625937467626,1.593366273120746,1.534806063499654,2.8887485531917263,0.7394884822846284,-0.44784513416156496,1
-0.26821062532375306,0.6493236545999316,1.233935718428435,0.6500714549309048,1.9300970910582844,0.02298331739793613,1
-1.0225860823117907,-0.5726435114060838,1.8397269853328089,-1.2719745634204602,-2.3073588684575306,-2.7150095532932967,0
1.5605425327755889,-2.1610708578467364,1.0273165896375243,0.5384272037683643,0.6206921717549868,0.9627512969944811,0
-4.024710843781136,1.5443683829382957,2.248998712540872,3.462606074816287,0.5486327613065973,-1.4989613254035046,1
0.3712706800757456,-1.2186413877236222,0.14676625229555307,2.637901407200016,-1.0053620351256765,0.8291355864885787,0
4.0285063964754535,-1.1237687318642904,1.3176252482262731,-0.7622493221199762,-1.0293237675222506,-0.36657331033529095,0
1.0442566238921487,-1.123037679907529,-2.1447378124611847,-0.9862196733776405,-1.3875283561733311,1.0701840685778508,1
-0.31033387422291514,-1.3795236378056155,1.7531717887450837,-3.3998138156608873,-1.9309915174839918,-2.7070864067459435,0
1.021315978760111,-1.1801243456430606,1.272317242604665,0.6007916667068364,1.4042940192844047,0.7061932727217323,0
-1.1531960747253887,1.6336709332109178,0.790332261424076,0.7400861150522922,1.0730362814654224,-0.6348631461099533,1
3.8612169077980596,-1.7783095450835509,2.9112054709526927,-6.3732996328641836,-2.9791248715517282,-3.9536298794963587,0
-1.4961966789820123,2.2457453529427176,1.5634654059484563,3.516257799800662,0.4991442280029261,-0.8287727875330726,0
-0.16318055083171967,0.4320443919450696,-2.1764750543913434,1.7263643257213301,-2.142871007358638,0.7529725348315468,1
-1.0961169374562596,-0.7039129764205594,1.6411848665868838,-1.355071104046234,-2.1184586407976136,-2.4829794398010696,0
0.9771849435181769,-1.8237696273669526,2.0704395517710323,-0.4263527597751715,3.6891913460715915,1.197425014956023,0
0.5245247642789262,-0.38922910386078,-2.006968944731578,0.020055756944559855,-0.9677122492888846,1.1162731493221647,1
0.6340289097048837,-0.34036526485097407,0.23128245075440956,-0.6841972052617258,1.4064351227971632,0.5658821240167895,1
2.074512235212761,-0.8087835228358271,2.180387633288199,0.7298576154252394,2.349052704998865,0.6705360727621298,0
0.4627423431872917,-0.9458267733345675,-0.786009776563524,1.8089277565005855,-0.24113174750472044,1.453026999282325,1
1.4979429225681904,-1.3441269504964253,1.745316959221102,0.7553492882625839,1.6387056863265599,0.7182127174326711,0
3.8576500896578354,-1.7672637081006717,3.0899332901647045,-2.938074418782443,0.08583745703377188,-1.479414922015801,0
0.7383059558457474,-1.5803469726460828,1.244932032781877,0.9847865470019845,1.436913071259532,0.9663576076327489,0
1.74009343342453,-1.3732280521728022,1.9320419318301434,1.0655025935056825,1.754004531451519,0.8115323316866319,0
2.936473866853001,-2.0262036385350553,0.3431111636575186,1.8483517666629705,-0.7243266712337297,1.408343765728002,0
-1.5408071593837689,-0.5020745034123733,1.7040338684210252,-3.9480376608600287,-4.877708433282995,-4.86792864679027,0
3.431605224664171,-1.6070707523944623,-0.5418876037011062,-0.8172379927814264,-0.8030378445851596,1.0195388032659114,0
-0.037929047996104526,-0.2841742108001285,-0.3404871762876793,1.6214675090360473,-0.928340418256917,0.4063978988870277,0
4.289603709932575,-1.5031989920883406,0.4793475402139328,0.8484478603204944,0.9165613447037351,1.8497082441571129,0
1.4191123755635369,-0.3182355959119608,2.6001223053177673,1.1402890044049279,3.2895574497780933,0.6584259541881634,0
2.5963760080202274,-0.3291318766566448,2.506839401225502,-2.2749129932854313,-3.7715504451382,-3.5633588275076336,0
5.6560764012687095,-1.8664857805192807,0.6883065540274252,0.032924238051084576,1.2774104179782482,2.03701542180809,0
-1.095012157581486,1.3833865666061989,0.1141091460209207,1.566297768020462,0.2557969079554514,-0.20656035134649892,1
0.6414444019018085,-1.1092426760216356,1.9079064622821007,-2.9822753599245844,-2.3351940459947436,-2.785978910294749,0
-0.28342903573493894,2.0012984991507574,-0.32152514603106686,2.3109034535936654,-0.7422850171022979,-0.24320333714488174,1
2.7248132631962565,-1.3004758685058029,2.0367945819936577,-2.285132766337163,-1.272013056416398,-1.6407302392671694,0
3.728085485735223,-1.4927682196893004,-0.2115994519029052,2.389333467180783,1.8338888296272153,3.131907138886481,0
0.9501061037160641,-0.9964819428554845,2.1390635635754207,-2.3310905622377693,-1.9769254733906485,-2.536471274235681,0
0.5781373087395604,-0.6975133186434619,2.2956193072185,0.4276607738321674,3.807421418267073,0.8599429459987533,0
0.6749058980094578,-1.2374360336323715,0.765007905323091,0.5551354852179331,0.5006160827061353,0.54190786647265,0
-0.7039504381237303,-0.8649920122571406,-0.6144617009512963,1.0892325097414357,-0.9918750070192801,0.47979289988867807,0
2.265371360830594,-3.3599201688375095,-0.6350459379066837,1.8526073691656926,-1.2842177614204808,2.1752240265373697,0
-0.9141557813286059,-0.19086838588499244,-0.06778494438432059,1.629170691258229,0.08879627572381876,0.5100908839682591,0
-1.7419866667442288,1.4412029376770974,1.386855597072532,2.2176236572729167,0.6892376524652167,-0.7738254979755623,1
0.8674006661899398,-0.6767307775219447,1.5886577805237418,-0.8168221821170352,-1.9309918430703825,-1.8033163466793884,0
0.780470829382118,-2.884978137057921,-2.087402617231844,2.1782732169377734,2.1002746073334815,4.3887234623551095,1
0.08388591586959993,-0.7503532301554636,-3.0313875899886984,2.203113229894632,-0.15465314501354555,2.946563055055152,1
2.445971894122364,-1.6039938548785397,2.4996670759785182,0.8673753920883933,2.7850864430722257,1.1037610562030042,0
0.4767944134590564,-0.6581333399356122,-1.0995985681506002,1.1922561109422098,-0.7197529650554901,1.1168669830042333,1
-0.05863199214101855,0.45082689149196353,-1.624802292761315,2.9260102592027297,-2.2177162833236403,0.7570569328823717,1
-0.7338573626029514,-1.2644560847261515,0.7723743011459051,-2.2816235441464796,-1.879031691818807,-1.8036635209726373,0
1.2327150852107505,-1.6508445963209009,1.0081657606713414,-3.647684596015973,-1.9629830906729104,-1.8992870399053583,0
2.586488491828059,-2.0530698766833093,1.2627656190161278,-2.7691884353030627,0.011630649242545532,-0.39912676568474437,0
2.0114621025861483,-1.6762913500916006,0.07517549851038097,-0.2602045164609049,0.39400158647163686,1.1181533286806853,0
3.1835823219055186,-0.7890688329164723,0.09902397273234653,2.4637577220332756,0.10091907868877614,1.7283092976974908,0
-1.2382077222613308,1.5767900821500045,1.2474058427248178,1.419270174524525,1.9250548986018832,-0.29750056457593943,1
0.0640167146723214,0.39599570464896905,-5.266208920095737,0.3934134370769541,-1.9891577692955589,2.485156127031942,1
4.627697026636017,-1.6396404675749192,1.4831276691158255,-0.823010020133393,0.46737978526683466,0.5509855434473914,0
-1.0596549899895793,1.3035241659865004,0.12347842360010497,1.5995624842703946,-0.09144187858173347,-0.3311753537744496,1
5.9446769088232685,-1.4158813185900807,2.428743053815241,-1.8177091028407746,-0.558354880006573,-0.7158731630352326,0
0.6763908799950662,0.7845722100761097,-0.053029979596199706,-0.7799451855927126,1.9902775577512573,0.5682570982060757,1
0.8010332486812463,0.37460622006543765,-1.4216863072461714,2.9956768824455784,-3.2848814851980053,0.3314462711885824,1
0.216415706699146,-0.10708266522978249,-0.12797513306363384,1.3371667081343979,0.35683293769980795,0.7761270729105529,0
4.41926098387485,-1.6239320209883976,0.005238379475371424,-0.6414184064815275,-0.3391424838571868,1.1441764824367384,0
2.969808447825352,-0.9581354865135581,0.8409502291054463,0.717484394807895,-0.4364122517286001,0.43797965486386775,0
1.3481988842197088,-2.745239102486213,1.9774140782891898,0.6167479230948375,2.7498349028283515,1.5808592582957732,0
0.5212324238812536,0.5066526322974814,0.5900218262817515,-0.28940199778092746,3.1495628313075636,0.9438810408625143,1
2.002920036438416,-1.5080536698642675,0.6861059540816783,-1.814635497630687,-1.0559482939287403,-0.5571273397838511,0
-1.7317321516814257,1.1395995621122417,0.03889645823464627,-0.21914607860437352,-0.09801720936794833,-0.9383043379282514,1
1.9225911736274628,-0.8568614303907629,1.3112763403065615,1.7131730709548332,0.6389893188230665,0.7235956929907732,0
0.7914749061554216,-0.4313938657218933,1.8186692782380194,0.24561199003113587,2.6102402086006924,0.4732096041235253,0
1.7540174246405482,-1.969621696165981,-2.0733440490302506,-1.3153589253113669,-0.7554696022480041,1.6971255723318939,1
-2.2018073375122436,1.6704234289259292,2.4014451180055936,2.2590467580779365,1.0902077620119672,-1.415557819713941,1
1.1663101812636485,-1.8761084996632307,-3.437344421707946,-0.5873866215790469,-0.03609550374425052,3.0241687980208942,1
1.4937882893680166,-2.1109534949244315,1.3223711888499288,1.0461660136736095,0.9830382431818965,1.0757076187003742,0
1.5914420198277042,-3.5042647300625407,1.865256894826127,3.1636085143774877,1.4439385377000558,2.198540111592302,1
3.8221460939998386,-1.39135246229106,1.1911464510771712,-1.7531119339034074,-1.1763198543653155,-0.6116520267222604,0
1.1832265142365879,-0.6360532347333278,2.0348236252304215,1.3979489418716926,0.1302483975477664,-0.33452003681055964,0
-1.2074536548327846,-1.0812258072506953,0.9195097069808003,1.0491691401696601,1.1401660322745024,0.4738561467169454,0
1.3285913724733518,-0.595754518184293,2.8824813703395926,-0.2889188488779757,3.703202453695699,0.30010734267124173,0
-1.8795984657666105,2.43187004396408,-1.0084742322721305,0.8840303319517974,0.21931306684497687,-0.277588525293766,1
-0.07579085001296426,-0.41711999215735973,-1.6968770983968622,2.1240642340306723,-1.081504052759917,1.4323026709229836,1
2.669159854628356,-0.6502742038904782,2.0946927774230915,-0.24643925159603752,-1.3459959597157414,-1.320211266317593,0
-3.0630320747654514,0.8866232996604111,1.3532387375409576,-1.9038606098581625,1.5187359805702536,-1.7330750108574677,1
-0.45911638868557514,2.2554729911624203,-0.8915251172178786,2.031811934201533,-4.453541857403533,-1.887913236654125,1
2.8977871357171496,-1.997198993373393,0.264444283918852,-1.1243811492506806,0.618371893830141,1.124438736282265,0
2.4612556538459143,-1.8487832998542562,3.919140424310576,2.9468267823590217,-2.3492853735577914,-1.5358417725241815,1
1.7164270793659613,-1.3462843764972097,-1.9792647383568762,0.8743284252112228,-1.886034793626951,1.5464668936790607,1
2.5575248161434048,-2.3176410133766545,2.223302683024566,0.4209862534413489,2.0931354538877227,1.1099664354294783,0
1.8374223541588677,-0.8672513024896458,1.0630101367106721,-0.41982943465824085,-1.4497054032507892,-0.8281110237001419,0
2.9372930508914363,-0.866681567249379,0.0675717155252471,2.4223600476431226,-0.7648452487297286,1.2987991365676046,0
-0.30629351931898463,-0.4408898051226975,0.08476165638906585,1.1565205446959854,0.6808907863648137,0.7620217542057051,0
-1.4949713203598844,1.8639680736270332,-0.3745585603670194,1.5696898407610655,-0.8278578517615436,-0.6771177224268085,1
0.2704633382484096,-1.6686171001576053,0.5107963106218281,-2.895134420770656,-1.4910276686565596,-1.284158688340605,0
0.29820736439860496,-1.129278340461329,1.6231468446119603,-1.3258765927818552,-0.989908892285408,-1.4710621829709951,0
-0.5991538618144645,-0.036326612091618804,0.09899269113815068,1.7682335162058904,0.7493751480577306,0.7664848514251918,0
-1.7205920404203054,0.714905442078524,0.191787925071068,0.19740299474732304,2.073293537117833,0.3156402697514329,1
-0.6609852734094555,-0.8152843070232679,1.244130479187736,-1.3233974165633404,-2.056938730062102,-2.0514266953842095,0
2.296335025838715,-1.2585495799023245,0.5775084664118841,-0.11492435441198223,-0.39758953006829156,0.3442744325527136,0
-1.0019414248114993,-1.0762931875877508,-0.12451961461192362,1.8855163521901719,-0.09223361782254247,0.8751877058640212,0
2.094228087331322,-0.8791961253858771,2.829757404301046,-3.0375701225386518,-2.5903776035741597,-3.3352350448420753,0
0.5647157452704427,-0.9122009731361035,0.18696895279289727,1.2512194361815916,0.1609121583877171,0.833530579526838,0
0.927577496433151,-1.159223196842003,1.1248965739849508,-1.2710702797735194,-1.225398870569026,-1.1025174820982757,0
1.1830621240721828,-0.6613458660202739,0.7393174526935045,1.505813158046578,-1.7676224679967563,-0.35500111144822505,1
1.4441188325171301,-0.20584146265923065,0.7284084841651479,1.9193094831916058,0.34096534824067337,0.6775981121768342,0
0.9940259718072952,-0.6254629536458833,1.1938391054455892,1.4927391640447798,-1.823623023147067,-0.7368928311355772,1
2.512472672013387,-0.9480514541293847,1.3914907456753953,-0.2534718553939128,-0.9204858079747621,-0.5681545091301672,0
2.5954102640544794,-1.5239502926446558,0.6995486550841246,-0.962476852426039,-0.311851146612364,0.194469858141476,0
3.1485281199108863,-1.5701586848217666,1.3672057175003711,-2.088863313346976,-0.7798891298571988,-0.7082287221818957,0
-0.5806115604864788,0.4171108058705928,-0.17493723086414237,1.7422013121843576,0.02757118840518835,0.41400371948840664,0
-2.5760603878886235,2.1906768420303284,-0.21093156956382764,2.7766080359639984,-0.5101646767222807,-0.583167138213611,1
1.6459440199150985,-1.1692085661742757,0.32292776119248967,2.5038682751736516,-0.5270800979501209,1.1349040651300295,0
0.25775343548083474,-1.2788981711645038,0.21516605031002578,-1.2124280012530404,-1.3467136431780724,-0.6299609345043193,0
3.7434130979054627,-0.9225193007497432,-0.4720549162484615,1.425972768133028,-0.8229955892459528,1.484251365071889,0
1.365149778712219,-1.487631364311723,-1.354587880590936,-0.060752666122111165,-1.0962607847076846,1.1997249353171795,1
-0.31527352395337327,-0.0663333900210461,1.9181805543818244,1.8365802484687674,1.8669616606014205,0.20104852090079373,1
0.3886050688952606,-0.48907411813600443,0.615945639978438,2.34719979097151,-0.30338505576236496,0.4809897942395282,0
1.5186553033994397,-1.1949652849226755,-0.8383672455792148,-0.5084270530124337,-1.3514147347024854,0.5066502240657713,1
2.852504368145877,-1.9282699773978287,1.5340597557277362,1.356368749449721,1.3349553096955578,1.4054286711767345,0
1.6779831035937551,-1.131860540503115,0.2750232705269001,-1.0615734409864874,-1.7261260895710338,-0.5792961569474933,0
0.8105345623604379,-0.7897901349099172,-1.3161706659452228,2.6757917265306297,-1.6127371913628599,1.427799758621337,1
2.6584333499057404,-3.3157498954378584,3.5855371453257683,1.3901680055783006,-0.5432307866097896,-0.33095519103050486,1
-2.2090592357096317,-1.0959870880031797,1.0739396655354996,-3.2275165422014807,-2.8712710366703194,-3.148484752084207,0
1.43505838197669,-1.3544144883245854,-0.4012756682813139,0.7394395091838906,-1.4233422512796794,0.6360724965678313,1
1.0055385160169035,0.32444551459105986,-1.8330865350868226,0.1168683229474552,-2.158183845464775,0.272020716872607,1
-1.1039803007411135,1.5410780452439623,-0.9804086348871621,-0.47194881338178485,2.338239058224347,0.7934923355426421,1
-2.4740426905653177,0.5665492287987132,1.7081257735194142,-0.8906142663718284,3.2200606865527166,-0.5716759659867439,1
1.08907167765856,-2.7038686616168546,1.6455591226890558,1.4976154956078394,0.5588712270906522,0.9583951698914627,0
-2.5369438209591255,0.8773271840866936,2.3321121034549783,2.5244726130126764,1.4977763292267954,-0.8404064653611869,1
0.8248204763283631,-1.1657443635075704,2.3428824217268738,-4.0517621982237175,-2.840099399330932,-3.6045041554847836,1
0.23814427785467562,-1.6569098741899264,-4.4124560623023825,3.2391720764628595,0.48588305629636497,4.889071462797345,1
1.612557346869174,0.15406853160052658,1.2768791427682642,0.285949043151713,1.7498273481970248,0.3588819077870667,0
-1.9449513477402713,1.6103458302318312,0.7155846870134541,1.7514352049230246,-0.7997371539401608,-1.3105990687631737,1
1.3510552043383492,-0.8939548018726775,0.5367919990828676,1.1407855066191714,0.1444565526993824,0.7088931883413649,0
1.2478724331305748,-0.7916922461069481,2.180512417600644,0.6169838980799143,-0.009762267049401752,-0.6772915509305063,0
-0.5921366309117713,-1.1824295040186112,0.21835659675371066,0.5549082400735836,-0.016943231986406238,0.37743031212576933,0
-2.835955705743572,0.9790535632616495,0.6693037511168789,1.4388565409703522,2.3151064811217954,0.19564572521157708,1
1.3013414320901187,-1.1133852817022698,0.14423391834233823,2.104130095964873,0.05278405662156627,1.3122460826591729,0
1.2265084664989359,-1.597674772571304,1.6459623600345115,0.6844518750780348,2.1390162359233176,1.0484005978815372,0
2.799503562250951,-3.593684130037224,0.010981073607106318,0.43104944045899385,0.5301775255347667,2.3641918032076044,0
0.3920943033883916,-1.2517166593147078,2.0052933780370763,-2.0683891660038864,-1.0454795159988977,-1.9232886314501947,0
-0.6198248769144393,0.7260136269524204,0.6023867359482041,0.9159528834327251,1.6138241459125806,0.27150011355173076,1
0.7899945434867071,-0.18434458539904952,-0.085163559302607,1.1391826490131336,-1.8894412040311548,-0.2573238976502382,1
1.3222884942430482,2.2755853253959653,0.12180277499304215,-1.4632108231708139,1.8928340026398334,-0.27575335433390824,1
0.6360079018839356,-0.728491133053107,0.2493671019544328,2.54227862843598,-0.7001393559192064,0.737308275984077,0
-0.059419570506047625,-1.1064153593846788,1.1145798754095098,-1.6014011299217885,-1.5876316981657423,-1.5951854857765375,0
3.237070177915111,-1.1330418572449437,1.4010194486986816,-1.443372462990594,-1.4734836241012743,-1.0109687753171872,0
1.1704511076260014,0.9525787612417302,0.849130725719101,-1.020359055542829,2.5797426847241987,0.21386383630576022,1
3.8649061694110327,-0.9326817479883651,1.6908530013193568,1.4342613337863481,0.5742231119572343,0.7683456554804431,0
1.4597423121597042,-0.5024971592002355,-2.0925443811605007,1.5275741058453884,-3.191022179711657,0.8183080499850848,1
1.936268037863821,-1.3529935338338597,0.7448261892582297,2.3671083571074027,-0.06038857622140115,1.1689319467265409,0
-0.7955812535868318,0.07906687553857084,1.6319422806149517,0.4930379670188768,2.0957633874248405,-0.08940264360399319,0
-0.020568176417846473,-1.265650394206239,1.652698019269287,0.9526654274054762,1.9692046598221138,0.6699556368081991,0
2.9988338424477083,-1.036572301797518,0.7270954264897911,2.2583480253171357,-0.06291218501608786,1.2304556743450785,0
-2.6226878152458974,2.8035910943730924,0.7313156700784871,1.1211591677162331,-0.37641902560334617,-1.9268126665643006,1
0.2820581074505647,-0.8627390122391208,0.4572588088889178,0.8940731821304093,1.390990756003995,1.0585804737435525,0
2.039119971176474,-2.2013822656969966,1.368591716561673,0.8396328459580487,1.908984519470493,1.5698759456109812,0
-0.059619958615463764,-0.8588431696914478,1.039930448177523,0.06478674004802554,-0.9055690136645493,-0.7731600326963072,0
-0.04802842545149244,-0.7820229040420341,-0.657768066409661,2.08695056936858,-0.449599621930173,1.1920238164478445,0
-0.7974390863406504,-0.8537371942144323,1.4623933737128845,0.5695748541477471,2.7097209931753796,0.7114597870456578,0
0.3382274108016011,-1.2615283645377915,1.8691176515488044,1.0455050570699522,2.072343772692901,0.6773870035071434,0
2.098032302759586,-1.285337265110344,2.5487931612230446,-0.04141378527804984,3.038991853825281,0.7040741201424046,0
1.3916205129776167,-1.9909179944227433,2.5043803731928613,0.30550176661212347,3.5714889740420586,1.2413035111663626,0
0.776384898843697,-0.2938546751808748,-0.9330610850538885,-1.146459885267125,-1.3777864720976922,-0.15432944696970097,1
2.9758709669271752,-1.7093362848258757,2.107666498931154,0.7666117617618066,1.2696048318620665,0.7433223803506632,0
-0.8134952060328329,2.25609593336677,1.510387762823899,3.2842164875947737,-0.819857675112792,-1.3749949855229486,1
1.8248791381016338,-2.324347396518034,-2.182603098326613,2.296569347176421,-0.7744640689210237,3.086838465489814,1
-0.34178638499106184,-1.2621890753161247,1.0129945314127815,-2.274572737675065,-1.7604238266973016,-1.8251772322696747,0
-0.3372105560204497,-1.1631866936034707,-0.011055268947052665,-1.5797851706784556,-2.09374820477525,-1.1255402864882895,0
2.054713001663961,-1.4294391145968024,0.2958408609438099,-0.6490819432711414,-1.4287723260958054,-0.12294796708693703,1
2.8231152896012732,-1.5447121655058287,2.1867171071980143,-3.9309989889364765,-1.9059016051229727,-2.4641716594951544,0
1.759424443095594,-1.850069596247938,-0.40771914467814185,2.6129879475248705,-1.6142885358034043,1.4166006154833957,1
0.38731551561735444,-0.9272147468351037,0.3535212505051739,1.1827652008017444,0.8880698120121246,1.0238659619177979,0
-1.607371178156075,-0.06796540008807384,0.48450718326178077,0.17526121556872276,0.619493533267455,-0.25505599513237814,1
1.3322836528962072,-0.8428072763976424,1.2961052523013488,0.3216587123375161,-0.6861058082714295,-0.48163840751627396,0
3.907517070607355,-1.3463649982688992,1.7779025844906151,-0.5106724215501679,0.13650028102437228,0.0397312484728658,0
-1.0742333728785747,-1.3687638894182417,1.4989300839743944,-1.955225286350048,-0.8032660958349556,-1.6819680783601771,0
0.019831686829810513,-1.0648451153195662,-3.503715220889011,1.9324146057249139,0.20799398019405602,3.4558453289565443,1
0.8093134434012832,-0.23121850317209802,-0.5992997703735251,2.337386531456411,-2.428303022907271,0.23173080385049105,1
2.2374611435894014,-2.231159365336667,0.9252949965575579,1.7858032927295873,-0.6228995806231927,0.9961837289078117,0
-0.09973096788162228,-1.1327025539238598,-0.6015286372515831,0.7123208579496227,-0.5862159185607717,0.7707617401581811,0
0.3977188893406933,1.063957346409892,1.784731158185992,1.8352091228947347,0.9447912784117278,-0.46168363810636986,1
2.138231134669421,-0.20228571781478322,0.6488445260275624,2.502643796058803,0.25719145222084405,1.0154843647209675,0
-0.5564964418207492,0.6068486676032832,0.3192975582648392,1.2481160511905751,0.9811683775290829,0.31936904916125597,0
0.836153706242763,-1.236360784195021,0.5284613910278217,1.7982886292253983,1.2938683940373932,1.5161333089649327,0
2.055977883323801,-0.8534555709905114,1.543473833988395,-0.6841101899804981,-1.4334673184953703,-1.1839527057963841,0
0.15340593634377242,-0.9441495389206664,1.2831410527825273,-0.4549031996510564,-0.9735987512828813,-1.0586681444031263,0
-0.7232944121019407,-0.18548054008583292,0.8012743881370348,1.2063464526795795,-1.9619947916235965,-1.1538536006602265,0
2.38008894401187,-1.2045283399140654,0.5182240520846702,-3.404771635319906,-3.4558415185416314,-2.1677525951008163,0
0.3749911580250197,-0.723890602767838,0.7650300018394539,0.4667690739910869,1.8070826066934935,0.8822326709414541,0
0.12762356993241863,-0.8298205900859525,0.9091898932789513,1.1007939684632355,1.1972770552169376,0.6912665539903049,0
4.248748830072807,-1.624550031069634,1.8689079207289938,-1.4245522973036229,0.17870423244497813,-0.11881838369361664,0
0.7062655872374957,0.5811988099789703,1.5971163202999605,1.1125635888441923,1.366158387318404,-0.11746175591424779,1
1.3923912242087964,-1.585758644956063,0.4301100090336484,-1.7117191361569328,-0.8512746008215427,-0.3472255070855223,0
2.6613862636672807,-1.4798821549640593,1.414692637549386,-1.4247128872559998,-0.3933587705170234,-0.46947721108358353,0
1.7074811580616505,-1.0864906297875432,1.608220421165072,-1.4989741240621899,-1.3942695373924554,-1.44951816473579,0
1.5458327845742021,-1.8604048332033183,-0.21356309924056327,2.178492603335129,-1.5758026441718425,1.1280562146678945,0
3.695887697662497,-1.8898735513804896,1.387348820174399,1.7493734165700634,0.24398090051754673,1.2548289988708665,0
-1.0890202113661753,1.421674977768657,0.6713651253359645,0.9519836393835455,-0.19860920243107572,-1.0059497347633939,1
1.282214374749176,0.032378487754721075,-0.20293290863876468,2.2936807840153355,-3.2741817987684576,-0.4618528535637261,1
1.6872025322666304,-1.2802680487527778,1.69561680025447,-1.2334903873568046,-0.5444944038000243,-0.9376323352779554,0
1.2868306161267935,-2.1981199861388374,-1.1538168363619155,2.7177513403413642,-0.4006408837796225,2.571074202804361,1
-0.48995324612605784,-0.5801696348601358,0.7503658337237089,1.518661325896884,-0.5983265669224817,-0.1577397979657962,0
3.9106444296843987,-1.8196590431238917,1.3942916097691027,-1.699810625605275,0.23348841210857252,0.14008455321646585,0
2.8749977911860762,-1.2377813685883163,0.15637742336435034,2.664653175450349,-0.6677856779375899,1.5000953970890787,0
0.9474838682447695,-2.362377716677133,1.5226772113494929,-0.07640705305026585,1.316258131498178,0.7311075960162499,0
0.43499050545429974,1.5926553318304633,1.2934364733220423,-0.07782204995641862,1.583622602677492,-0.6524690644059438,1
1.1452564628175372,-0.9194551717559482,-1.15984937200468,0.6064057615692037,-1.5851377202240282,0.7840883380008371,1
0.9002052741245894,-0.38940713716543374,1.7108184167679554,0.014723716282016852,2.1229686144135096,0.23869975470294702,0
-1.3864181408511937,1.376958838270264,-0.4069253456729214,0.4440831710599402,-0.16826500783548082,-0.4887876650109484,1
0.7947176506252883,-2.9022680374703,-5.072618109509973,3.4044097494088104,1.0847295677381519,6.268412635206344,1
1.3621740088319378,-0.9939203103545181,0.6727425818888756,1.124705164242603,0.572571481010894,0.8628569850431647,0
2.105873609457028,-1.7068811222980669,1.8540052253171617,0.1498266280504652,2.030320643941889,0.9034533934642914,0
0.09111606285464524,-1.3092265967527223,0.7667882531187702,-2.4811448985237545,-1.9966578312840286,-1.73990321454226,0
1.4090681097194513,-1.2291630529644453,1.5472496874698916,-1.9826132687490965,-1.4141114183212524,-1.579107815222998,0
2.1331218697331886,-1.9612543545620227,0.7056079888126913,-0.37178726920445915,1.513081983247436,1.3449357738386838,0
1.6984005993618183,-0.9401625731640199,0.74194143598314,2.002616213872754,-0.4589620329938191,0.6495862289622809,0
-0.6637615698705976,-0.8578060352822139,0.6914229353999812,-0.7947112718075284,-1.8244285575088552,-1.3877613064893595,0
3.4967028802861466,-2.336907157898704,0.5666917557962201,1.127055978500212,0.5951074552323098,1.898812516073021,0
-0.9166058498722437,1.800337133778888,0.5091915763434114,0.46310176923753354,1.6634758645597651,-0.27336795062712793,1
3.2164611987103293,-2.4865920043792675,2.451809464828417,1.1244764712207587,1.2205269724354553,0.9642025590646672,0
-0.9104997822516916,-1.0013593180845652,1.3787045846982653,-3.618413281129232,-3.4034663536928864,-3.5121101772189096,0
1.8038828039806805,-0.9867318073638527,0.852399747249071,1.3620542560885878,1.6189439167852042,1.4125059921110772,0
-0.5638404320812604,0.0482734781556835,-0.6219696433314572,1.906516331492841,-1.2430967954944685,0.296106334484339,0
-1.664616156201661,0.3143724524987097,0.1473941030930661,0.9057485458340948,0.6696474082105841,0.0657394546964575,0
-0.046942382332610055,-0.890671456254462,-0.4833712455558372,-0.30415831773777413,-2.1006600002141456,-0.45394712448595637,0
-0.5228716161583005,0.18561522927080043,0.40513483096013425,1.0072933194804088,0.4154633494529415,0.08429357882057378,0
0.9231055380998789,-1.0513473190922644,1.8827779838599419,-2.0458030628316566,-1.7303774800991056,-2.139892480679884,0
-1.9755570256975363,-0.6114091043970439,0.7558928190919745,1.884090699698997,-0.05963153026463153,-0.0654624067154925,0
1.467453874691202,-1.163471058220099,0.9440541523866184,-0.000985220381706453,-0.2709481391018649,-0.0008700102539672683,0
1.3729546557604047,-0.7826407773994213,1.9399812859005054,-1.3534562439227138,-1.9103786370914695,-2.056262045778501,0
-1.5020937055389374,1.5506159402754602,2.1519662672817876,3.2553770214549806,-1.601012224476491,-2.042150072621021,1
1.09326423730128,-2.242902480964898,1.0958627299924013,0.651224123421754,1.3346846882082395,1.238747752909984,0
1.9142569286852666,-1.0724211273810733,0.9319681115085197,1.4167301727721036,0.6503991781216845,0.9656474510172748,0
0.3746823297260873,-0.6975760766467325,-3.964846961829371,1.6292265008955173,-1.0604833617897396,2.9731330278772665,1
0.3311882082412767,1.3986450798077945,2.331295490787392,2.191217937491822,1.8544342285251423,-0.4111422702851766,1
3.7377279139231043,-2.518221430455224,2.0368274265539554,2.030819574889795,2.600550904841542,2.3144394050567882,0
-0.13189556783565015,-0.125466255922698,1.1346360677957466,1.34785705849492,1.833124741349283,0.6009376125319152,0
1.4865774254498778,-1.815552693260369,-0.8503893815279022,1.0441011657726607,-0.8151912128604277,1.516450566126672,1
1.7485561879858622,0.521063207375939,2.6398370099244426,1.0601912653110912,2.6351942354050824,0.024292460084237355,0
2.5569079206393464,-3.089602560176579,0.22466922027784342,1.5799371103507194,0.1831617810244036,2.1818780863428735,0
0.9362231601206514,0.19784382848368387,0.956974324345346,-0.4628060510117007,2.2688719749320185,0.42511695082903067,1
-0.45494819418942667,0.24728826294869233,0.329109232264836,2.0250368240969,0.09174366561564562,0.29750061285659224,0
-3.556896857493695,0.1767521470360881,1.5140866883171924,0.9991042350585828,1.3560857233617263,-0.7927209401381169,1
-0.21662725878629852,-1.2073572710317413,-0.3049661309008376,-0.9020435916434089,-1.5737817634421545,-0.41951391588223985,0
0.4581685441210416,-0.6202964423743365,-0.14743050246635603,2.464415100508076,-0.3111254146984086,1.0828275288700593,0
0.8062451773255883,-1.5581506535374048,0.17001312056794604,1.8944766587352873,-0.8949017834939497,0.8463224554813336,0
1.5704369634731736,-3.2850516770907627,0.6181764654783408,2.8126116483348156,1.2596014769634345,2.724662750299454,1
3.43111344768352,-1.8105197065142664,1.2016161647679389,-1.1357475581241765,0.615778103047764,0.535719346091827,0
2.2187355301678235,-1.2644489242308217,0.9760671933131805,-0.3063374740864021,-0.28679494338025846,0.060521911986197385,0
-0.02133727723795653,-1.0914687304227066,1.5910109824531495,0.6827087308867266,3.340999941728807,1.2168946605599036,0
1.2436858412092313,-1.396345359132685,-0.09504659679071725,-0.40002622718064695,-0.5811186503810718,0.4502273995375926,0
0.7727516572169675,-0.8741075157574482,0.8603733524635326,-0.7749566835937061,-1.775895208832773,-1.176867044890478,0
1.3337855330500883,-0.5610862214740693,-1.0306895060919397,-3.0619224836868306,3.971125746468783,2.089147928582102,1
1.5583602811880763,-0.5457058087965156,-2.9685688733653732,-3.051306166879448,-2.4800620466042247,0.2875468009118689,1
1.3724670847532212,-1.2688220768731115,1.9626195052669126,0.20924879539255492,2.1280935445812545,0.5798364418583849,0
-0.49950623664458327,-0.23896153201902337,0.7924083720238895,1.1345967536821795,-1.8939882070510436,-1.0728462089669304,0
2.892277592472716,-2.188185443812987,2.6662888166941805,1.0331121134294208,2.634973750316181,1.2948357562694341,0
3.830465405007748,-1.4564172612838822,0.8211066713385995,-0.8518586484511906,-0.43998674240384095,0.3074967213607361,0
2.7332755912117968,-1.1091690269332082,0.18404804099477956,0.5771563100406323,-0.5162798424777916,0.7982720373522274,0
-0.29814239160223965,-0.7509768527042777,-0.7441345290843979,1.6963594307964414,-0.9125370010796241,0.8362449350050827,0
2.3939178680152295,-2.1068916468263255,0.48918520397992016,1.3591645268177244,-0.6358668272641397,1.1201527686754107,0
-0.6029441028024831,-1.4328941237299573,0.867992919629053,-1.539380479330473,-0.6964801030005028,-0.9614718383371164,0
1.3913482371810744,-2.3069841726021276,-2.2463696098298405,1.3411459149304135,0.3386905715470625,3.2633886951442204,1
0.7203708883012663,-0.542219013758585,1.9676902710233852,1.0563439174051836,1.5259892816233627,0.1441283278071085,0
0.8034663511672842,0.3495655295145388,-0.8556676022822096,1.6159755551605943,-2.617733035603996,-0.15594938102523503,1
0.3982875848896896,-0.4771724932105401,0.41590889058546787,0.7956342691234277,-1.8131684207744998,-0.6237704116083843,0
-0.1889333320106743,-1.0796255645506274,0.7535778184961026,-1.8122367393163523,-2.0659659971355415,-1.693808085744474,0
-2.340149375062266,0.2625775153555373,2.788587973973233,1.1852492291264556,2.749097910519673,-0.6889007989175007,1
-0.38625921957156684,-0.8545005634961684,0.37795423838124265,0.13992868945671488,1.6470643063642059,0.8534157530796287,0
-1.2510008663138117,0.30355265882488447,0.9359524866961989,0.14416586772006745,1.6644563385770947,-0.13273026674696708,0
0.8599562759740387,-0.19396648043901266,1.271215656199738,-0.8949274028533716,2.096489118715053,0.134369441381894,1
1.3332257264982497,-1.4551337938505442,1.8535700349715234,-4.454880865781016,-2.7046541609600228,-3.1329274252208137,0
2.1291758791958677,-3.1073820380089305,-2.8317617961314534,1.5877731623501308,0.3674797527145679,4.204918113287357,1
3.775702791792056,-1.5769834807881902,1.510807864451416,-1.314385580281776,-0.05023736839823778,-0.07109619626523145,0
0.2401874358584124,-1.6404110078940222,1.6167667406755173,-3.8544631886311325,-1.7022691774791676,-2.44206051878134,0
-3.8256847980805864,3.0095644549163647,0.051997998471872364,2.4947172712962935,0.9739273480373368,-0.7020801805500712,1
0.3917950327602756,-1.7519491456398804,1.4174684826714534,0.7684595391428154,1.4360664922152304,0.7810901569731408,0
-3.0724029866492883,3.108646188397487,0.1383366087113611,2.300023029716335,-0.332344465295793,-1.3426698862416149,1
1.2246674197484384,-0.9426010254034163,-2.520349013418363,-1.4696695492773522,-0.7458247297534175,1.4349081176157916,1
1.3248433696967845,-1.1885251649290645,-0.6430150551824139,1.1018590169386426,-0.23414783769824887,1.4000097744650573,0
-2.6174946862637003,-0.8759471661791769,-0.5593624707876754,0.5234435417441192,-1.2525435532728955,-0.24234870870625252,0
1.8733230667538487,-3.1674793610315213,-1.8794437649889209,1.1292733774237649,0.36337649485066925,3.4007780731151582,1
3.7886395644228936,-1.6980122597216707,1.7295264106417698,-2.7958155950827157,-0.8483401635759098,-1.0313371124814958,0
-0.8672673529572434,1.148348709456687,1.456196491828215,0.629695509584675,3.0387760339110903,0.08993392779470644,1
0.5194149366190053,-1.6801214008181602,-3.2640640833245573,1.1647797793016195,0.9565597099723369,3.752974020733679,1
-1.495593673492872,-0.959203352797869,0.4251545298499212,0.08663909993581731,-0.8627254711149996,-0.5871171805719411,0
0.9656765384364605,-1.0950556129370759,1.3749858654249931,0.48317202359415656,0.26701961166245036,0.006237414177688305,0
1.8291096576856503,-2.4034450526949183,-0.19067535203575847,2.3865048840408045,-1.4967761332325469,1.489432073307437,0
4.691898011496477,-1.9528377553300054,-0.23551894978064625,0.5533162345769971,1.4763257609016405,2.7518596405024676,0
-0.0482217781255001,1.242499653104788,0.681370518506192,-1.1024024248988673,2.4125436357286976,-0.14007196619831908,1
-0.9109850161925072,0.5472552963529901,0.6466080892222293,-0.6599911165420849,2.317716800411915,0.08348184417696525,1
-0.5172207994848825,-1.1266417270910358,2.3027924853716586,-2.284295711986775,-1.329257667763965,-2.556334606365187,0
1.1885002854137152,-2.69423518028794,0.9391094696244315,2.339115628829912,0.5327357498935033,1.6994639435038452,1
3.275025798727807,-1.1259578730823845,0.09596706320129433,0.6773158569770632,-0.48293959112809004,1.0191797867154733,0
0.34299478160148134,-0.8381881525508146,-0.010128611773521756,3.7440747648528445,-0.5624360193756157,1.3497695994152459,1
2.8253561808093233,-1.336419085354311,2.1745834848615675,0.41370965324966913,2.1240530865090417,0.8205297200899228,0
1.7060676155156964,-1.6720090737278315,-1.3472751298666397,1.2483334224627196,-1.1164778501110266,1.7508369493712852,1
1.6362163781913768,-0.9010043290999497,2.016253663987415,2.0128078116536434,2.1517865904341695,1.0489839290159266,0
-2.0208298475151913,0.37079709861242194,2.9219071841658026,-0.02147864877298744,2.5757475807618393,-1.2314213611689007,1
1.5499618905753878,-0.8058641342101419,2.0501858264518398,1.4808842018323165,-1.6085935148263362,-1.018070156210602,1
2.4731804741393937,-1.1024072438573644,2.6574965973914257,0.6225857453105224,3.0256005104439954,0.8441610266994712,0
-0.18792616743795665,0.00351748115078121,1.870015929991405,1.0085156629799614,1.7339907672600678,-0.10270291556824263,0
-0.4435237446321436,-0.853394444072545,1.418700897993377,-1.0676664201962425,-1.6321560067297038,-1.8195769531037518,0
2.481308730611602,-1.8843350469453815,2.1137391673277106,0.7084019531382945,0.9078314150614811,0.5163165466038189,0
2.339565351970322,-1.437758466460001,0.4700991389796668,-1.7341116910325372,-1.3555834006187835,-0.494570941624343,0
-1.5471341197714836,0.38361390799696127,1.6279697299103082,1.2565994331668153,2.2043435474399646,-0.05602015552751305,1
2.221076364972853,-1.815046201817923,0.49869535551740496,1.406923740514713,0.14881989596016298,1.3590612863337856,1
1.5680067353791416,-0.8079791774808307,0.811051476023144,0.2687139376544574,-1.1604564380807336,-0.37604502220499186,0
-1.2847927260484626,-0.2823250591262664,0.4733687259046514,-0.7977643362287863,-3.581498777936459,-2.4451939550739383,0
0.8790999928836645,0.022052858008443366,-3.8363260353326276,1.6490952018631375,-2.626574497360086,1.9544926810650443,1
0.5467831504502554,0.9206208191468988,1.8960964556877884,1.3579740652998014,2.4770433631713584,0.1368406848385333,0
-0.3850779373111548,-0.6473172957511039,1.4351876176765086,-1.6703595605949015,-2.7476839099272534,-2.6349645049512698,0
0.2781499841179157,-0.8689843801244816,2.824270185085465,5.500618995845473,-0.34142327480378165,0.16278264263384737,1
0.8621700052643995,0.04646846817849237,3.427525598899074,1.971815453201178,1.7723568825187768,-0.6034559532858769,1
0.6604746572399216,-0.7670672490968939,2.3861844731522415,-0.6740902973604386,-1.0218773196797453,-1.8474406019580218,0
-2.237575970619785,4.077888370162125,-1.1490946731737797,2.5050522407629705,-0.9295105103776655,-0.9348219582150139,1
1.0544910362481628,-0.8813552556012023,1.108122288394474,0.5987680806350452,1.2940930105006667,0.6488964538939714,1
5.068336762059065,-1.2183711804404012,2.8721826016634697,-0.6222871694255022,0.2626850005154433,-0.4746505852004931,0
2.5314926006197593,-2.043534403661458,0.8419697883766704,-1.8903412859922928,0.4850774694190447,0.37703181892303983,0
2.1493727528322606,-1.249840694075672,0.6935439069173313,0.9481380531119821,0.5867069550686783,1.0562332726576422,0
1.4355183560984872,-0.6817053786125025,0.45312815582944244,1.9405171981452747,-0.45399219179764616,0.6674078802193925,0
0.03680840081033887,-0.5017719179756337,-5.268928235635794,1.1524930029359226,-0.5464672706767401,3.7796229911784316,1
-1.4908944250949396,-0.5137447822551573,1.1396874688852847,0.3509143117061547,2.0562129673259943,0.2646878107578149,0
4.218960614107707,-2.052590462352506,1.1249852554336526,-3.8109855863242923,-1.1216940898920285,-0.8701220034870022,0
-0.5845070622879378,-0.4785553969460419,0.8487956351078806,0.9069122784886441,0.923434543682429,0.2554034482850404,0
-1.3520107558889625,-0.6214081770543054,1.4470606456835267,-1.6706226070915,-2.732926684022461,-2.8382362180914975,0
1.1592271003103172,-0.6861541367501272,-1.5962832380692564,-0.9326114840423751,-1.3128667067146638,0.6135087233831632,1
-2.309134367898651,-0.7724133216821052,1.1901288471696563,-1.5910965118426539,-2.306794180402233,-2.5682805244772227,0
0.11526033968410498,0.5393223635241038,-0.8368050592838046,-2.189083203437334,2.0966352345697463,0.6625616928900047,1
2.30636782707408,-0.8540843568313419,1.144052321756885,-0.9557818615645348,-3.1831950769065953,-1.8051352200179498,1
2.5173961522489785,-0.5798269015314397,1.7848996535476789,-1.065960389302683,-3.673289498119773,-2.565382208405189,1
1.1248825314341637,-1.4076523403322199,2.9610137060605712,0.22981933831921852,4.6647289987002285,1.1615773254778847,0
-0.2741948621458752,-1.0534059912269444,0.9345690950325395,-1.4842201066991723,-1.7349123025434914,-1.5735944215911677,0
1.2182944601124293,0.425814275191319,0.2560660165599433,2.7985568924111064,-0.5073448434902108,0.5694691927420577,0
3.9989480565517246,-3.3632699917432523,1.1155652420521645,2.4640073527627733,2.1822728456744045e-05,2.189532330848615,0
-3.0348604825029653,1.4321602431289344,-0.012728122257030794,1.03837248267831,0.19185109037360537,-0.7305269160014705,0
1.9881560095327333,-0.7175064103185931,1.0691918554313642,1.839876989859822,0.06896107414411623,0.6064526215904701,0
2.8045859837136655,-1.8775199644983305,-0.8794785745348599,-1.1421626601431742,-0.4616559056245476,1.2830151918524988,0
1.9637979448750769,-2.653935887353973,0.4382679517305774,0.6763020987159605,-0.178773495226773,1.2831700800461001,0
-1.0913162636939244,-1.2524790968034576,1.162188439714774,-0.9501905161670255,-0.47954073001952235,-1.0270458779805711,0
2.452007229406423,-1.1668614599790295,1.1894382197308495,-1.9119540890929358,-1.8495271297288274,-1.3485348473398435,0
-0.18887908633983508,1.383376188193656,1.0248951531643786,0.7578087628792174,1.585060972191361,-0.2453115946935891,0
1.3510761181033442,-2.790053563591986,-2.497801578257352,0.3067491727718227,1.3776292938094103,3.777541632883337,1
3.457143742781426,-1.5878738527587182,1.1413206311964543,-1.6845921882349106,-0.5472515444194446,-0.24764311150394802,0
-3.3649317956114233,0.9771919428276618,1.155020085889444,3.304904048406816,0.5206441626840049,-0.4893806756379974,1
-2.204231284385778,0.4080131548192818,1.6867049475752032,2.0806493872505407,0.3176866643551589,-0.8791079796548728,1
-0.6280926233904963,1.929556344078121,0.7993557882884293,-0.22154505080026232,1.520433755178961,-0.7492321214474325,1
0.3739668553971083,0.6419468232591878,-0.5320570914303197,0.9064918462776304,-2.0019596399923305,-0.5023395190618052,1
-0.9936550295975414,1.8661857711513132,-0.018394647145080434,0.8400450612931787,1.3175497478130496,-0.012586221343528381,1
-0.7172674748043424,-0.8091947655165606,2.334018264306658,-1.2248163580028595,-1.2931485005564698,-2.3804380938191825,0
1.375301332913045,0.4854181555305812,0.8275724018449235,3.5803664621979054,-4.100568632816364,-1.2812035116317273,1
-0.023616078379096184,-0.5605931324280614,0.8642466300350784,1.9444257903766196,1.8410720111892978,1.1695642397928618,0
2.355049504664444,-2.8519784625919895,2.1487151439526557,1.5964207976548908,2.384648680224786,1.8522493305902792,0
1.2895179802773415,0.779546960368851,0.9438229450126447,0.5349962784374712,2.500280142221292,0.7102744636079731,1
1.729144184647605,-4.619393334745297,-3.3671355260120825,0.4838296689431957,3.0113214606264127,5.993376175906569,1
1.4175861286041238,-2.0573453006307187,1.6432723792512114,0.8363036247747888,1.3937531294679788,0.9587532823756708,0
-0.729169327343888,-1.0519909461063652,1.9331056959804291,-2.8952368362003886,-2.2927690142361996,-3.0489381242164098,0
3.8779406716847222,-1.3740273446498,0.3384786622439644,-1.1121430450995786,-1.2154876046939032,0.14241573470760396,0
0.5168636472330725,-0.5295939156824496,-0.24212364526135777,1.2362514988898585,-1.7056818954894655,0.04816038043103488,0
1.5870241589056402,-2.2500322245146975,1.0200865986271375,0.6505577819613653,0.532892179861206,1.0018677165267738,0
4.138005759577091,-1.8088748859152304,0.5769833559712286,-2.7255116453847155,-1.2261875508507798,-0.3201327277727969,0
0.5984849984764862,-0.9390751095747947,1.8346624519554613,0.16896761700637386,-0.1351650829174642,-0.7269690168501663,0
0.5106857278892893,-0.6604006007313801,-2.355417788706064,-1.3149053280112062,-1.2099681090580072,0.8990499485655397,1
0.4378536501978303,-1.8956208408957949,1.205222751243828,-6.455041424271839,-3.4983629436676007,-3.7439750550167767,0
-0.12514457243117438,-0.5070693473601693,0.3980035793094243,0.5298911712787331,-1.92339898245873,-0.8438580751799012,0
-0.5813669139838902,-0.3179738341531162,1.795891923208421,-0.5701169001447144,-2.502269148729827,-2.5652432932905365,0
-0.909028790045738,1.6988689353592383,1.8220640149499756,3.8328058617491063,-0.6812113570055045,-1.1338018374961882,1
-1.4977577390304062,-0.7174739429692805,1.3785853623619877,-3.5538562856529183,-4.120737640341046,-4.066544849155618,0
0.3440109358327794,0.09818614442364182,-6.085067868818493,0.4491396731552434,-2.004129741395416,3.2076098426602875,1
-0.21838084367158572,1.4293442080210434,2.309681031672089,0.9960530447508126,1.8823953498290922,-0.8929465761926628,0
2.4754657831500326,-3.8818887770862647,1.1650765847863276,0.6080033788506221,0.9262796005179289,1.9036406416957778,1
2.8339857143890823,-1.68836300925665,1.3020071340530368,1.6910850361586207,0.3101745454175655,1.0730592854803467,0
-0.6948965344310298,0.4421601756079032,0.8649724883168477,0.6805101935469844,1.7128882210291367,0.16739260483128215,0
4.743624084629036,-1.4905136667261827,0.506362775756408,-1.441629114316001,-1.1312250922439435,0.18389342192001984,0
1.382215649978247,-1.1107330921073852,0.23258794065492405,1.6229930802043555,0.27455250624280125,1.2201223785785893,0
2.137907826214804,-1.2613119097522036,-0.02453861108381017,-0.7521920307180594,-1.8913134729979566,-0.21915152844592092,1
2.8394973953122475,-2.2303910952493196,0.7246338039560487,2.0981801381011036,0.37002804127649525,1.8288275463869228,0
-0.17620450194970827,-1.2109074346063853,2.488001996932872,-2.9128807459373407,-1.5424018579649232,-2.8841614516838683,0
-4.795372794073141,1.9915055084843336,0.30905086154600125,1.3859282273476574,0.5542373038187507,-1.2249643269779134,1
