model,fpr,tpr,threshold
Improved MLP,0.0,0.0,1.982255458831787
Improved MLP,0.0,0.0007535795026375283,0.9822554588317871
Improved MLP,0.0,0.006782215523737754,0.9546404480934143
Improved MLP,0.00021399529210357372,0.006782215523737754,0.9543766379356384
Improved MLP,0.00021399529210357372,0.00904295403165034,0.9501057267189026
Improved MLP,0.00042799058420714745,0.00904295403165034,0.9488294720649719
Improved MLP,0.00042799058420714745,0.013564431047475508,0.9464770555496216
Improved MLP,0.0006419858763107211,0.013564431047475508,0.9464026093482971
Improved MLP,0.0006419858763107211,0.018839487565938208,0.9440618753433228
Improved MLP,0.0008559811684142949,0.018839487565938208,0.9438855051994324
Improved MLP,0.0008559811684142949,0.019593067068575734,0.9423501491546631
Improved MLP,0.0010699764605178687,0.019593067068575734,0.9423249959945679
Improved MLP,0.0010699764605178687,0.023360964581763375,0.9390951991081238
Improved MLP,0.0012839717526214422,0.023360964581763375,0.9387249946594238
Improved MLP,0.0012839717526214422,0.028636021100226075,0.9373592734336853
Improved MLP,0.001497967044725016,0.028636021100226075,0.9373449087142944
Improved MLP,0.001497967044725016,0.0293896006028636,0.9368370175361633
Improved MLP,0.0017119623368285898,0.0293896006028636,0.936359703540802
Improved MLP,0.0017119623368285898,0.03089675960813866,0.9357849359512329
Improved MLP,0.0019259576289321636,0.03089675960813866,0.9355640411376953
Improved MLP,0.0019259576289321636,0.04069329314242653,0.9321845769882202
Improved MLP,0.0021399529210357373,0.04069329314242653,0.931908905506134
Improved MLP,0.0021399529210357373,0.04220045214770158,0.9311909675598145
Improved MLP,0.0025679435052428845,0.04220045214770158,0.9311482906341553
Improved MLP,0.0025679435052428845,0.045968349660889224,0.9303851127624512
Improved MLP,0.0027819387973464582,0.045968349660889224,0.9303584098815918
Improved MLP,0.0027819387973464582,0.048982667671439335,0.929742157459259
Improved MLP,0.003209929381553606,0.048982667671439335,0.9291754364967346
Improved MLP,0.003209929381553606,0.05199698568198945,0.926703155040741
Improved MLP,0.0034239246736571796,0.05199698568198945,0.9264827966690063
Improved MLP,0.0034239246736571796,0.06028636021100226,0.9226608276367188
Improved MLP,0.0036379199657607534,0.06028636021100226,0.9226261377334595
Improved MLP,0.0036379199657607534,0.06103993971363979,0.9224587082862854
Improved MLP,0.004065910549967901,0.06103993971363979,0.922389030456543
Improved MLP,0.004065910549967901,0.0640542577241899,0.9214736819267273
Improved MLP,0.004279905842071475,0.0640542577241899,0.9213612079620361
Improved MLP,0.004279905842071475,0.06631499623210249,0.9201965928077698
Improved MLP,0.004707896426278622,0.06631499623210249,0.9200719594955444
Improved MLP,0.004707896426278622,0.07083647324792766,0.9189319610595703
Improved MLP,0.004921891718382195,0.07083647324792766,0.9188628792762756
Improved MLP,0.004921891718382195,0.08063300678221552,0.9163682460784912
Improved MLP,0.005135887010485769,0.08063300678221552,0.9162889719009399
Improved MLP,0.005135887010485769,0.08138658628485305,0.9160236120223999
Improved MLP,0.005349882302589343,0.08138658628485305,0.9159842729568481
Improved MLP,0.005349882302589343,0.0828937452901281,0.9159511923789978
Improved MLP,0.0055638775946929165,0.0828937452901281,0.9158610105514526
Improved MLP,0.0055638775946929165,0.09118311981914091,0.9140545129776001
Improved MLP,0.00577787288679649,0.09118311981914091,0.9139528274536133
Improved MLP,0.00577787288679649,0.09947249434815374,0.91280198097229
Improved MLP,0.005991868178900064,0.09947249434815374,0.9127784967422485
Improved MLP,0.005991868178900064,0.10248681235870384,0.9124022722244263
Improved MLP,0.006419858763107212,0.10248681235870384,0.9120336174964905
Improved MLP,0.006419858763107212,0.10474755086661643,0.9110774397850037
Improved MLP,0.006633854055210785,0.10474755086661643,0.9109417200088501
Improved MLP,0.006633854055210785,0.10851544837980406,0.9101978540420532
Improved MLP,0.006847849347314359,0.10851544837980406,0.9101293683052063
Improved MLP,0.006847849347314359,0.11077618688771665,0.9096463918685913
Improved MLP,0.007275839931521507,0.11077618688771665,0.9092736840248108
Improved MLP,0.007275839931521507,0.11981914091936699,0.9078733325004578
Improved MLP,0.007917825807832228,0.11981914091936699,0.9072257876396179
Improved MLP,0.007917825807832228,0.12057272042200452,0.9067464470863342
Improved MLP,0.008131821099935802,0.12057272042200452,0.9067053198814392
Improved MLP,0.008131821099935802,0.12207987942727958,0.9063490033149719
Improved MLP,0.008773806976246523,0.12207987942727958,0.9060055017471313
Improved MLP,0.008773806976246523,0.12358703843255464,0.9058940410614014
Improved MLP,0.008987802268350097,0.12358703843255464,0.9058783054351807
Improved MLP,0.008987802268350097,0.12434061793519216,0.9058660864830017
Improved MLP,0.009629788144660818,0.12434061793519216,0.9054074287414551
Improved MLP,0.009629788144660818,0.12735493594574226,0.9050831198692322
Improved MLP,0.00984378343676439,0.12735493594574226,0.9050012826919556
Improved MLP,0.00984378343676439,0.13187641296156744,0.9043075442314148
Improved MLP,0.010057778728867964,0.13187641296156744,0.9042937755584717
Improved MLP,0.010057778728867964,0.1333835719668425,0.9041815996170044
Improved MLP,0.010485769313075112,0.1333835719668425,0.9039238095283508
Improved MLP,0.010485769313075112,0.1356443104747551,0.9033395648002625
Improved MLP,0.010699764605178685,0.1356443104747551,0.9033234119415283
Improved MLP,0.010699764605178685,0.14091936699321778,0.9024600386619568
Improved MLP,0.01091375989728226,0.14091936699321778,0.9023482203483582
Improved MLP,0.01091375989728226,0.14167294649585532,0.9022478461265564
Improved MLP,0.011127755189385833,0.14167294649585532,0.9021210670471191
Improved MLP,0.011127755189385833,0.14468726450640543,0.9014122486114502
Improved MLP,0.011341750481489407,0.14468726450640543,0.9014057517051697
Improved MLP,0.011341750481489407,0.14845516201959308,0.8999627828598022
Improved MLP,0.011769741065696554,0.14845516201959308,0.8995757102966309
Improved MLP,0.011769741065696554,0.14996232102486812,0.8991684913635254
Improved MLP,0.011983736357800128,0.14996232102486812,0.8990989923477173
Improved MLP,0.011983736357800128,0.15825169555388094,0.8973631262779236
Improved MLP,0.012839717526214423,0.15825169555388094,0.8968519568443298
Improved MLP,0.012839717526214423,0.15900527505651846,0.8968380689620972
Improved MLP,0.013053712818317997,0.15900527505651846,0.8968300223350525
Improved MLP,0.013053712818317997,0.15975885455915598,0.8966877460479736
Improved MLP,0.01326770811042157,0.15975885455915598,0.8966303467750549
Improved MLP,0.01326770811042157,0.16126601356443104,0.8963887691497803
Improved MLP,0.013695698694628718,0.16126601356443104,0.8959425687789917
Improved MLP,0.013695698694628718,0.16201959306706856,0.8959351778030396
Improved MLP,0.013909693986732292,0.16201959306706856,0.8958042860031128
Improved MLP,0.013909693986732292,0.16654107008289373,0.8945897817611694
Improved MLP,0.01433768457093944,0.16654107008289373,0.8944163918495178
Improved MLP,0.01433768457093944,0.1680482290881688,0.8942893147468567
Improved MLP,0.014765675155146587,0.1680482290881688,0.8941294550895691
Improved MLP,0.014765675155146587,0.17558402411454407,0.8926461338996887
Improved MLP,0.015193665739353735,0.17558402411454407,0.892300009727478
Improved MLP,0.015193665739353735,0.18010550113036924,0.8916574716567993
Improved MLP,0.015407661031457309,0.18010550113036924,0.8916072249412537
Improved MLP,0.015407661031457309,0.1808590806330068,0.8914468884468079
Improved MLP,0.015621656323560882,0.1808590806330068,0.8914117217063904
Improved MLP,0.015621656323560882,0.1816126601356443,0.8912228941917419
Improved MLP,0.016049646907768028,0.1816126601356443,0.8911679983139038
Improved MLP,0.016049646907768028,0.18538055764883196,0.8907352685928345
Improved MLP,0.016263642199871604,0.18538055764883196,0.8904702067375183
Improved MLP,0.016263642199871604,0.18613413715146948,0.8904016017913818
Improved MLP,0.016477637491975176,0.18613413715146948,0.8901016116142273
Improved MLP,0.016477637491975176,0.1944235116804823,0.8888835310935974
Improved MLP,0.016905628076182323,0.1944235116804823,0.888833224773407
Improved MLP,0.016905628076182323,0.1966842501883949,0.8886165618896484
Improved MLP,0.01733361866038947,0.1966842501883949,0.8884827494621277
Improved MLP,0.01733361866038947,0.19819140919366993,0.8878368139266968
Improved MLP,0.01776160924459662,0.19819140919366993,0.8877822160720825
Improved MLP,0.01776160924459662,0.2004521477015825,0.8871201276779175
Improved MLP,0.017975604536700194,0.2004521477015825,0.8869683742523193
Improved MLP,0.017975604536700194,0.20120572720422006,0.8869079947471619
Improved MLP,0.018189599828803766,0.20120572720422006,0.8867910504341125
Improved MLP,0.018189599828803766,0.20648078372268275,0.8853161931037903
Improved MLP,0.018617590413010913,0.20648078372268275,0.8849993348121643
Improved MLP,0.018617590413010913,0.20723436322532027,0.8848126530647278
Improved MLP,0.01883158570511449,0.20723436322532027,0.8846415281295776
Improved MLP,0.01883158570511449,0.2079879427279578,0.8846195936203003
Improved MLP,0.019259576289321637,0.2079879427279578,0.8838355541229248
Improved MLP,0.019259576289321637,0.20949510173323285,0.8837774395942688
Improved MLP,0.01968756687352878,0.20949510173323285,0.8832140564918518
Improved MLP,0.01968756687352878,0.21175584024114544,0.8829134106636047
Improved MLP,0.019901562165632356,0.21175584024114544,0.882891833782196
Improved MLP,0.019901562165632356,0.2155237377543331,0.8820059895515442
Improved MLP,0.020115557457735928,0.2155237377543331,0.8819721937179565
Improved MLP,0.020115557457735928,0.2192916352675207,0.8800845742225647
Improved MLP,0.020329552749839504,0.2192916352675207,0.879986047744751
Improved MLP,0.020329552749839504,0.2215523737754333,0.8792664408683777
Improved MLP,0.020543548041943076,0.2215523737754333,0.8791998028755188
Improved MLP,0.020543548041943076,0.22305953278070836,0.8789483904838562
Improved MLP,0.020971538626150223,0.22305953278070836,0.8783068656921387
Improved MLP,0.020971538626150223,0.22381311228334588,0.8779860734939575
Improved MLP,0.0211855339182538,0.22381311228334588,0.8778354525566101
Improved MLP,0.0211855339182538,0.22456669178598343,0.8777158856391907
Improved MLP,0.02139952921035737,0.22456669178598343,0.8776571154594421
Improved MLP,0.02139952921035737,0.22607385079125847,0.8771503567695618
Improved MLP,0.021613524502460946,0.22607385079125847,0.877135694026947
Improved MLP,0.021613524502460946,0.23134890730972119,0.8754075765609741
Improved MLP,0.022255510378771666,0.23134890730972119,0.8750572800636292
Improved MLP,0.022255510378771666,0.2321024868123587,0.8747690320014954
Improved MLP,0.022683500962978814,0.2321024868123587,0.8737279772758484
Improved MLP,0.022683500962978814,0.23285606631499622,0.8732867240905762
Improved MLP,0.023325486839289537,0.23285606631499622,0.8730361461639404
Improved MLP,0.023325486839289537,0.23360964581763377,0.8729237914085388
Improved MLP,0.02353948213139311,0.23360964581763377,0.8728228807449341
Improved MLP,0.02353948213139311,0.2343632253202713,0.8726688027381897
Improved MLP,0.023753477423496684,0.2343632253202713,0.8724512457847595
Improved MLP,0.023753477423496684,0.23587038432554636,0.8717218637466431
Improved MLP,0.02418146800770383,0.23587038432554636,0.8708775639533997
Improved MLP,0.02418146800770383,0.2373775433308214,0.8699185252189636
Improved MLP,0.024395463299807404,0.2373775433308214,0.8696513175964355
Improved MLP,0.024395463299807404,0.23888470233609646,0.8691452741622925
Improved MLP,0.02460945859191098,0.23888470233609646,0.868439257144928
Improved MLP,0.02460945859191098,0.23963828183873398,0.8679198622703552
Improved MLP,0.02482345388401455,0.23963828183873398,0.8664960265159607
Improved MLP,0.02482345388401455,0.24114544084400905,0.8658674955368042
Improved MLP,0.025037449176118127,0.24114544084400905,0.8654500246047974
Improved MLP,0.025037449176118127,0.24340617935192163,0.8651639223098755
Improved MLP,0.0252514444682217,0.24340617935192163,0.8649678826332092
Improved MLP,0.0252514444682217,0.24415975885455915,0.8649677038192749
Improved MLP,0.025465439760325274,0.24415975885455915,0.864949107170105
Improved MLP,0.025465439760325274,0.24717407686510928,0.8638424277305603
Improved MLP,0.025679435052428846,0.24717407686510928,0.8634803295135498
Improved MLP,0.025679435052428846,0.24868123587038432,0.8629006147384644
Improved MLP,0.025893430344532422,0.24868123587038432,0.8628917932510376
Improved MLP,0.025893430344532422,0.25018839487565936,0.8624702095985413
Improved MLP,0.026107425636635994,0.25018839487565936,0.8624059557914734
Improved MLP,0.026107425636635994,0.25244913338357194,0.8619470000267029
Improved MLP,0.02696340680505029,0.25244913338357194,0.8605588674545288
Improved MLP,0.02696340680505029,0.2532027128862095,0.8602421283721924
Improved MLP,0.02717740209715386,0.2532027128862095,0.8596984148025513
Improved MLP,0.02717740209715386,0.25470987189148453,0.8593462109565735
Improved MLP,0.02760539268136101,0.25470987189148453,0.8588420152664185
Improved MLP,0.02760539268136101,0.2554634513941221,0.8588142991065979
Improved MLP,0.027819387973464584,0.2554634513941221,0.8586974143981934
Improved MLP,0.027819387973464584,0.2584777694046722,0.8579126596450806
Improved MLP,0.028033383265568156,0.2584777694046722,0.8576648235321045
Improved MLP,0.028033383265568156,0.2614920874152223,0.8563247919082642
Improved MLP,0.028247378557671732,0.2614920874152223,0.8560994863510132
Improved MLP,0.028247378557671732,0.26525998492840996,0.8532360196113586
Improved MLP,0.02867536914187888,0.26525998492840996,0.8525265455245972
Improved MLP,0.02867536914187888,0.26601356443104746,0.8524669408798218
Improved MLP,0.02888936443398245,0.26601356443104746,0.8522347211837769
Improved MLP,0.02888936443398245,0.26752072343632255,0.8520023226737976
Improved MLP,0.0293173550181896,0.26752072343632255,0.8516175150871277
Improved MLP,0.0293173550181896,0.2743029389600603,0.8477873206138611
Improved MLP,0.029745345602396746,0.2743029389600603,0.8474899530410767
Improved MLP,0.029745345602396746,0.2750565184626978,0.8473294377326965
Improved MLP,0.029959340894500322,0.2750565184626978,0.8470121622085571
Improved MLP,0.029959340894500322,0.27807083647324793,0.8463827967643738
Improved MLP,0.03038733147870747,0.27807083647324793,0.8456852436065674
Improved MLP,0.03038733147870747,0.2788244159758855,0.8453518152236938
Improved MLP,0.03060132677081104,0.2788244159758855,0.8453269600868225
Improved MLP,0.03060132677081104,0.28409947249434814,0.8437082171440125
Improved MLP,0.030815322062914617,0.28409947249434814,0.8435789346694946
Improved MLP,0.030815322062914617,0.28711379050489827,0.8421533107757568
Improved MLP,0.031243312647121765,0.28711379050489827,0.8416593074798584
Improved MLP,0.031243312647121765,0.2878673700075358,0.841575026512146
Improved MLP,0.031885298523432484,0.2878673700075358,0.8399184346199036
Improved MLP,0.031885298523432484,0.2886209495101733,0.8399155735969543
Improved MLP,0.032099293815536056,0.2886209495101733,0.8390581607818604
Improved MLP,0.032099293815536056,0.28937452901281085,0.8389644026756287
Improved MLP,0.032313289107639635,0.28937452901281085,0.8382326364517212
Improved MLP,0.032313289107639635,0.2901281085154484,0.8380721807479858
Improved MLP,0.03295527498395035,0.2901281085154484,0.8359871506690979
Improved MLP,0.03295527498395035,0.2908816880180859,0.8353559970855713
Improved MLP,0.03381125615236465,0.2908816880180859,0.8344421982765198
Improved MLP,0.03381125615236465,0.293896006028636,0.8334165811538696
Improved MLP,0.0342392467365718,0.293896006028636,0.8331959247589111
Improved MLP,0.0342392467365718,0.2946495855312736,0.8329750895500183
Improved MLP,0.03466723732077894,0.2946495855312736,0.8323314189910889
Improved MLP,0.03466723732077894,0.2961567445365486,0.8319627642631531
Improved MLP,0.034881232612882514,0.2961567445365486,0.8318611979484558
Improved MLP,0.034881232612882514,0.29691032403918616,0.83089679479599
Improved MLP,0.03573721378129681,0.29691032403918616,0.8298075199127197
Improved MLP,0.03573721378129681,0.3006782215523738,0.8289000988006592
Improved MLP,0.03595120907340039,0.3006782215523738,0.8288525938987732
Improved MLP,0.03595120907340039,0.30143180105501133,0.8287041783332825
Improved MLP,0.03616520436550396,0.30143180105501133,0.8286782503128052
Improved MLP,0.03616520436550396,0.3021853805576488,0.8286451697349548
Improved MLP,0.03637919965760753,0.3021853805576488,0.8283627033233643
Improved MLP,0.03637919965760753,0.30293896006028637,0.8282797932624817
Improved MLP,0.03680719024181468,0.30293896006028637,0.8280971050262451
Improved MLP,0.03680719024181468,0.3059532780708365,0.8265239596366882
Improved MLP,0.037021185533918255,0.3059532780708365,0.8265066742897034
Improved MLP,0.037021185533918255,0.306706857573474,0.8260989189147949
Improved MLP,0.03723518082602183,0.306706857573474,0.8254457116127014
Improved MLP,0.03723518082602183,0.30746043707611154,0.8254328966140747
Improved MLP,0.03766317141022898,0.30746043707611154,0.8247719407081604
Improved MLP,0.03766317141022898,0.31273549359457425,0.8234903812408447
Improved MLP,0.03787716670233255,0.31273549359457425,0.8230496048927307
Improved MLP,0.03787716670233255,0.31348907309721175,0.822778046131134
Improved MLP,0.03809116199443612,0.31348907309721175,0.8224484920501709
Improved MLP,0.03809116199443612,0.31499623210248684,0.822309136390686
Improved MLP,0.038733147870746845,0.31499623210248684,0.8211765885353088
Improved MLP,0.038733147870746845,0.31574981160512433,0.8207733631134033
Improved MLP,0.03916113845495399,0.31574981160512433,0.8204445838928223
Improved MLP,0.03916113845495399,0.3165033911077619,0.8202995657920837
Improved MLP,0.03958912903916114,0.3165033911077619,0.8195748925209045
Improved MLP,0.03958912903916114,0.3172569706103994,0.8194664716720581
Improved MLP,0.040017119623368284,0.3172569706103994,0.8188180923461914
Improved MLP,0.040017119623368284,0.3180105501130369,0.8182865977287292
Improved MLP,0.04065910549967901,0.3180105501130369,0.817635178565979
Improved MLP,0.04065910549967901,0.31876412961567446,0.8172189593315125
Improved MLP,0.04108709608388615,0.31876412961567446,0.8156593441963196
Improved MLP,0.04108709608388615,0.31951770911831195,0.8148282766342163
Improved MLP,0.04130109137598973,0.31951770911831195,0.8147788643836975
Improved MLP,0.04130109137598973,0.32102486812358705,0.8146067261695862
Improved MLP,0.041729081960196875,0.32102486812358705,0.8138634562492371
Improved MLP,0.041729081960196875,0.3225320271288621,0.8127284049987793
Improved MLP,0.04194307725230045,0.3225320271288621,0.8108400106430054
Improved MLP,0.04194307725230045,0.32328560663149963,0.8108220100402832
Improved MLP,0.04301305371281832,0.32328560663149963,0.8098199367523193
Improved MLP,0.04301305371281832,0.32479276563677467,0.8096155524253845
Improved MLP,0.043441044297025465,0.32479276563677467,0.8093657493591309
Improved MLP,0.043441044297025465,0.3262999246420497,0.8083904385566711
Improved MLP,0.04365503958912904,0.3262999246420497,0.8079875111579895
Improved MLP,0.04365503958912904,0.3285606631499623,0.807246744632721
Improved MLP,0.04451102075754333,0.3285606631499623,0.8052116632461548
Improved MLP,0.04451102075754333,0.3300678221552374,0.8033137917518616
Improved MLP,0.04493901134175048,0.3300678221552374,0.8029525279998779
Improved MLP,0.04493901134175048,0.33458929917106256,0.8009750247001648
Improved MLP,0.045153006633854055,0.33458929917106256,0.800199568271637
Improved MLP,0.045153006633854055,0.33685003767897514,0.7997442483901978
Improved MLP,0.04600898780226835,0.33685003767897514,0.7985801696777344
Improved MLP,0.04600898780226835,0.33760361718161264,0.7985761761665344
Improved MLP,0.04622298309437192,0.33760361718161264,0.7976870536804199
Improved MLP,0.04622298309437192,0.3383571966842502,0.79716956615448
Improved MLP,0.046436978386475494,0.3383571966842502,0.7964270114898682
Improved MLP,0.046436978386475494,0.3398643556895252,0.7957160472869873
Improved MLP,0.04707896426278622,0.3398643556895252,0.7943204045295715
Improved MLP,0.04707896426278622,0.34061793519216277,0.7937871813774109
Improved MLP,0.04750695484699337,0.34061793519216277,0.7932741045951843
Improved MLP,0.04750695484699337,0.3421250941974378,0.792900800704956
Improved MLP,0.04772095013909694,0.3421250941974378,0.7921627759933472
Improved MLP,0.04772095013909694,0.34287867370007535,0.7918294668197632
Improved MLP,0.048148940723304084,0.34287867370007535,0.7914421558380127
Improved MLP,0.048148940723304084,0.3436322532027129,0.7910422682762146
Improved MLP,0.048576931307511236,0.3436322532027129,0.7899547219276428
Improved MLP,0.048576931307511236,0.3443858327053504,0.7898959517478943
Improved MLP,0.04921891718382196,0.3443858327053504,0.7895671725273132
Improved MLP,0.04921891718382196,0.3458929917106255,0.7890050411224365
Improved MLP,0.04943291247592553,0.3458929917106255,0.7888555526733398
Improved MLP,0.04943291247592553,0.35041446872645066,0.7859455943107605
Improved MLP,0.0496469077680291,0.35041446872645066,0.7856959104537964
Improved MLP,0.0496469077680291,0.35116804822908815,0.7836626768112183
Improved MLP,0.049860903060132675,0.35116804822908815,0.7835392951965332
Improved MLP,0.049860903060132675,0.35267520723436324,0.7827625274658203
Improved MLP,0.050074898352236254,0.35267520723436324,0.7827024459838867
Improved MLP,0.050074898352236254,0.3549359457422758,0.7816585302352905
Improved MLP,0.050288893644339826,0.3549359457422758,0.7815938591957092
Improved MLP,0.050288893644339826,0.3556895252449133,0.7811962366104126
Improved MLP,0.0505028889364434,0.3556895252449133,0.7809072732925415
Improved MLP,0.0505028889364434,0.3624717407686511,0.776874303817749
Improved MLP,0.05093087952065055,0.3624717407686511,0.7765044569969177
Improved MLP,0.05093087952065055,0.3654860587792012,0.7757328748703003
Improved MLP,0.05135887010485769,0.3654860587792012,0.7755323648452759
Improved MLP,0.05135887010485769,0.36623963828183875,0.7753563523292542
Improved MLP,0.051572865396961265,0.36623963828183875,0.7749959230422974
Improved MLP,0.051572865396961265,0.3677467972871138,0.774563193321228
Improved MLP,0.051786860689064844,0.3677467972871138,0.7744013071060181
Improved MLP,0.051786860689064844,0.3700075357950264,0.7741916179656982
Improved MLP,0.05285683714958271,0.3700075357950264,0.7738398313522339
Improved MLP,0.05285683714958271,0.3707611152976639,0.7722641229629517
Improved MLP,0.05307083244168628,0.3707611152976639,0.7722401022911072
Improved MLP,0.05307083244168628,0.373775433308214,0.7709033489227295
Improved MLP,0.05392681361010058,0.373775433308214,0.7689629793167114
Improved MLP,0.05392681361010058,0.37452901281085155,0.7687557935714722
Improved MLP,0.05414080890220415,0.37452901281085155,0.7685636878013611
Improved MLP,0.05414080890220415,0.3752825923134891,0.768371045589447
Improved MLP,0.0545687994864113,0.3752825923134891,0.7681249976158142
Improved MLP,0.0545687994864113,0.3760361718161266,0.7678623199462891
Improved MLP,0.05521078536272202,0.3760361718161266,0.7668102383613586
Improved MLP,0.05521078536272202,0.37678975131876413,0.7663819193840027
Improved MLP,0.055424780654825596,0.37678975131876413,0.7661912441253662
Improved MLP,0.055424780654825596,0.3775433308214017,0.7659105658531189
Improved MLP,0.05692274769955061,0.3775433308214017,0.7644268274307251
Improved MLP,0.05692274769955061,0.3790504898266767,0.763804018497467
Improved MLP,0.05756473357586133,0.3790504898266767,0.7621488571166992
Improved MLP,0.05756473357586133,0.37980406932931426,0.7621220946311951
Improved MLP,0.058206719452172054,0.37980406932931426,0.7603203058242798
Improved MLP,0.058206719452172054,0.38055764883195176,0.7602244019508362
Improved MLP,0.058420714744275626,0.38055764883195176,0.7600542902946472
Improved MLP,0.058420714744275626,0.3813112283345893,0.7592294216156006
Improved MLP,0.0586347100363792,0.3813112283345893,0.7588258981704712
Improved MLP,0.0586347100363792,0.38206480783722685,0.7588177919387817
Improved MLP,0.05949069120479349,0.38206480783722685,0.758204996585846
Improved MLP,0.05949069120479349,0.38432554634513943,0.7567433714866638
Improved MLP,0.059704686496897065,0.38432554634513943,0.7566481232643127
Improved MLP,0.059704686496897065,0.3873398643556895,0.7560527324676514
Improved MLP,0.059918681789000644,0.3873398643556895,0.7559520602226257
Improved MLP,0.059918681789000644,0.3888470233609646,0.7558594346046448
Improved MLP,0.060132677081104216,0.3888470233609646,0.7557673454284668
Improved MLP,0.060132677081104216,0.39035418236623964,0.7554372549057007
Improved MLP,0.06077466295741494,0.39035418236623964,0.7545867562294006
Improved MLP,0.06077466295741494,0.3911077618688772,0.7545199394226074
Improved MLP,0.06098865824951851,0.3911077618688772,0.7543506622314453
Improved MLP,0.06098865824951851,0.3918613413715147,0.7540335059165955
Improved MLP,0.061416648833725655,0.3918613413715147,0.7535924315452576
Improved MLP,0.061416648833725655,0.3933685003767898,0.7528887391090393
Improved MLP,0.06227263000213995,0.3933685003767898,0.7517709136009216
Improved MLP,0.06227263000213995,0.39412207987942727,0.7517213225364685
Improved MLP,0.06291461587845068,0.39412207987942727,0.7515197992324829
Improved MLP,0.06291461587845068,0.3948756593820648,0.7511506676673889
Improved MLP,0.06312861117055425,0.3948756593820648,0.7511336207389832
Improved MLP,0.06312861117055425,0.39562923888470236,0.7506982684135437
Improved MLP,0.06377059704686497,0.39562923888470236,0.7496326565742493
Improved MLP,0.06377059704686497,0.39638281838733985,0.7492396831512451
Improved MLP,0.06398459233896854,0.39638281838733985,0.7489186525344849
Improved MLP,0.06398459233896854,0.3971363978899774,0.7480901479721069
Improved MLP,0.06419858763107211,0.3971363978899774,0.7480021119117737
Improved MLP,0.06419858763107211,0.39788997739261495,0.7476866245269775
Improved MLP,0.06441258292317568,0.39788997739261495,0.7476564049720764
Improved MLP,0.06441258292317568,0.39864355689525244,0.7474837303161621
Improved MLP,0.06462657821527927,0.39864355689525244,0.7461391091346741
Improved MLP,0.06462657821527927,0.40015071590052753,0.745387852191925
Improved MLP,0.06484057350738284,0.40015071590052753,0.7452790141105652
Improved MLP,0.06484057350738284,0.400904295403165,0.7452679872512817
Improved MLP,0.06633854055210785,0.400904295403165,0.744223952293396
Improved MLP,0.06633854055210785,0.40165787490580257,0.7439770102500916
Improved MLP,0.06655253584421143,0.40165787490580257,0.7439738512039185
Improved MLP,0.06655253584421143,0.4031650339110776,0.7435627579689026
Improved MLP,0.066766531136315,0.4031650339110776,0.7432539463043213
Improved MLP,0.066766531136315,0.40617935192162774,0.7418450713157654
Improved MLP,0.06719452172052215,0.40617935192162774,0.7414246201515198
Improved MLP,0.06719452172052215,0.4069329314242653,0.7408457398414612
Improved MLP,0.06740851701262572,0.4069329314242653,0.7403488159179688
Improved MLP,0.06740851701262572,0.4076865109269028,0.7399224042892456
Improved MLP,0.0676225123047293,0.4076865109269028,0.7390122413635254
Improved MLP,0.0676225123047293,0.4091936699321778,0.7389004826545715
Improved MLP,0.06890648405735074,0.4091936699321778,0.7380005717277527
Improved MLP,0.06890648405735074,0.40994724943481536,0.7378076314926147
Improved MLP,0.06912047934945431,0.40994724943481536,0.7375673651695251
Improved MLP,0.06912047934945431,0.4107008289374529,0.7373732924461365
Improved MLP,0.06997646051786861,0.4107008289374529,0.7356614470481873
Improved MLP,0.06997646051786861,0.4114544084400904,0.7354350686073303
Improved MLP,0.07019045580997219,0.4114544084400904,0.7351855039596558
Improved MLP,0.07019045580997219,0.413715146948003,0.7347249984741211
Improved MLP,0.07040445110207576,0.413715146948003,0.7336838245391846
Improved MLP,0.07040445110207576,0.4152223059532781,0.7326741218566895
Improved MLP,0.07147442756259362,0.4152223059532781,0.7315003871917725
Improved MLP,0.07147442756259362,0.4167294649585531,0.7312509417533875
Improved MLP,0.07254440402311149,0.4167294649585531,0.7295807003974915
Improved MLP,0.07254440402311149,0.4189902034664657,0.7292160391807556
Improved MLP,0.07382837577573294,0.4189902034664657,0.727662980556488
Improved MLP,0.07382837577573294,0.42049736247174074,0.7268169522285461
Improved MLP,0.07447036165204365,0.42049736247174074,0.726159393787384
Improved MLP,0.07447036165204365,0.42200452147701584,0.7260165810585022
Improved MLP,0.0748983522362508,0.42200452147701584,0.7259432077407837
Improved MLP,0.0748983522362508,0.42275810097965333,0.7256604433059692
Improved MLP,0.07532634282045796,0.42275810097965333,0.7255978584289551
Improved MLP,0.07532634282045796,0.4235116804822909,0.7255967259407043
Improved MLP,0.07554033811256153,0.4235116804822909,0.7255718111991882
Improved MLP,0.07554033811256153,0.4250188394875659,0.7253749966621399
Improved MLP,0.0757543334046651,0.4250188394875659,0.7251681685447693
Improved MLP,0.0757543334046651,0.42577241899020346,0.7240987420082092
Improved MLP,0.07596832869676867,0.42577241899020346,0.724047064781189
Improved MLP,0.07596832869676867,0.4272795779954785,0.7232774496078491
Improved MLP,0.07703830515728655,0.4272795779954785,0.7209751009941101
Improved MLP,0.07703830515728655,0.42803315749811605,0.7208636403083801
Improved MLP,0.07746629574149369,0.42803315749811605,0.7193172574043274
Improved MLP,0.07746629574149369,0.4287867370007536,0.7189337611198425
Improved MLP,0.07939225337042585,0.4287867370007536,0.7165154218673706
Improved MLP,0.07939225337042585,0.4295403165033911,0.7164802551269531
Improved MLP,0.07939225337042585,0.4310474755086662,0.716035783290863
Improved MLP,0.07939225337042585,0.43180105501130367,0.7153679728507996
Improved MLP,0.08003423924673657,0.43180105501130367,0.7143452167510986
Improved MLP,0.08003423924673657,0.43406179351921625,0.7131693363189697
Improved MLP,0.08024823453884014,0.43406179351921625,0.7123302817344666
Improved MLP,0.08024823453884014,0.4348153730218538,0.7122668623924255
Improved MLP,0.0806762251230473,0.4348153730218538,0.7114661931991577
Improved MLP,0.0806762251230473,0.43632253202712884,0.7112762928009033
Improved MLP,0.08131821099935801,0.43632253202712884,0.7108667492866516
Improved MLP,0.08131821099935801,0.4370761115297664,0.7108463048934937
Improved MLP,0.08153220629146159,0.4370761115297664,0.7103139758110046
Improved MLP,0.08153220629146159,0.4385832705350414,0.7101058959960938
Improved MLP,0.08238818745987589,0.4385832705350414,0.7091153264045715
Improved MLP,0.08238818745987589,0.4400904295403165,0.7082583904266357
Improved MLP,0.08260218275197946,0.4400904295403165,0.7079086303710938
Improved MLP,0.08260218275197946,0.44159758854559156,0.7078383564949036
Improved MLP,0.08410014979670448,0.44159758854559156,0.7069184184074402
Improved MLP,0.08410014979670448,0.4423511680482291,0.7069141864776611
Improved MLP,0.08431414508880805,0.4423511680482291,0.7067269086837769
Improved MLP,0.08431414508880805,0.4431047475508666,0.7059409022331238
Improved MLP,0.08452814038091162,0.4431047475508666,0.705880880355835
Improved MLP,0.08452814038091162,0.44385832705350414,0.705325722694397
Improved MLP,0.0847421356730152,0.44385832705350414,0.7045738697052002
Improved MLP,0.0847421356730152,0.4453654860587792,0.7040026187896729
Improved MLP,0.08495613096511877,0.4453654860587792,0.7039767503738403
Improved MLP,0.08495613096511877,0.4461190655614167,0.7037337422370911
Improved MLP,0.08559811684142948,0.4461190655614167,0.7027803659439087
Improved MLP,0.08559811684142948,0.4468726450640543,0.7026241421699524
Improved MLP,0.08624010271774021,0.4468726450640543,0.70162433385849
Improved MLP,0.08624010271774021,0.44762622456669177,0.7013388872146606
Improved MLP,0.08666809330194736,0.44762622456669177,0.7006987929344177
Improved MLP,0.08666809330194736,0.44913338357196686,0.6997560262680054
Improved MLP,0.08688208859405093,0.44913338357196686,0.6992385387420654
Improved MLP,0.08688208859405093,0.4506405425772419,0.6987291574478149
Improved MLP,0.08731007917825807,0.4506405425772419,0.6976884603500366
Improved MLP,0.08731007917825807,0.45365486058779203,0.6951051950454712
Improved MLP,0.08773806976246523,0.45365486058779203,0.694526731967926
Improved MLP,0.08773806976246523,0.45742275810097965,0.6935222148895264
Improved MLP,0.0879520650545688,0.45742275810097965,0.6933488845825195
Improved MLP,0.0879520650545688,0.4589299171062547,0.693159282207489
Improved MLP,0.08816606034667238,0.4589299171062547,0.6930974125862122
Improved MLP,0.08816606034667238,0.45968349660889224,0.6930912733078003
Improved MLP,0.08859405093087952,0.45968349660889224,0.6919787526130676
Improved MLP,0.08859405093087952,0.4604370761115298,0.6918751001358032
Improved MLP,0.08880804622298309,0.4604370761115298,0.6917012333869934
Improved MLP,0.08880804622298309,0.4611906556141673,0.6915668249130249
Improved MLP,0.08902204151508666,0.4611906556141673,0.6914370059967041
Improved MLP,0.08902204151508666,0.4619442351168048,0.6913507580757141
Improved MLP,0.08923603680719024,0.4619442351168048,0.6912823915481567
Improved MLP,0.08923603680719024,0.46269781461944237,0.690743088722229
Improved MLP,0.08945003209929382,0.46269781461944237,0.6904069185256958
Improved MLP,0.08945003209929382,0.46345139412207986,0.6901279091835022
Improved MLP,0.08987802268350097,0.46345139412207986,0.6889250874519348
Improved MLP,0.08987802268350097,0.46495855312735496,0.6888806223869324
Improved MLP,0.09073400385191525,0.46495855312735496,0.6875789165496826
Improved MLP,0.09073400385191525,0.46571213262999245,0.6869742274284363
Improved MLP,0.09287395677295099,0.46571213262999245,0.6844025254249573
Improved MLP,0.09287395677295099,0.46646571213263,0.6843836903572083
Improved MLP,0.09308795206505457,0.46646571213263,0.6840540766716003
Improved MLP,0.09308795206505457,0.46721929163526754,0.6838658452033997
Improved MLP,0.09501390969398674,0.46721929163526754,0.6817691922187805
Improved MLP,0.09501390969398674,0.4687264506405426,0.6816901564598083
Improved MLP,0.09522790498609031,0.4687264506405426,0.6814881563186646
Improved MLP,0.09522790498609031,0.4694800301431801,0.6814814805984497
Improved MLP,0.09565589557029745,0.4694800301431801,0.6813017129898071
Improved MLP,0.09565589557029745,0.4702336096458176,0.6810073852539062
Improved MLP,0.0960838861545046,0.4702336096458176,0.680267333984375
Improved MLP,0.0960838861545046,0.47098718914845517,0.6801518797874451
Improved MLP,0.09629788144660817,0.47098718914845517,0.680020272731781
Improved MLP,0.09629788144660817,0.4724943481537302,0.6786681413650513
Improved MLP,0.09715386261502247,0.4724943481537302,0.6783155202865601
Improved MLP,0.09715386261502247,0.4747550866616428,0.6763933897018433
Improved MLP,0.09736785790712604,0.4747550866616428,0.6758375763893127
Improved MLP,0.09736785790712604,0.4770158251695554,0.6756978034973145
Improved MLP,0.09800984378343676,0.4770158251695554,0.6750360131263733
Improved MLP,0.09800984378343676,0.4777694046721929,0.6746510863304138
Improved MLP,0.09865182965974749,0.4777694046721929,0.6728982329368591
Improved MLP,0.09865182965974749,0.47852298417483047,0.6727988123893738
Improved MLP,0.09907982024395463,0.47852298417483047,0.672137439250946
Improved MLP,0.09907982024395463,0.48078372268274305,0.671348512172699
Improved MLP,0.09972180612026535,0.48078372268274305,0.6688868403434753
Improved MLP,0.09972180612026535,0.48153730218538054,0.6686198115348816
Improved MLP,0.10057778728867965,0.48153730218538054,0.6676886081695557
Improved MLP,0.10057778728867965,0.48304446119065564,0.6670107245445251
Improved MLP,0.10121977316499037,0.48304446119065564,0.6665908098220825
Improved MLP,0.10121977316499037,0.48379804069329313,0.66610187292099
Improved MLP,0.10143376845709394,0.48379804069329313,0.6655900478363037
Improved MLP,0.10143376845709394,0.4845516201959307,0.6647942066192627
Improved MLP,0.10250374491761181,0.4845516201959307,0.6633620262145996
Improved MLP,0.10250374491761181,0.4853051996985682,0.6631571650505066
Improved MLP,0.1033597260860261,0.4853051996985682,0.661980926990509
Improved MLP,0.1033597260860261,0.4860587792012057,0.6617737412452698
Improved MLP,0.10357372137812969,0.4860587792012057,0.6613209843635559
Improved MLP,0.10357372137812969,0.48681235870384326,0.6606109738349915
Improved MLP,0.10400171196233683,0.48681235870384326,0.6601414680480957
Improved MLP,0.10400171196233683,0.4875659382064808,0.6599858999252319
Improved MLP,0.10549967900706185,0.4875659382064808,0.6588180661201477
Improved MLP,0.10549967900706185,0.48907309721175585,0.6583824753761292
Improved MLP,0.10571367429916542,0.48907309721175585,0.6581810116767883
Improved MLP,0.10571367429916542,0.492087415222306,0.6570205688476562
Improved MLP,0.105927669591269,0.492087415222306,0.6567986011505127
Improved MLP,0.105927669591269,0.49284099472494347,0.6566301584243774
Improved MLP,0.10721164134389044,0.49284099472494347,0.6551539301872253
Improved MLP,0.10721164134389044,0.493594574227581,0.6530095934867859
Improved MLP,0.10785362722020116,0.493594574227581,0.6518493294715881
Improved MLP,0.10785362722020116,0.4958553127354936,0.6505970358848572
Improved MLP,0.10849561309651187,0.4958553127354936,0.649634599685669
Improved MLP,0.10849561309651187,0.49660889223813115,0.6495583057403564
Improved MLP,0.10892360368071903,0.49660889223813115,0.6489295363426208
Improved MLP,0.10892360368071903,0.49736247174076864,0.6488733291625977
Improved MLP,0.1091375989728226,0.49736247174076864,0.6487340927124023
Improved MLP,0.1091375989728226,0.4981160512434062,0.6485820412635803
Improved MLP,0.11020757543334046,0.4981160512434062,0.6478475332260132
Improved MLP,0.11020757543334046,0.5011303692539563,0.6464498043060303
Improved MLP,0.11084956130965119,0.5011303692539563,0.6460773348808289
Improved MLP,0.11084956130965119,0.5048982667671439,0.6439492702484131
Improved MLP,0.11127755189385834,0.5048982667671439,0.643765389919281
Improved MLP,0.11127755189385834,0.5056518462697814,0.6437379717826843
Improved MLP,0.11191953777016905,0.5056518462697814,0.641625702381134
Improved MLP,0.11191953777016905,0.506405425772419,0.6412853002548218
Improved MLP,0.11213353306227263,0.506405425772419,0.6409123539924622
Improved MLP,0.11213353306227263,0.5086661642803316,0.6401056051254272
Improved MLP,0.1123475283543762,0.5086661642803316,0.6392443776130676
Improved MLP,0.1123475283543762,0.5094197437829691,0.639011800289154
Improved MLP,0.11363150010699764,0.5094197437829691,0.6369071006774902
Improved MLP,0.11363150010699764,0.5101733232856066,0.6368899941444397
Improved MLP,0.11405949069120479,0.5101733232856066,0.6361798644065857
Improved MLP,0.11405949069120479,0.5109269027882442,0.6359295845031738
Improved MLP,0.11448748127541195,0.5109269027882442,0.6356917023658752
Improved MLP,0.11448748127541195,0.5116804822908817,0.6350290775299072
Improved MLP,0.1155574577359298,0.5116804822908817,0.6346752047538757
Improved MLP,0.1155574577359298,0.5124340617935192,0.6342304944992065
Improved MLP,0.11598544832013696,0.5124340617935192,0.6331814527511597
Improved MLP,0.11598544832013696,0.5131876412961568,0.6329905390739441
Improved MLP,0.11619944361224054,0.5131876412961568,0.6329315900802612
Improved MLP,0.11619944361224054,0.5139412207987942,0.632806122303009
Improved MLP,0.11684142948855125,0.5139412207987942,0.6322100758552551
Improved MLP,0.11684142948855125,0.5146948003014318,0.6321666836738586
Improved MLP,0.11855339182537984,0.5146948003014318,0.6302384734153748
Improved MLP,0.11855339182537984,0.5154483798040693,0.6301031112670898
Improved MLP,0.11898138240958699,0.5154483798040693,0.6294892430305481
Improved MLP,0.11898138240958699,0.5169555388093444,0.6294162273406982
Improved MLP,0.12005135887010486,0.5169555388093444,0.6284307837486267
Improved MLP,0.12005135887010486,0.517709118311982,0.6284131407737732
Improved MLP,0.12090734003851915,0.517709118311982,0.6260654926300049
Improved MLP,0.12090734003851915,0.5184626978146194,0.6258336305618286
Improved MLP,0.12154932591482988,0.5184626978146194,0.6256008744239807
Improved MLP,0.12154932591482988,0.5199698568198945,0.6249831318855286
Improved MLP,0.1221913117911406,0.5199698568198945,0.6246556639671326
Improved MLP,0.1221913117911406,0.520723436322532,0.6246112585067749
Improved MLP,0.1230472929595549,0.520723436322532,0.6236231327056885
Improved MLP,0.1230472929595549,0.5222305953278071,0.6233797669410706
Improved MLP,0.12347528354376204,0.5222305953278071,0.6219087243080139
Improved MLP,0.12347528354376204,0.5229841748304446,0.6217626929283142
Improved MLP,0.12390327412796918,0.5229841748304446,0.6214305758476257
Improved MLP,0.12390327412796918,0.5237377543330821,0.6214106678962708
Improved MLP,0.12411726942007276,0.5237377543330821,0.6212142109870911
Improved MLP,0.12411726942007276,0.5244913338357197,0.6210859417915344
Improved MLP,0.12433126471217633,0.5244913338357197,0.6210693120956421
Improved MLP,0.12433126471217633,0.5252449133383572,0.6209680438041687
Improved MLP,0.12475925529638347,0.5252449133383572,0.6207654476165771
Improved MLP,0.12475925529638347,0.5259984928409948,0.6204400658607483
Improved MLP,0.12518724588059063,0.5259984928409948,0.6204327344894409
Improved MLP,0.12518724588059063,0.5267520723436323,0.6203644871711731
Improved MLP,0.1254012411726942,0.5267520723436323,0.6202474236488342
Improved MLP,0.1254012411726942,0.5282592313489073,0.6200676560401917
Improved MLP,0.12668521292531565,0.5282592313489073,0.6181877255439758
Improved MLP,0.12668521292531565,0.5290128108515448,0.6177306771278381
Improved MLP,0.12903916113845496,0.5290128108515448,0.6130626797676086
Improved MLP,0.12903916113845496,0.5297663903541824,0.6130504012107849
Improved MLP,0.13053712818317997,0.5297663903541824,0.611589252948761
Improved MLP,0.13053712818317997,0.5320271288620949,0.6111418008804321
Improved MLP,0.1318210999358014,0.5320271288620949,0.6094928979873657
Improved MLP,0.1318210999358014,0.5327807083647325,0.6084221601486206
Improved MLP,0.13224909052000855,0.5327807083647325,0.6078971028327942
Improved MLP,0.13224909052000855,0.53353428786737,0.6078238487243652
Improved MLP,0.1326770811042157,0.53353428786737,0.6067101955413818
Improved MLP,0.1326770811042157,0.5357950263752826,0.606015145778656
Improved MLP,0.13331906698052642,0.5357950263752826,0.6044694185256958
Improved MLP,0.13331906698052642,0.5365486058779201,0.6043952703475952
Improved MLP,0.13353306227263,0.5365486058779201,0.6043281555175781
Improved MLP,0.13353306227263,0.5380557648831952,0.6032911539077759
Improved MLP,0.13374705756473357,0.5380557648831952,0.6028000116348267
Improved MLP,0.13374705756473357,0.5388093443858327,0.6025038361549377
Improved MLP,0.1343890434410443,0.5388093443858327,0.6023518443107605
Improved MLP,0.1343890434410443,0.5403165033911078,0.6017345190048218
Improved MLP,0.13503102931735503,0.5403165033911078,0.6014308929443359
Improved MLP,0.13503102931735503,0.5410700828937453,0.6013745069503784
Improved MLP,0.1352450246094586,0.5410700828937453,0.6012043356895447
Improved MLP,0.1352450246094586,0.5418236623963828,0.6008530855178833
Improved MLP,0.1367429916541836,0.5418236623963828,0.5993532538414001
Improved MLP,0.1367429916541836,0.5425772418990203,0.5992359519004822
Improved MLP,0.13802696340680504,0.5425772418990203,0.5975860357284546
Improved MLP,0.13802696340680504,0.5440844009042954,0.5965819358825684
Improved MLP,0.1384549539910122,0.5440844009042954,0.5960334539413452
Improved MLP,0.1384549539910122,0.5455915599095704,0.5959168076515198
Improved MLP,0.1390969398673229,0.5455915599095704,0.5954753160476685
Improved MLP,0.1390969398673229,0.546345139412208,0.5950989127159119
Improved MLP,0.14016691632784078,0.546345139412208,0.5940276384353638
Improved MLP,0.14016691632784078,0.5470987189148455,0.5936173796653748
Improved MLP,0.14145088808046222,0.5470987189148455,0.5916898250579834
Improved MLP,0.14145088808046222,0.5478522984174831,0.5913689136505127
Improved MLP,0.14316285041729082,0.5478522984174831,0.5892235040664673
Improved MLP,0.14316285041729082,0.5486058779201206,0.5889600515365601
Improved MLP,0.1448748127541194,0.5486058779201206,0.5856934785842896
Improved MLP,0.1448748127541194,0.549359457422758,0.5856789946556091
Improved MLP,0.14701476567515515,0.549359457422758,0.5819433331489563
Improved MLP,0.14701476567515515,0.5501130369253956,0.5812473893165588
Improved MLP,0.1489407233040873,0.5501130369253956,0.5798564553260803
Improved MLP,0.1489407233040873,0.5508666164280331,0.5794792175292969
Improved MLP,0.14936871388829445,0.5508666164280331,0.5793538093566895
Improved MLP,0.14936871388829445,0.5516201959306707,0.5792382955551147
Improved MLP,0.15108067622512306,0.5516201959306707,0.5781362056732178
Improved MLP,0.15108067622512306,0.5523737754333082,0.5779222249984741
Improved MLP,0.15364861973036592,0.5523737754333082,0.5729876756668091
Improved MLP,0.15364861973036592,0.5546345139412208,0.5720030665397644
Improved MLP,0.1538626150224695,0.5546345139412208,0.5715877413749695
Improved MLP,0.1538626150224695,0.5553880934438583,0.5713179707527161
Improved MLP,0.15514658677509094,0.5553880934438583,0.5686405897140503
Improved MLP,0.15514658677509094,0.5561416729464959,0.5684605240821838
Improved MLP,0.15536058206719452,0.5561416729464959,0.5684238076210022
Improved MLP,0.15536058206719452,0.5584024114544084,0.5674797892570496
Improved MLP,0.15600256794350525,0.5584024114544084,0.5666279792785645
Improved MLP,0.15600256794350525,0.5591559909570459,0.5656030774116516
Improved MLP,0.15857051144874812,0.5591559909570459,0.5623440146446228
Improved MLP,0.15857051144874812,0.5599095704596835,0.5620324015617371
Improved MLP,0.15921249732505885,0.5599095704596835,0.5607052445411682
Improved MLP,0.15921249732505885,0.560663149962321,0.5602172017097473
Improved MLP,0.15942649261716244,0.560663149962321,0.5600829720497131
Improved MLP,0.15942649261716244,0.5614167294649586,0.5600394606590271
Improved MLP,0.16049646907768028,0.5614167294649586,0.5583255290985107
Improved MLP,0.16071046436978387,0.5621703089675961,0.5580980777740479
Improved MLP,0.16220843141450889,0.5621703089675961,0.5554965138435364
Improved MLP,0.16220843141450889,0.5629238884702336,0.5551999807357788
Improved MLP,0.16263642199871603,0.5629238884702336,0.5540823340415955
Improved MLP,0.16263642199871603,0.5636774679728711,0.5540181994438171
Improved MLP,0.16349240316713032,0.5636774679728711,0.5518980026245117
Improved MLP,0.16349240316713032,0.5651846269781462,0.5516359806060791
Improved MLP,0.16413438904344105,0.5651846269781462,0.5506063103675842
Improved MLP,0.16413438904344105,0.5666917859834213,0.5502557158470154
Improved MLP,0.1645623796276482,0.5666917859834213,0.5499391555786133
Improved MLP,0.1645623796276482,0.5674453654860587,0.5495479106903076
Improved MLP,0.16563235608816607,0.5674453654860587,0.5466825366020203
Improved MLP,0.16563235608816607,0.5681989449886963,0.5462732911109924
Improved MLP,0.16627434196447677,0.5681989449886963,0.5460364818572998
Improved MLP,0.16627434196447677,0.5689525244913338,0.5459903478622437
Improved MLP,0.16648833725658035,0.5689525244913338,0.5457250475883484
Improved MLP,0.16648833725658035,0.5712132629992465,0.5453259944915771
Improved MLP,0.1669163278407875,0.5712132629992465,0.545138955116272
Improved MLP,0.1669163278407875,0.5719668425018839,0.5446459054946899
Improved MLP,0.16755831371709823,0.5719668425018839,0.5439692735671997
Improved MLP,0.16755831371709823,0.5727204220045214,0.5438774228096008
Improved MLP,0.16820029959340896,0.5727204220045214,0.5436193346977234
Improved MLP,0.16820029959340896,0.573474001507159,0.5434972643852234
Improved MLP,0.16969826663813395,0.573474001507159,0.5410524010658264
Improved MLP,0.16969826663813395,0.5742275810097965,0.5409805178642273
Improved MLP,0.17119623368285897,0.5742275810097965,0.5398563742637634
Improved MLP,0.17119623368285897,0.5757347400150716,0.5394488573074341
Improved MLP,0.17141022897496255,0.5757347400150716,0.5394041538238525
Improved MLP,0.17141022897496255,0.5772418990203466,0.538628101348877
Improved MLP,0.17269420072758399,0.5772418990203466,0.5379120111465454
Improved MLP,0.17269420072758399,0.5779954785229842,0.5377515554428101
Improved MLP,0.17312219131179113,0.5779954785229842,0.5376387238502502
Improved MLP,0.17312219131179113,0.5787490580256217,0.5375034809112549
Improved MLP,0.17333618660389472,0.5787490580256217,0.5368171334266663
Improved MLP,0.17333618660389472,0.5795026375282593,0.5367019176483154
Improved MLP,0.1735501818959983,0.5795026375282593,0.5364143252372742
Improved MLP,0.1735501818959983,0.5802562170308968,0.5362161993980408
Improved MLP,0.17376417718810186,0.5802562170308968,0.5355880856513977
Improved MLP,0.17376417718810186,0.5810097965335342,0.5354034900665283
Improved MLP,0.17397817248020545,0.5810097965335342,0.5353916883468628
Improved MLP,0.17397817248020545,0.5817633760361718,0.5351861715316772
Improved MLP,0.1744061630644126,0.5817633760361718,0.5350095629692078
Improved MLP,0.1744061630644126,0.5825169555388093,0.53480464220047
Improved MLP,0.17462015835651615,0.5825169555388093,0.5346354842185974
Improved MLP,0.17462015835651615,0.5832705350414469,0.5341664552688599
Improved MLP,0.17526214423282688,0.5832705350414469,0.5334882140159607
Improved MLP,0.17526214423282688,0.584777694046722,0.5330511331558228
Improved MLP,0.17569013481703402,0.584777694046722,0.5329684019088745
Improved MLP,0.17569013481703402,0.5855312735493594,0.5328895449638367
Improved MLP,0.17633212069334475,0.5855312735493594,0.5317090749740601
Improved MLP,0.17633212069334475,0.586284853051997,0.5316436290740967
Improved MLP,0.17740209715386263,0.586284853051997,0.5297328233718872
Improved MLP,0.17740209715386263,0.5870384325546345,0.5297013521194458
Improved MLP,0.17761609244596618,0.5870384325546345,0.529607355594635
Improved MLP,0.17761609244596618,0.5885455915599096,0.5294482707977295
Improved MLP,0.17804408303017333,0.5885455915599096,0.5283902883529663
Improved MLP,0.17804408303017333,0.5892991710625471,0.5283000469207764
Improved MLP,0.17847207361438047,0.5892991710625471,0.5281234383583069
Improved MLP,0.17847207361438047,0.5900527505651846,0.528109073638916
Improved MLP,0.1793280547827948,0.5900527505651846,0.527603030204773
Improved MLP,0.1793280547827948,0.5908063300678221,0.5273541808128357
Improved MLP,0.17954205007489835,0.5908063300678221,0.5272504687309265
Improved MLP,0.17954205007489835,0.5923134890730972,0.5269457101821899
Improved MLP,0.1808260218275198,0.5923134890730972,0.5255941152572632
Improved MLP,0.1808260218275198,0.5930670685757348,0.5254405736923218
Improved MLP,0.18189599828803765,0.5930670685757348,0.5243738889694214
Improved MLP,0.18189599828803765,0.5938206480783723,0.5239419341087341
Improved MLP,0.18253798416434838,0.5938206480783723,0.523473858833313
Improved MLP,0.18253798416434838,0.5945742275810098,0.5230822563171387
Improved MLP,0.1840359512090734,0.5945742275810098,0.5209555625915527
Improved MLP,0.1840359512090734,0.5953278070836473,0.5208354592323303
Improved MLP,0.18510592766959127,0.5953278070836473,0.5201533436775208
Improved MLP,0.18510592766959127,0.5960813865862848,0.51993727684021
Improved MLP,0.18553391825379842,0.5960813865862848,0.5195057392120361
Improved MLP,0.18553391825379842,0.5968349660889224,0.5194315910339355
Improved MLP,0.1866038947143163,0.5968349660889224,0.5180221796035767
Improved MLP,0.1866038947143163,0.5975885455915599,0.5177948474884033
Improved MLP,0.18681789000641985,0.5975885455915599,0.5177180171012878
Improved MLP,0.18681789000641985,0.5983421250941975,0.5175794959068298
Improved MLP,0.18767387117483417,0.5983421250941975,0.5172705054283142
Improved MLP,0.18767387117483417,0.5990957045968349,0.5166239738464355
Improved MLP,0.18831585705114487,0.5990957045968349,0.5158414840698242
Improved MLP,0.18831585705114487,0.5998492840994725,0.5157613754272461
Improved MLP,0.19024181468007703,0.5998492840994725,0.5135351419448853
Improved MLP,0.19024181468007703,0.60060286360211,0.5134994387626648
Improved MLP,0.19088380055638776,0.60060286360211,0.5129337310791016
Improved MLP,0.19088380055638776,0.6013564431047476,0.5129204988479614
Improved MLP,0.19195377701690564,0.6013564431047476,0.5124394297599792
Improved MLP,0.19195377701690564,0.6021100226073851,0.5122323632240295
Improved MLP,0.19280975818531992,0.6021100226073851,0.511385440826416
Improved MLP,0.19280975818531992,0.6028636021100227,0.5113279819488525
Improved MLP,0.19323774876952707,0.6028636021100227,0.5112351775169373
Improved MLP,0.19323774876952707,0.6036171816126601,0.5103570222854614
Improved MLP,0.19730365931949498,0.6036171816126601,0.5073213577270508
Improved MLP,0.19730365931949498,0.6043707611152976,0.507228434085846
Improved MLP,0.19751765461159854,0.6043707611152976,0.5067240595817566
Improved MLP,0.19751765461159854,0.6051243406179352,0.5066936016082764
Improved MLP,0.20072758399315216,0.6051243406179352,0.5053017735481262
Improved MLP,0.20072758399315216,0.6058779201205727,0.5050767064094543
Improved MLP,0.20243954632998074,0.6058779201205727,0.5044541358947754
Improved MLP,0.20243954632998074,0.6066314996232103,0.5044026374816895
Improved MLP,0.20308153220629147,0.6066314996232103,0.5037692189216614
Improved MLP,0.20308153220629147,0.6073850791258478,0.5036678314208984
Improved MLP,0.2043655039589129,0.6073850791258478,0.5021178126335144
Improved MLP,0.2043655039589129,0.6088922381311228,0.5020443201065063
Improved MLP,0.20821741921677722,0.6088922381311228,0.49847960472106934
Improved MLP,0.20821741921677722,0.6103993971363979,0.49830546975135803
Improved MLP,0.20864540980098437,0.6103993971363979,0.4981871545314789
Improved MLP,0.20864540980098437,0.611906556141673,0.4981755018234253
Improved MLP,0.2092873956772951,0.611906556141673,0.49753591418266296
Improved MLP,0.2092873956772951,0.613413715146948,0.49739474058151245
Improved MLP,0.21035737213781297,0.613413715146948,0.4967944025993347
Improved MLP,0.21035737213781297,0.6141672946495855,0.49670010805130005
Improved MLP,0.21228332976674513,0.6141672946495855,0.4952673614025116
Improved MLP,0.21228332976674513,0.6156744536548606,0.49449002742767334
Improved MLP,0.21292531564305586,0.6156744536548606,0.4942590594291687
Improved MLP,0.21292531564305586,0.6164280331574982,0.4940033257007599
Improved MLP,0.21527926385619517,0.6164280331574982,0.4919779598712921
Improved MLP,0.21527926385619517,0.6179351921627732,0.49157238006591797
Improved MLP,0.21592124973250587,0.6179351921627732,0.4910149872303009
Improved MLP,0.21592124973250587,0.6186887716654107,0.49065884947776794
Improved MLP,0.21763321206933448,0.6186887716654107,0.4898951053619385
Improved MLP,0.21763321206933448,0.6194423511680482,0.48973166942596436
Improved MLP,0.21806120265354162,0.6194423511680482,0.48965004086494446
Improved MLP,0.21806120265354162,0.6201959306706858,0.48958808183670044
Improved MLP,0.2206291461587845,0.6201959306706858,0.4874013364315033
Improved MLP,0.2206291461587845,0.6209495101733233,0.48734042048454285
Improved MLP,0.22105713674299166,0.6209495101733233,0.4873024821281433
Improved MLP,0.22105713674299166,0.6217030896759608,0.487142413854599
Improved MLP,0.22191311791140594,0.6217030896759608,0.48657795786857605
Improved MLP,0.22191311791140594,0.6224566691785983,0.48626217246055603
Improved MLP,0.22362508024823455,0.6224566691785983,0.4853020906448364
Improved MLP,0.22362508024823455,0.6232102486812359,0.4853006899356842
Improved MLP,0.22448106141664884,0.6232102486812359,0.48492804169654846
Improved MLP,0.22448106141664884,0.6254709871891485,0.4847220182418823
Improved MLP,0.2246950567087524,0.6254709871891485,0.48454222083091736
Improved MLP,0.2246950567087524,0.627731725697061,0.4843486249446869
Improved MLP,0.22597902846137385,0.627731725697061,0.4832102954387665
Improved MLP,0.22597902846137385,0.6284853051996986,0.48289552330970764
Improved MLP,0.22662101433768458,0.6284853051996986,0.48215168714523315
Improved MLP,0.22662101433768458,0.6299924642049737,0.48145389556884766
Improved MLP,0.22704900492189173,0.6299924642049737,0.48119649291038513
Improved MLP,0.22704900492189173,0.6307460437076111,0.4811629354953766
Improved MLP,0.22747699550609887,0.6307460437076111,0.4810956120491028
Improved MLP,0.22747699550609887,0.6314996232102487,0.48103809356689453
Improved MLP,0.22811898138240957,0.6314996232102487,0.480618417263031
Improved MLP,0.22811898138240957,0.6322532027128862,0.4806007742881775
Improved MLP,0.22854697196661675,0.6322532027128862,0.480415940284729
Improved MLP,0.22854697196661675,0.6330067822155238,0.480364590883255
Improved MLP,0.2289749625508239,0.6330067822155238,0.4800492823123932
Improved MLP,0.2289749625508239,0.6337603617181613,0.47962287068367004
Improved MLP,0.22940295313503103,0.6337603617181613,0.47951540350914
Improved MLP,0.22940295313503103,0.6352675207234363,0.47914087772369385
Improved MLP,0.2313289107639632,0.6352675207234363,0.47804611921310425
Improved MLP,0.2313289107639632,0.6360211002260738,0.4778321385383606
Improved MLP,0.23197089664027393,0.6360211002260738,0.4776267409324646
Improved MLP,0.23197089664027393,0.6367746797287114,0.4775495231151581
Improved MLP,0.2336828589771025,0.6367746797287114,0.476087361574173
Improved MLP,0.2336828589771025,0.6375282592313489,0.47599855065345764
Improved MLP,0.2345388401455168,0.6375282592313489,0.4756917357444763
Improved MLP,0.2345388401455168,0.6382818387339865,0.47522619366645813
Improved MLP,0.23518082602182752,0.6382818387339865,0.4750620722770691
Improved MLP,0.23518082602182752,0.6390354182366239,0.47500497102737427
Improved MLP,0.2368927883586561,0.6390354182366239,0.47406089305877686
Improved MLP,0.2368927883586561,0.6397889977392615,0.47403645515441895
Improved MLP,0.2377487695270704,0.6397889977392615,0.4735776484012604
Improved MLP,0.2377487695270704,0.640542577241899,0.47353076934814453
Improved MLP,0.23967472715600258,0.640542577241899,0.4724428355693817
Improved MLP,0.23967472715600258,0.6412961567445365,0.47243911027908325
Improved MLP,0.24010271774020972,0.6412961567445365,0.4721100330352783
Improved MLP,0.24010271774020972,0.6420497362471741,0.4721047282218933
Improved MLP,0.2418146800770383,0.6420497362471741,0.4715099334716797
Improved MLP,0.2418146800770383,0.6428033157498116,0.47130781412124634
Improved MLP,0.24331264712176331,0.6428033157498116,0.4706941843032837
Improved MLP,0.24331264712176331,0.6435568952524491,0.4701956808567047
Improved MLP,0.24502460945859192,0.6435568952524491,0.4691829979419708
Improved MLP,0.24502460945859192,0.6443104747550866,0.46903225779533386
Improved MLP,0.24523860475069548,0.6443104747550866,0.4689706861972809
Improved MLP,0.24523860475069548,0.6450640542577242,0.4688418209552765
Improved MLP,0.24545260004279906,0.6450640542577242,0.46879252791404724
Improved MLP,0.24545260004279906,0.6465712132629993,0.4686954617500305
Improved MLP,0.24780654825593837,0.6465712132629993,0.4676201641559601
Improved MLP,0.24780654825593837,0.6473247927656368,0.4674527645111084
Improved MLP,0.2482345388401455,0.6473247927656368,0.467055082321167
Improved MLP,0.2482345388401455,0.6480783722682742,0.4669531583786011
Improved MLP,0.2501604964690777,0.6480783722682742,0.4661862850189209
Improved MLP,0.2501604964690777,0.6488319517709118,0.46608462929725647
Improved MLP,0.2508024823453884,0.6488319517709118,0.46585437655448914
Improved MLP,0.2508024823453884,0.6495855312735493,0.46567511558532715
Improved MLP,0.25101647763749196,0.6495855312735493,0.4656640291213989
Improved MLP,0.25101647763749196,0.6503391107761869,0.4656257927417755
Improved MLP,0.25208645409800984,0.6503391107761869,0.4652038514614105
Improved MLP,0.25208645409800984,0.6510926902788244,0.4651707410812378
Improved MLP,0.2523004493901134,0.6510926902788244,0.4651273488998413
Improved MLP,0.2523004493901134,0.651846269781462,0.4647733271121979
Improved MLP,0.25272843997432054,0.651846269781462,0.4645310640335083
Improved MLP,0.25272843997432054,0.6525998492840994,0.464407742023468
Improved MLP,0.2537984164348384,0.6525998492840994,0.4638027250766754
Improved MLP,0.2537984164348384,0.653353428786737,0.46374672651290894
Improved MLP,0.2550823881874599,0.653353428786737,0.46307554841041565
Improved MLP,0.2550823881874599,0.6548605877920121,0.4630037248134613
Improved MLP,0.25551037877166705,0.6548605877920121,0.4627421498298645
Improved MLP,0.25551037877166705,0.6556141672946496,0.4626825749874115
Improved MLP,0.25658035523218486,0.6556141672946496,0.4617396891117096
Improved MLP,0.25658035523218486,0.6563677467972872,0.46165189146995544
Improved MLP,0.25765033169270274,0.6563677467972872,0.46089813113212585
Improved MLP,0.25765033169270274,0.6571213262999246,0.46063828468322754
Improved MLP,0.2580783222769099,0.6571213262999246,0.460626482963562
Improved MLP,0.2580783222769099,0.6578749058025621,0.4604925215244293
Improved MLP,0.2582923175690135,0.6578749058025621,0.46046993136405945
Improved MLP,0.2582923175690135,0.6586284853051997,0.4603157341480255
Improved MLP,0.2587203081532206,0.6586284853051997,0.46012383699417114
Improved MLP,0.2587203081532206,0.6593820648078372,0.46008262038230896
Improved MLP,0.2589343034453242,0.6593820648078372,0.46002474427223206
Improved MLP,0.2589343034453242,0.6601356443104748,0.4598827064037323
Improved MLP,0.2600042799058421,0.6601356443104748,0.4589345157146454
Improved MLP,0.2600042799058421,0.6608892238131123,0.4588780701160431
Improved MLP,0.26086026107425636,0.6608892238131123,0.4584253430366516
Improved MLP,0.26086026107425636,0.6616428033157498,0.4583832621574402
Improved MLP,0.2627862187031885,0.6616428033157498,0.4566912055015564
Improved MLP,0.2627862187031885,0.6623963828183873,0.4566086232662201
Improved MLP,0.26578215279263856,0.6623963828183873,0.45589885115623474
Improved MLP,0.26578215279263856,0.6631499623210249,0.45574745535850525
Improved MLP,0.26599614808474215,0.6631499623210249,0.4557282030582428
Improved MLP,0.26599614808474215,0.6639035418236624,0.4557242691516876
Improved MLP,0.26621014337684573,0.6639035418236624,0.45570290088653564
Improved MLP,0.26621014337684573,0.6646571213263,0.45565882325172424
Improved MLP,0.26749411512946714,0.6646571213263,0.4552127718925476
Improved MLP,0.26749411512946714,0.6654107008289375,0.45509421825408936
Improved MLP,0.2679221057136743,0.6654107008289375,0.4547761380672455
Improved MLP,0.2679221057136743,0.6661642803315749,0.4547727108001709
Improved MLP,0.2687780868820886,0.6661642803315749,0.4546084702014923
Improved MLP,0.2687780868820886,0.6669178598342125,0.4545005261898041
Improved MLP,0.26920607746629577,0.6669178598342125,0.45403844118118286
Improved MLP,0.26920607746629577,0.66767143933685,0.4539990723133087
Improved MLP,0.2694200727583993,0.66767143933685,0.45396536588668823
Improved MLP,0.2694200727583993,0.6691785983421251,0.4539062976837158
Improved MLP,0.2696340680505029,0.6691785983421251,0.45376056432724
Improved MLP,0.2696340680505029,0.6699321778447627,0.4536356031894684
Improved MLP,0.27006205863471006,0.6699321778447627,0.4535072445869446
Improved MLP,0.27006205863471006,0.6706857573474001,0.45346739888191223
Improved MLP,0.2702760539268136,0.6706857573474001,0.453407347202301
Improved MLP,0.2702760539268136,0.6721929163526752,0.4533388912677765
Improved MLP,0.27070404451102076,0.6721929163526752,0.45324912667274475
Improved MLP,0.27070404451102076,0.6729464958553127,0.45304664969444275
Improved MLP,0.27134603038733146,0.6729464958553127,0.4528997838497162
Improved MLP,0.27134603038733146,0.6737000753579503,0.45287230610847473
Improved MLP,0.27156002567943505,0.6737000753579503,0.4527794122695923
Improved MLP,0.27156002567943505,0.6744536548605878,0.452686607837677
Improved MLP,0.2739139738925744,0.6744536548605878,0.451905220746994
Improved MLP,0.2739139738925744,0.6752072343632253,0.45186421275138855
Improved MLP,0.2769099079820244,0.6752072343632253,0.4506235420703888
Improved MLP,0.2769099079820244,0.6767143933685004,0.4501970112323761
Improved MLP,0.27712390327412795,0.6767143933685004,0.4501681625843048
Improved MLP,0.27712390327412795,0.6774679728711379,0.4500284194946289
Improved MLP,0.2775518938583351,0.6774679728711379,0.4498174488544464
Improved MLP,0.2775518938583351,0.6782215523737755,0.4497625231742859
Improved MLP,0.278621870318853,0.6782215523737755,0.44909507036209106
Improved MLP,0.278621870318853,0.6797287113790504,0.44887009263038635
Improved MLP,0.2788358656109566,0.6797287113790504,0.44885730743408203
Improved MLP,0.2788358656109566,0.680482290881688,0.4488494396209717
Improved MLP,0.27990584207147445,0.680482290881688,0.4484664499759674
Improved MLP,0.27990584207147445,0.6812358703843255,0.4484477937221527
Improved MLP,0.28076182323988874,0.6812358703843255,0.4482579529285431
Improved MLP,0.28076182323988874,0.6819894498869631,0.4481678307056427
Improved MLP,0.28097581853199227,0.6819894498869631,0.4481481909751892
Improved MLP,0.28097581853199227,0.6827430293896006,0.4480965733528137
Improved MLP,0.2837577573293388,0.6827430293896006,0.4470863938331604
Improved MLP,0.2837577573293388,0.6834966088922382,0.4467795789241791
Improved MLP,0.28568371495827094,0.6834966088922382,0.4462116062641144
Improved MLP,0.28568371495827094,0.6842501883948756,0.44613003730773926
Improved MLP,0.28653969612668523,0.6842501883948756,0.445745050907135
Improved MLP,0.28653969612668523,0.6850037678975132,0.4457378089427948
Improved MLP,0.28718168200299593,0.6850037678975132,0.4455682337284088
Improved MLP,0.28718168200299593,0.6857573474001507,0.4455479681491852
Improved MLP,0.2876096725872031,0.6857573474001507,0.44531968235969543
Improved MLP,0.2876096725872031,0.6865109269027883,0.4450831711292267
Improved MLP,0.2882516584635138,0.6865109269027883,0.4446958005428314
Improved MLP,0.2882516584635138,0.6872645064054258,0.4446781575679779
Improved MLP,0.2884656537556174,0.6872645064054258,0.4446159899234772
Improved MLP,0.2884656537556174,0.6880180859080633,0.44411879777908325
Improved MLP,0.2899636208003424,0.6880180859080633,0.4434453248977661
Improved MLP,0.2899636208003424,0.6887716654107008,0.4433237314224243
Improved MLP,0.29039161138454955,0.6887716654107008,0.4432658553123474
Improved MLP,0.29039161138454955,0.6895252449133383,0.4432615637779236
Improved MLP,0.2914615878450674,0.6895252449133383,0.44263333082199097
Improved MLP,0.2914615878450674,0.6902788244159759,0.44258251786231995
Improved MLP,0.29167558313717096,0.6902788244159759,0.44251465797424316
Improved MLP,0.29167558313717096,0.6910324039186134,0.4424857795238495
Improved MLP,0.29188957842927454,0.6910324039186134,0.4421330988407135
Improved MLP,0.29188957842927454,0.693293142426526,0.441951721906662
Improved MLP,0.29210357372137813,0.693293142426526,0.4418903589248657
Improved MLP,0.29210357372137813,0.6940467219291635,0.44178664684295654
Improved MLP,0.2936015407661031,0.6940467219291635,0.4408167004585266
Improved MLP,0.2936015407661031,0.694800301431801,0.4407130479812622
Improved MLP,0.29574149368713887,0.694800301431801,0.43984755873680115
Improved MLP,0.29574149368713887,0.6955538809344386,0.4396885633468628
Improved MLP,0.29595548897924245,0.6955538809344386,0.4396413266658783
Improved MLP,0.29595548897924245,0.6963074604370761,0.4395417273044586
Improved MLP,0.29659747485555316,0.6963074604370761,0.43921390175819397
Improved MLP,0.29659747485555316,0.6970610399397137,0.43917933106422424
Improved MLP,0.2983094371923818,0.6970610399397137,0.4388953745365143
Improved MLP,0.2983094371923818,0.6978146194423511,0.43884479999542236
Improved MLP,0.30002139952921036,0.6978146194423511,0.43790188431739807
Improved MLP,0.30002139952921036,0.6993217784476262,0.43771079182624817
Improved MLP,0.30109137598972824,0.6993217784476262,0.43741899728775024
Improved MLP,0.30109137598972824,0.7000753579502638,0.43735161423683167
Improved MLP,0.3028033383265568,0.7000753579502638,0.4368496537208557
Improved MLP,0.3028033383265568,0.7008289374529013,0.43681615591049194
Improved MLP,0.3053712818317997,0.7008289374529013,0.43616563081741333
Improved MLP,0.3053712818317997,0.7015825169555389,0.43614599108695984
Improved MLP,0.30579927241600685,0.7015825169555389,0.4360169768333435
Improved MLP,0.30579927241600685,0.7023360964581763,0.4359900951385498
Improved MLP,0.30601326770811044,0.7023360964581763,0.4359523355960846
Improved MLP,0.30601326770811044,0.7038432554634514,0.4355975091457367
Improved MLP,0.3070832441686283,0.7038432554634514,0.4354420304298401
Improved MLP,0.3070832441686283,0.7045968349660889,0.43542349338531494
Improved MLP,0.3079392253370426,0.7045968349660889,0.4351944923400879
Improved MLP,0.3079392253370426,0.7068575734740015,0.43484264612197876
Improved MLP,0.3083672159212497,0.7068575734740015,0.4347541034221649
Improved MLP,0.3083672159212497,0.7091183119819141,0.4344879388809204
Improved MLP,0.3090092017975605,0.7091183119819141,0.4341141879558563
Improved MLP,0.3090092017975605,0.7106254709871892,0.43404197692871094
Improved MLP,0.3102931735501819,0.7106254709871892,0.43329697847366333
Improved MLP,0.3102931735501819,0.7113790504898266,0.4332490563392639
Improved MLP,0.3120051358870105,0.7113790504898266,0.4325357973575592
Improved MLP,0.3120051358870105,0.7121326299924642,0.4325123429298401
Improved MLP,0.3137170982238391,0.7121326299924642,0.43168044090270996
Improved MLP,0.3137170982238391,0.7128862094951017,0.43145665526390076
Improved MLP,0.3141450888080462,0.7128862094951017,0.43140411376953125
Improved MLP,0.3141450888080462,0.7136397889977393,0.4313470423221588
Improved MLP,0.31542906056066766,0.7136397889977393,0.4310542643070221
Improved MLP,0.31542906056066766,0.7143933685003768,0.43102261424064636
Improved MLP,0.32035095227904986,0.7143933685003768,0.42806708812713623
Improved MLP,0.32035095227904986,0.7151469480030144,0.4278700649738312
Improved MLP,0.3231328910763963,0.7151469480030144,0.42670807242393494
Improved MLP,0.3231328910763963,0.7166541070082894,0.4265049993991852
Improved MLP,0.3233468863684999,0.7166541070082894,0.4263417422771454
Improved MLP,0.3233468863684999,0.7174076865109269,0.42633557319641113
Improved MLP,0.3239888722448106,0.7174076865109269,0.42625728249549866
Improved MLP,0.3239888722448106,0.7181612660135644,0.42619019746780396
Improved MLP,0.32463085812112136,0.7181612660135644,0.42593103647232056
Improved MLP,0.32463085812112136,0.718914845516202,0.42576864361763
Improved MLP,0.3250588487053285,0.718914845516202,0.42572033405303955
Improved MLP,0.3250588487053285,0.7196684250188395,0.4256901741027832
Improved MLP,0.32591482987374276,0.7196684250188395,0.4254630506038666
Improved MLP,0.32591482987374276,0.7211755840241145,0.42529380321502686
Improved MLP,0.32612882516584635,0.7211755840241145,0.4252905249595642
Improved MLP,0.32612882516584635,0.7219291635267521,0.42528945207595825
Improved MLP,0.32634282045794993,0.7219291635267521,0.4252571761608124
Improved MLP,0.32634282045794993,0.7226827430293896,0.42518770694732666
Improved MLP,0.32698480633426064,0.7226827430293896,0.424999862909317
Improved MLP,0.32698480633426064,0.7234363225320272,0.4249829649925232
Improved MLP,0.3284827733789857,0.7234363225320272,0.4244050979614258
Improved MLP,0.3284827733789857,0.7249434815373021,0.4241456389427185
Improved MLP,0.32933875454739997,0.7249434815373021,0.42382678389549255
Improved MLP,0.32933875454739997,0.7256970610399397,0.42365139722824097
Improved MLP,0.3299807404237107,0.7256970610399397,0.42329141497612
Improved MLP,0.3299807404237107,0.7264506405425772,0.42323341965675354
Improved MLP,0.3306227263000214,0.7264506405425772,0.42308610677719116
Improved MLP,0.3306227263000214,0.7272042200452148,0.42302602529525757
Improved MLP,0.33105071688422855,0.7272042200452148,0.4224417805671692
Improved MLP,0.33105071688422855,0.7279577995478523,0.42241838574409485
Improved MLP,0.33126471217633213,0.7279577995478523,0.4223245084285736
Improved MLP,0.33126471217633213,0.7287113790504898,0.42231476306915283
Improved MLP,0.3314787074684357,0.7287113790504898,0.4222666025161743
Improved MLP,0.3314787074684357,0.7294649585531273,0.4222372770309448
Improved MLP,0.3329766745131607,0.7294649585531273,0.4216620922088623
Improved MLP,0.3329766745131607,0.7302185380557649,0.4215407073497772
Improved MLP,0.33533062272630004,0.7302185380557649,0.42083683609962463
Improved MLP,0.33533062272630004,0.7309721175584024,0.4207504689693451
Improved MLP,0.3355446180184036,0.7309721175584024,0.42069101333618164
Improved MLP,0.3355446180184036,0.73172569706104,0.4205930829048157
Improved MLP,0.33575861331050716,0.73172569706104,0.42053523659706116
Improved MLP,0.33575861331050716,0.7324792765636775,0.42048949003219604
Improved MLP,0.33618660389471433,0.7324792765636775,0.4202083647251129
Improved MLP,0.33618660389471433,0.7332328560663149,0.4201016426086426
Improved MLP,0.3364005991868179,0.7332328560663149,0.42008891701698303
Improved MLP,0.3364005991868179,0.7339864355689525,0.42007753252983093
Improved MLP,0.33918253798416437,0.7339864355689525,0.41920042037963867
Improved MLP,0.33918253798416437,0.73474001507159,0.41912519931793213
Improved MLP,0.343890434410443,0.73474001507159,0.41769933700561523
Improved MLP,0.343890434410443,0.7354935945742276,0.4176333248615265
Improved MLP,0.34603038733147873,0.7354935945742276,0.41715213656425476
Improved MLP,0.34603038733147873,0.7362471740768651,0.41703474521636963
Improved MLP,0.34645837791568584,0.7362471740768651,0.41681504249572754
Improved MLP,0.34645837791568584,0.7370007535795027,0.4168050289154053
Improved MLP,0.3492403167130323,0.7370007535795027,0.415755957365036
Improved MLP,0.3492403167130323,0.7377543330821401,0.41571399569511414
Improved MLP,0.3509522790498609,0.7377543330821401,0.41530701518058777
Improved MLP,0.3509522790498609,0.7385079125847777,0.4152402877807617
Improved MLP,0.3518082602182752,0.7385079125847777,0.41479194164276123
Improved MLP,0.3518082602182752,0.7392614920874152,0.41478148102760315
Improved MLP,0.35694414722876094,0.7392614920874152,0.4132999777793884
Improved MLP,0.35694414722876094,0.7400150715900528,0.41329365968704224
Improved MLP,0.3573721378129681,0.7400150715900528,0.41319558024406433
Improved MLP,0.3573721378129681,0.7407686510926903,0.4131869077682495
Improved MLP,0.3575861331050717,0.7407686510926903,0.41315361857414246
Improved MLP,0.3575861331050717,0.7415222305953278,0.41308462619781494
Improved MLP,0.358442114273486,0.7415222305953278,0.41276028752326965
Improved MLP,0.358442114273486,0.7422758100979653,0.4127461314201355
Improved MLP,0.3631500106997646,0.7422758100979653,0.4111562967300415
Improved MLP,0.3631500106997646,0.7430293896006028,0.41112565994262695
Improved MLP,0.3635780012839718,0.7430293896006028,0.41084393858909607
Improved MLP,0.3635780012839718,0.7445365486058779,0.4107400178909302
Improved MLP,0.3637919965760753,0.7445365486058779,0.4105756878852844
Improved MLP,0.3637919965760753,0.7452901281085155,0.41054168343544006
Improved MLP,0.36464797774448965,0.7452901281085155,0.41027480363845825
Improved MLP,0.36464797774448965,0.746043707611153,0.41020405292510986
Improved MLP,0.3678579071260432,0.746043707611153,0.40911033749580383
Improved MLP,0.3678579071260432,0.747550866616428,0.4090074896812439
Improved MLP,0.3687138882944575,0.747550866616428,0.4087546169757843
Improved MLP,0.3687138882944575,0.7483044461190655,0.40861326456069946
Improved MLP,0.3695698694628718,0.7483044461190655,0.4085197448730469
Improved MLP,0.3695698694628718,0.7490580256217031,0.4084460735321045
Improved MLP,0.37106783650759684,0.7490580256217031,0.4082929790019989
Improved MLP,0.37106783650759684,0.7498116051243406,0.4082391858100891
Improved MLP,0.3712818317997004,0.7498116051243406,0.4080542027950287
Improved MLP,0.3712818317997004,0.7505651846269782,0.40800026059150696
Improved MLP,0.37149582709180395,0.7505651846269782,0.40792399644851685
Improved MLP,0.37149582709180395,0.7513187641296156,0.40785354375839233
Improved MLP,0.37256580355232183,0.7513187641296156,0.4075393080711365
Improved MLP,0.37256580355232183,0.7528259231348907,0.40748071670532227
Improved MLP,0.3727797988444254,0.7528259231348907,0.4074263870716095
Improved MLP,0.3727797988444254,0.7535795026375283,0.4074118435382843
Improved MLP,0.372993794136529,0.7535795026375283,0.40733104944229126
Improved MLP,0.372993794136529,0.7543330821401658,0.4072989225387573
Improved MLP,0.3738497753049433,0.7543330821401658,0.407176673412323
Improved MLP,0.3738497753049433,0.7550866616428034,0.40714120864868164
Improved MLP,0.37513374705756475,0.7550866616428034,0.40695416927337646
Improved MLP,0.37513374705756475,0.7558402411454408,0.4069279432296753
Improved MLP,0.3762037235180826,0.7558402411454408,0.40644371509552
Improved MLP,0.3762037235180826,0.7565938206480783,0.406419575214386
Improved MLP,0.377487695270704,0.7565938206480783,0.4059760272502899
Improved MLP,0.377487695270704,0.7581009796533534,0.4058848023414612
Improved MLP,0.3794136528996362,0.7581009796533534,0.4053160846233368
Improved MLP,0.3794136528996362,0.758854559155991,0.4052707254886627
Improved MLP,0.3796276481917398,0.758854559155991,0.40526431798934937
Improved MLP,0.3796276481917398,0.7596081386586285,0.40511447191238403
Improved MLP,0.38091161994436123,0.7596081386586285,0.4044133126735687
Improved MLP,0.38091161994436123,0.760361718161266,0.40436217188835144
Improved MLP,0.3817676011127755,0.760361718161266,0.40394750237464905
Improved MLP,0.3817676011127755,0.7611152976639035,0.4039422571659088
Improved MLP,0.3824095869890862,0.7611152976639035,0.4037232995033264
Improved MLP,0.3824095869890862,0.7618688771665411,0.40371498465538025
Improved MLP,0.38412154932591486,0.7618688771665411,0.4032975435256958
Improved MLP,0.38412154932591486,0.7626224566691786,0.4032611548900604
Improved MLP,0.384549539910122,0.7626224566691786,0.40314704179763794
Improved MLP,0.384549539910122,0.7633760361718162,0.40313720703125
Improved MLP,0.387545473999572,0.7633760361718162,0.40234190225601196
Improved MLP,0.387545473999572,0.7641296156744537,0.40224596858024597
Improved MLP,0.3928953563021613,0.7641296156744537,0.4000633656978607
Improved MLP,0.3928953563021613,0.7663903541823662,0.39979636669158936
Improved MLP,0.39375133747057567,0.7663903541823662,0.39965206384658813
Improved MLP,0.39375133747057567,0.7671439336850038,0.39959436655044556
Improved MLP,0.39524930451530066,0.7671439336850038,0.3992190659046173
Improved MLP,0.39524930451530066,0.7678975131876413,0.39902716875076294
Improved MLP,0.39546329980740424,0.7678975131876413,0.39899227023124695
Improved MLP,0.39546329980740424,0.7686510926902789,0.3989672362804413
Improved MLP,0.3965332762679221,0.7686510926902789,0.3986912667751312
Improved MLP,0.3965332762679221,0.7701582516955539,0.39862746000289917
Improved MLP,0.4046650973678579,0.7701582516955539,0.3961107134819031
Improved MLP,0.4046650973678579,0.7709118311981914,0.3960038125514984
Improved MLP,0.40509308795206506,0.7709118311981914,0.39571818709373474
Improved MLP,0.40509308795206506,0.771665410700829,0.39554882049560547
Improved MLP,0.40530708324416864,0.771665410700829,0.3955036997795105
Improved MLP,0.40530708324416864,0.7724189902034665,0.39545923471450806
Improved MLP,0.4078750267494115,0.7724189902034665,0.3946577310562134
Improved MLP,0.4078750267494115,0.773172569706104,0.3945273458957672
Improved MLP,0.4125829231756901,0.773172569706104,0.39281076192855835
Improved MLP,0.4125829231756901,0.7739261492087415,0.39273762702941895
Improved MLP,0.4132249090520009,0.7739261492087415,0.3924206495285034
Improved MLP,0.4132249090520009,0.774679728711379,0.3923017084598541
Improved MLP,0.413652899636208,0.774679728711379,0.3922513723373413
Improved MLP,0.413652899636208,0.7754333082140166,0.3922433853149414
Improved MLP,0.4177188101861759,0.7754333082140166,0.3908644914627075
Improved MLP,0.4177188101861759,0.7761868877166541,0.3908505141735077
Improved MLP,0.4179328054782795,0.7761868877166541,0.3906063139438629
Improved MLP,0.4179328054782795,0.7769404672192917,0.3905922472476959
Improved MLP,0.4183607960624866,0.7769404672192917,0.3905043601989746
Improved MLP,0.4183607960624866,0.7784476262245666,0.3904217779636383
Improved MLP,0.4187887866466938,0.7784476262245666,0.3902818262577057
Improved MLP,0.4187887866466938,0.7792012057272042,0.39018523693084717
Improved MLP,0.4194307725230045,0.7792012057272042,0.3899647295475006
Improved MLP,0.4194307725230045,0.7807083647324793,0.38988345861434937
Improved MLP,0.4217847207361438,0.7807083647324793,0.38939446210861206
Improved MLP,0.4217847207361438,0.7822155237377544,0.3893652558326721
Improved MLP,0.4219987160282474,0.7822155237377544,0.3892919719219208
Improved MLP,0.4219987160282474,0.7837226827430294,0.38925784826278687
Improved MLP,0.4230686924887653,0.7837226827430294,0.38871535658836365
Improved MLP,0.4230686924887653,0.7844762622456669,0.3887008726596832
Improved MLP,0.426706612454526,0.7844762622456669,0.38653281331062317
Improved MLP,0.426706612454526,0.785983421250942,0.38638874888420105
Improved MLP,0.42713460303873313,0.785983421250942,0.3863206207752228
Improved MLP,0.42713460303873313,0.7867370007535796,0.3862650692462921
Improved MLP,0.4277765889150439,0.7867370007535796,0.38606441020965576
Improved MLP,0.4277765889150439,0.787490580256217,0.38602542877197266
Improved MLP,0.42948855125187246,0.787490580256217,0.3856790065765381
Improved MLP,0.42948855125187246,0.7882441597588545,0.3856666386127472
Improved MLP,0.4307725230044939,0.7882441597588545,0.3853033185005188
Improved MLP,0.4307725230044939,0.7889977392614921,0.3853031396865845
Improved MLP,0.4316285041729082,0.7889977392614921,0.3847757875919342
Improved MLP,0.4316285041729082,0.7897513187641296,0.38475364446640015
Improved MLP,0.4329124759255296,0.7897513187641296,0.3843991756439209
Improved MLP,0.4329124759255296,0.7905048982667672,0.3843438923358917
Improved MLP,0.4356944147228761,0.7905048982667672,0.38326120376586914
Improved MLP,0.4356944147228761,0.7912584777694047,0.3832082748413086
Improved MLP,0.43590841001497965,0.7912584777694047,0.3831275403499603
Improved MLP,0.43590841001497965,0.7920120572720422,0.38301390409469604
Improved MLP,0.4363364005991868,0.7920120572720422,0.38294681906700134
Improved MLP,0.4363364005991868,0.7927656367746797,0.38291144371032715
Improved MLP,0.4380483629360154,0.7927656367746797,0.3823689818382263
Improved MLP,0.4380483629360154,0.7942727957799548,0.3821069896221161
Improved MLP,0.43933233468863686,0.7942727957799548,0.3813137114048004
Improved MLP,0.43933233468863686,0.7957799547852299,0.38120347261428833
Improved MLP,0.439760325272844,0.7957799547852299,0.38109949231147766
Improved MLP,0.439760325272844,0.7965335342878673,0.3810408413410187
Improved MLP,0.4438262358228119,0.7965335342878673,0.37935325503349304
Improved MLP,0.4438262358228119,0.7972871137905049,0.37930193543434143
Improved MLP,0.44489621228332976,0.7972871137905049,0.378753662109375
Improved MLP,0.44489621228332976,0.7980406932931424,0.37854552268981934
Improved MLP,0.4463941793280548,0.7980406932931424,0.37792983651161194
Improved MLP,0.4463941793280548,0.79879427279578,0.3778707683086395
Improved MLP,0.4470361652043655,0.79879427279578,0.37724316120147705
Improved MLP,0.4470361652043655,0.8003014318010551,0.3770352005958557
Improved MLP,0.45024609458591913,0.8003014318010551,0.37582090497016907
Improved MLP,0.45024609458591913,0.8010550113036925,0.3758169412612915
Improved MLP,0.4517440616306441,0.8010550113036925,0.3749487102031708
Improved MLP,0.4517440616306441,0.80180859080633,0.37491753697395325
Improved MLP,0.4519580569227477,0.80180859080633,0.37490731477737427
Improved MLP,0.4519580569227477,0.8025621703089676,0.37484994530677795
Improved MLP,0.4521720522148513,0.8025621703089676,0.3746766149997711
Improved MLP,0.4521720522148513,0.8033157498116051,0.3744683563709259
Improved MLP,0.45495399101219774,0.8033157498116051,0.3734240233898163
Improved MLP,0.45495399101219774,0.8048229088168802,0.37339600920677185
Improved MLP,0.45516798630430133,0.8048229088168802,0.37329208850860596
Improved MLP,0.45516798630430133,0.8055764883195177,0.37329190969467163
Improved MLP,0.45645195805692274,0.8055764883195177,0.37311339378356934
Improved MLP,0.45645195805692274,0.8063300678221552,0.3730877637863159
Improved MLP,0.457307939225337,0.8063300678221552,0.3726237118244171
Improved MLP,0.457307939225337,0.8070836473247928,0.37260451912879944
Improved MLP,0.4581639203937513,0.8070836473247928,0.37248265743255615
Improved MLP,0.4581639203937513,0.8078372268274303,0.37235191464424133
Improved MLP,0.4600898780226835,0.8078372268274303,0.37193378806114197
Improved MLP,0.4600898780226835,0.8085908063300679,0.3719337284564972
Improved MLP,0.4626578215279264,0.8085908063300679,0.37096959352493286
Improved MLP,0.4626578215279264,0.8116051243406179,0.37061211466789246
Improved MLP,0.4635138026963407,0.8116051243406179,0.3702152669429779
Improved MLP,0.4635138026963407,0.813112283345893,0.3702096939086914
Improved MLP,0.46693772736999783,0.813112283345893,0.3685429096221924
Improved MLP,0.46693772736999783,0.8138658628485306,0.3682704269886017
Improved MLP,0.46864968970682647,0.8138658628485306,0.3679090738296509
Improved MLP,0.46864968970682647,0.814619442351168,0.3678281009197235
Improved MLP,0.46993366145944787,0.814619442351168,0.3675011396408081
Improved MLP,0.46993366145944787,0.8153730218538056,0.36726731061935425
Improved MLP,0.4716456237962765,0.8153730218538056,0.3665067255496979
Improved MLP,0.4716456237962765,0.8161266013564431,0.3662834167480469
Improved MLP,0.4731435908410015,0.8161266013564431,0.3659026622772217
Improved MLP,0.4731435908410015,0.8176337603617182,0.3657599687576294
Improved MLP,0.47357158142520867,0.8176337603617182,0.36555299162864685
Improved MLP,0.47357158142520867,0.8183873398643556,0.3655394911766052
Improved MLP,0.47678151080676223,0.8183873398643556,0.3646831512451172
Improved MLP,0.47678151080676223,0.8198944988696307,0.3645985722541809
Improved MLP,0.4778514872672801,0.8198944988696307,0.3639364242553711
Improved MLP,0.4778514872672801,0.8206480783722683,0.3639141917228699
Improved MLP,0.47934945431200515,0.8206480783722683,0.363229364156723
Improved MLP,0.47934945431200515,0.8214016578749058,0.36317843198776245
Improved MLP,0.48084742135673014,0.8214016578749058,0.3626779615879059
Improved MLP,0.48084742135673014,0.8221552373775434,0.3626250624656677
Improved MLP,0.481917397817248,0.8221552373775434,0.3622031509876251
Improved MLP,0.481917397817248,0.8229088168801808,0.3621816635131836
Improved MLP,0.4827733789856623,0.8229088168801808,0.36197569966316223
Improved MLP,0.4827733789856623,0.8236623963828184,0.36175885796546936
Improved MLP,0.48641129895142304,0.8236623963828184,0.36050617694854736
Improved MLP,0.48641129895142304,0.825923134890731,0.3603948950767517
Improved MLP,0.4894072330408731,0.825923134890731,0.3592207133769989
Improved MLP,0.4894072330408731,0.8266767143933685,0.3591839075088501
Improved MLP,0.49047720950139095,0.8266767143933685,0.35885918140411377
Improved MLP,0.49047720950139095,0.827430293896006,0.35875919461250305
Improved MLP,0.4921891718382196,0.827430293896006,0.35800978541374207
Improved MLP,0.4921891718382196,0.8281838733986435,0.3579089045524597
Improved MLP,0.4928311577145303,0.8281838733986435,0.35763999819755554
Improved MLP,0.4928311577145303,0.8304446119065562,0.35734695196151733
Improved MLP,0.4930451530066339,0.8304446119065562,0.35734260082244873
Improved MLP,0.4930451530066339,0.8311981914091937,0.35716137290000916
Improved MLP,0.49497111063556604,0.8311981914091937,0.35669174790382385
Improved MLP,0.49497111063556604,0.8319517709118311,0.35666754841804504
Improved MLP,0.4975390541408089,0.8319517709118311,0.35619816184043884
Improved MLP,0.4975390541408089,0.8327053504144687,0.35614916682243347
Improved MLP,0.4986090306013268,0.8327053504144687,0.35565051436424255
Improved MLP,0.4986090306013268,0.8334589299171062,0.35550063848495483
Improved MLP,0.5003209929381554,0.8334589299171062,0.35467612743377686
Improved MLP,0.5003209929381554,0.8349660889223813,0.35459861159324646
Improved MLP,0.5028889364433983,0.8349660889223813,0.35345694422721863
Improved MLP,0.5028889364433983,0.8357196684250189,0.35342803597450256
Improved MLP,0.5043869034881232,0.8357196684250189,0.35300424695014954
Improved MLP,0.5043869034881232,0.8364732479276563,0.35279324650764465
Improved MLP,0.5048148940723304,0.8364732479276563,0.35264140367507935
Improved MLP,0.5052428846565375,0.8364732479276563,0.35260191559791565
Improved MLP,0.5073828375775733,0.8364732479276563,0.35185450315475464
Improved MLP,0.5073828375775733,0.8372268274302939,0.3517475426197052
Improved MLP,0.5082388187459876,0.8372268274302939,0.35136473178863525
Improved MLP,0.5082388187459876,0.8379804069329314,0.35120952129364014
Improved MLP,0.5090947999144019,0.8379804069329314,0.35059499740600586
Improved MLP,0.5090947999144019,0.838733986435569,0.35055822134017944
Improved MLP,0.509522790498609,0.838733986435569,0.3505535423755646
Improved MLP,0.509522790498609,0.8394875659382065,0.35048818588256836
Improved MLP,0.5108067622512305,0.8394875659382065,0.3499906361103058
Improved MLP,0.5108067622512305,0.840241145440844,0.3499707281589508
Improved MLP,0.512090734003852,0.840241145440844,0.349637508392334
Improved MLP,0.512090734003852,0.8409947249434815,0.3495069742202759
Improved MLP,0.5142306869248876,0.8409947249434815,0.34854400157928467
Improved MLP,0.5142306869248876,0.841748304446119,0.34840255975723267
Improved MLP,0.515086668093302,0.841748304446119,0.34801822900772095
Improved MLP,0.515086668093302,0.8425018839487566,0.34791141748428345
Improved MLP,0.5189385833511663,0.8425018839487566,0.3468336760997772
Improved MLP,0.5189385833511663,0.8432554634513941,0.34662926197052
Improved MLP,0.5204365503958913,0.8432554634513941,0.34579581022262573
Improved MLP,0.5204365503958913,0.8440090429540317,0.34575507044792175
Improved MLP,0.5300663385405521,0.8440090429540317,0.34224918484687805
Improved MLP,0.5300663385405521,0.8447626224566692,0.34224262833595276
Improved MLP,0.53113631500107,0.8447626224566692,0.34182414412498474
Improved MLP,0.53113631500107,0.8455162019593067,0.3418216109275818
Improved MLP,0.5317783008773806,0.8455162019593067,0.3417518138885498
Improved MLP,0.5317783008773806,0.8462697814619442,0.34166115522384644
Improved MLP,0.5339182537984164,0.8462697814619442,0.34125572443008423
Improved MLP,0.5339182537984164,0.8470233609645818,0.34119218587875366
Improved MLP,0.535630216135245,0.8470233609645818,0.3402392268180847
Improved MLP,0.535630216135245,0.8477769404672193,0.3401505649089813
Improved MLP,0.5360582067194521,0.8477769404672193,0.340041846036911
Improved MLP,0.5360582067194521,0.8485305199698568,0.3399815261363983
Improved MLP,0.5405521078536272,0.8485305199698568,0.33826637268066406
Improved MLP,0.5405521078536272,0.8492840994724944,0.33823931217193604
Improved MLP,0.5409800984378343,0.8492840994724944,0.33815810084342957
Improved MLP,0.5409800984378343,0.8500376789751318,0.33813905715942383
Improved MLP,0.5437620372351808,0.8500376789751318,0.33673688769340515
Improved MLP,0.5437620372351808,0.8507912584777694,0.33671289682388306
Improved MLP,0.5439760325272844,0.8507912584777694,0.3365428149700165
Improved MLP,0.5439760325272844,0.8515448379804069,0.3364986479282379
Improved MLP,0.5463299807404237,0.8515448379804069,0.3356004059314728
Improved MLP,0.5463299807404237,0.853051996985682,0.33552080392837524
Improved MLP,0.5471859619088381,0.853051996985682,0.33524152636528015
Improved MLP,0.5471859619088381,0.8538055764883196,0.33519405126571655
Improved MLP,0.548683928953563,0.8538055764883196,0.3347115218639374
Improved MLP,0.548683928953563,0.854559155990957,0.3346306085586548
Improved MLP,0.5497539054140809,0.854559155990957,0.33436137437820435
Improved MLP,0.5497539054140809,0.8553127354935945,0.334341824054718
Improved MLP,0.5512518724588059,0.8553127354935945,0.33394816517829895
Improved MLP,0.5512518724588059,0.8568198944988696,0.3338727056980133
Improved MLP,0.5578857265140167,0.8568198944988696,0.33141443133354187
Improved MLP,0.5578857265140167,0.8575734740015072,0.3313806653022766
Improved MLP,0.5600256794350524,0.8575734740015072,0.33046284317970276
Improved MLP,0.5600256794350524,0.8598342125094197,0.3303007185459137
Improved MLP,0.5623796276481917,0.8598342125094197,0.32929426431655884
Improved MLP,0.5623796276481917,0.8605877920120573,0.32920002937316895
Improved MLP,0.5640915899850203,0.8605877920120573,0.32830706238746643
Improved MLP,0.5640915899850203,0.8613413715146948,0.32826942205429077
Improved MLP,0.5658035523218489,0.8613413715146948,0.3276846706867218
Improved MLP,0.5658035523218489,0.8620949510173324,0.32761433720588684
Improved MLP,0.566231542906056,0.8620949510173324,0.3275584578514099
Improved MLP,0.566231542906056,0.8628485305199699,0.3274877369403839
Improved MLP,0.5664455381981597,0.8628485305199699,0.3274708688259125
Improved MLP,0.5664455381981597,0.8636021100226073,0.3273937404155731
Improved MLP,0.5679435052428846,0.8636021100226073,0.32631179690361023
Improved MLP,0.5679435052428846,0.8651092690278824,0.3263058364391327
Improved MLP,0.5685854911191954,0.8651092690278824,0.3261220157146454
Improved MLP,0.5685854911191954,0.8666164280331575,0.32591307163238525
Improved MLP,0.5728653969612668,0.8666164280331575,0.32349252700805664
Improved MLP,0.5728653969612668,0.8673700075357951,0.3232097327709198
Improved MLP,0.5730793922533705,0.8673700075357951,0.323143869638443
Improved MLP,0.5730793922533705,0.8688771665410701,0.32289615273475647
Improved MLP,0.573293387545474,0.8688771665410701,0.3228906989097595
Improved MLP,0.573293387545474,0.8696307460437076,0.3227345943450928
Improved MLP,0.5737213781296812,0.8696307460437076,0.3226602077484131
Improved MLP,0.5737213781296812,0.8711379050489827,0.32249975204467773
Improved MLP,0.5767173122191311,0.8711379050489827,0.32134363055229187
Improved MLP,0.5767173122191311,0.8718914845516202,0.3213183283805847
Improved MLP,0.5780012839717527,0.8718914845516202,0.32067614793777466
Improved MLP,0.5780012839717527,0.8726450640542577,0.32051095366477966
Improved MLP,0.581853199229617,0.8726450640542577,0.31876131892204285
Improved MLP,0.581853199229617,0.8733986435568952,0.3186913728713989
Improved MLP,0.5837791568585491,0.8733986435568952,0.3179357349872589
Improved MLP,0.5837791568585491,0.8741522230595328,0.3178839087486267
Improved MLP,0.5867750909479992,0.8741522230595328,0.3167567551136017
Improved MLP,0.5867750909479992,0.8749058025621703,0.3167076110839844
Improved MLP,0.5897710250374492,0.8749058025621703,0.3151147961616516
Improved MLP,0.5897710250374492,0.8756593820648079,0.3148594796657562
Improved MLP,0.5906270062058635,0.8756593820648079,0.3147355318069458
Improved MLP,0.5906270062058635,0.8764129615674454,0.31442245841026306
Improved MLP,0.5964048790926599,0.8764129615674454,0.3125581443309784
Improved MLP,0.5964048790926599,0.8771665410700829,0.31236979365348816
Improved MLP,0.5981168414294885,0.8771665410700829,0.31171858310699463
Improved MLP,0.5981168414294885,0.8786737000753579,0.3116418421268463
Improved MLP,0.6015407661031458,0.8786737000753579,0.30976319313049316
Improved MLP,0.6015407661031458,0.8794272795779955,0.3096117675304413
Improved MLP,0.6028247378557672,0.8794272795779955,0.30898821353912354
Improved MLP,0.6028247378557672,0.8809344385832706,0.30868688225746155
Improved MLP,0.603894714316285,0.8809344385832706,0.3082847595214844
Improved MLP,0.603894714316285,0.881688018085908,0.30820730328559875
Improved MLP,0.6047506954846993,0.881688018085908,0.30778947472572327
Improved MLP,0.6047506954846993,0.8831951770911831,0.3077067732810974
Improved MLP,0.6060346672373208,0.8831951770911831,0.3073452413082123
Improved MLP,0.6060346672373208,0.8839487565938207,0.3072514235973358
Improved MLP,0.6101005777872887,0.8839487565938207,0.30553171038627625
Improved MLP,0.6101005777872887,0.8854559155990958,0.30549323558807373
Improved MLP,0.6128825165846351,0.8854559155990958,0.30442383885383606
Improved MLP,0.6128825165846351,0.8862094951017332,0.30429530143737793
Improved MLP,0.6135245024609458,0.8862094951017332,0.3039819002151489
Improved MLP,0.6135245024609458,0.8877166541070083,0.30379581451416016
Improved MLP,0.6169484271346031,0.8877166541070083,0.3017035126686096
Improved MLP,0.6169484271346031,0.8884702336096458,0.3015708327293396
Improved MLP,0.6195163706398459,0.8884702336096458,0.3008468747138977
Improved MLP,0.6195163706398459,0.8892238131122834,0.30079221725463867
Improved MLP,0.6261502246950567,0.8892238131122834,0.2979295551776886
Improved MLP,0.6261502246950567,0.8899773926149209,0.2979050576686859
Improved MLP,0.6321420928739567,0.8899773926149209,0.2957157790660858
Improved MLP,0.6321420928739567,0.8914845516201959,0.2956649661064148
Improved MLP,0.6349240316713032,0.8914845516201959,0.2935965061187744
Improved MLP,0.6349240316713032,0.8922381311228335,0.2935795783996582
Improved MLP,0.6374919751765461,0.8922381311228335,0.29203009605407715
Improved MLP,0.6374919751765461,0.892991710625471,0.2920287549495697
Improved MLP,0.6387759469291675,0.892991710625471,0.291286438703537
Improved MLP,0.6387759469291675,0.8944988696307461,0.2912164032459259
Improved MLP,0.6389899422212711,0.8944988696307461,0.29120945930480957
Improved MLP,0.6389899422212711,0.8952524491333835,0.291206032037735
Improved MLP,0.6411298951423069,0.8952524491333835,0.29045456647872925
Improved MLP,0.6411298951423069,0.8967596081386586,0.2904021143913269
Improved MLP,0.6421998716028248,0.8967596081386586,0.289951890707016
Improved MLP,0.6421998716028248,0.8982667671439337,0.28981998562812805
Improved MLP,0.6439118339396533,0.8982667671439337,0.2892804741859436
Improved MLP,0.6439118339396533,0.8990203466465713,0.28916874527931213
Improved MLP,0.6449818104001712,0.8990203466465713,0.28879037499427795
Improved MLP,0.6449818104001712,0.8997739261492087,0.2887701690196991
Improved MLP,0.6490477209501391,0.8997739261492087,0.28645026683807373
Improved MLP,0.6490477209501391,0.9012810851544838,0.2862345576286316
Improved MLP,0.6505456879948641,0.9012810851544838,0.2852562665939331
Improved MLP,0.6505456879948641,0.9020346646571213,0.2851869463920593
Improved MLP,0.6514016691632785,0.9020346646571213,0.2848755419254303
Improved MLP,0.6514016691632785,0.9027882441597589,0.28473150730133057
Improved MLP,0.6518296597474855,0.9027882441597589,0.28469622135162354
Improved MLP,0.6518296597474855,0.9035418236623964,0.2846464514732361
Improved MLP,0.6548255938369356,0.9035418236623964,0.28358447551727295
Improved MLP,0.6548255938369356,0.9042954031650339,0.28353601694107056
Improved MLP,0.6569655467579714,0.9042954031650339,0.2825213372707367
Improved MLP,0.6569655467579714,0.905802562170309,0.2823295295238495
Improved MLP,0.6573935373421784,0.905802562170309,0.2822112739086151
Improved MLP,0.6573935373421784,0.9065561416729465,0.281991183757782
Improved MLP,0.6601754761395249,0.9065561416729465,0.2804605960845947
Improved MLP,0.6601754761395249,0.9073097211755841,0.28026488423347473
Improved MLP,0.6612454526000427,0.9073097211755841,0.27969011664390564
Improved MLP,0.6612454526000427,0.9080633006782216,0.2794991731643677
Improved MLP,0.6621014337684571,0.9080633006782216,0.278497576713562
Improved MLP,0.6621014337684571,0.908816880180859,0.27837637066841125
Improved MLP,0.6642413866894928,0.908816880180859,0.27743908762931824
Improved MLP,0.6642413866894928,0.9095704596834966,0.27743661403656006
Improved MLP,0.6657393537342179,0.9095704596834966,0.2767075002193451
Improved MLP,0.6657393537342179,0.9103240391861341,0.27652183175086975
Improved MLP,0.6678793066552536,0.9103240391861341,0.2756182551383972
Improved MLP,0.6678793066552536,0.9110776186887717,0.2754637598991394
Improved MLP,0.6689492831157714,0.9110776186887717,0.275094598531723
Improved MLP,0.6689492831157714,0.9118311981914092,0.2750166952610016
Improved MLP,0.6708752407447036,0.9118311981914092,0.2741513252258301
Improved MLP,0.6708752407447036,0.9125847776940467,0.27385279536247253
Improved MLP,0.6723732077894287,0.9125847776940467,0.27330273389816284
Improved MLP,0.6723732077894287,0.9133383571966842,0.2731170952320099
Improved MLP,0.6730151936657394,0.9133383571966842,0.2727890610694885
Improved MLP,0.6730151936657394,0.9140919366993218,0.2727033197879791
Improved MLP,0.6779370853841216,0.9140919366993218,0.2705550193786621
Improved MLP,0.6779370853841216,0.9148455162019593,0.27050262689590454
Improved MLP,0.6790070618446394,0.9148455162019593,0.2700765132904053
Improved MLP,0.6790070618446394,0.9155990957045969,0.26993483304977417
Improved MLP,0.6802910335972608,0.9155990957045969,0.2689823508262634
Improved MLP,0.6802910335972608,0.9163526752072344,0.2688538134098053
Improved MLP,0.6815750053498824,0.9163526752072344,0.2683384120464325
Improved MLP,0.6815750053498824,0.9171062547098718,0.26832446455955505
Improved MLP,0.6824309865182966,0.9171062547098718,0.267988383769989
Improved MLP,0.6824309865182966,0.9178598342125094,0.26797953248023987
Improved MLP,0.683714958270918,0.9178598342125094,0.26741504669189453
Improved MLP,0.683714958270918,0.9186134137151469,0.26739880442619324
Improved MLP,0.6869248876524716,0.9186134137151469,0.26537299156188965
Improved MLP,0.6869248876524716,0.9193669932177845,0.2653282880783081
Improved MLP,0.6890648405735074,0.9193669932177845,0.264190137386322
Improved MLP,0.6890648405735074,0.9208741522230596,0.26388025283813477
Improved MLP,0.6912047934945431,0.9208741522230596,0.2633974254131317
Improved MLP,0.6912047934945431,0.9223813112283346,0.26317137479782104
Improved MLP,0.6914187887866466,0.9223813112283346,0.26303908228874207
Improved MLP,0.6914187887866466,0.9231348907309721,0.26284411549568176
Improved MLP,0.6974106569655467,0.9231348907309721,0.2588793933391571
Improved MLP,0.6974106569655467,0.9238884702336096,0.2587810456752777
Improved MLP,0.7004065910549968,0.9238884702336096,0.2565386891365051
Improved MLP,0.7004065910549968,0.9246420497362472,0.25648659467697144
Improved MLP,0.7016905628076182,0.9246420497362472,0.25599777698516846
Improved MLP,0.7016905628076182,0.9253956292388847,0.255927175283432
Improved MLP,0.7042585063128611,0.9253956292388847,0.2549430727958679
Improved MLP,0.7042585063128611,0.9261492087415222,0.2548084259033203
Improved MLP,0.7051144874812754,0.9261492087415222,0.25466397404670715
Improved MLP,0.7051144874812754,0.9269027882441597,0.2545953691005707
Improved MLP,0.7061844639417932,0.9269027882441597,0.2537713646888733
Improved MLP,0.7061844639417932,0.9276563677467973,0.25376665592193604
Improved MLP,0.7078964262786218,0.9276563677467973,0.25319337844848633
Improved MLP,0.7078964262786218,0.9284099472494348,0.253094881772995
Improved MLP,0.7085384121549326,0.9284099472494348,0.25258755683898926
Improved MLP,0.7085384121549326,0.9291635267520724,0.2525142729282379
Improved MLP,0.7089664027391397,0.9291635267520724,0.25213369727134705
Improved MLP,0.7089664027391397,0.9299171062547099,0.25201287865638733
Improved MLP,0.7106783650759684,0.9299171062547099,0.25086766481399536
Improved MLP,0.7106783650759684,0.9306706857573473,0.25069284439086914
Improved MLP,0.7113203509522791,0.9306706857573473,0.25041425228118896
Improved MLP,0.7113203509522791,0.9314242652599849,0.2503862977027893
Improved MLP,0.7117483415364863,0.9314242652599849,0.2502753734588623
Improved MLP,0.7117483415364863,0.9321778447626224,0.2502742409706116
Improved MLP,0.7138882944575219,0.9321778447626224,0.24887149035930634
Improved MLP,0.7138882944575219,0.93293142426526,0.24872851371765137
Improved MLP,0.718382195591697,0.93293142426526,0.24595396220684052
Improved MLP,0.718382195591697,0.9336850037678975,0.24590706825256348
Improved MLP,0.7192381767601113,0.9336850037678975,0.2455931454896927
Improved MLP,0.7192381767601113,0.9351921627731725,0.2452334314584732
Improved MLP,0.719880162636422,0.9351921627731725,0.24504150450229645
Improved MLP,0.719880162636422,0.9359457422758101,0.24501141905784607
Improved MLP,0.7200941579285256,0.9359457422758101,0.2449944168329239
Improved MLP,0.7200941579285256,0.9366993217784476,0.24456264078617096
Improved MLP,0.7215921249732505,0.9366993217784476,0.2438022345304489
Improved MLP,0.7215921249732505,0.9382064807837227,0.24338503181934357
Improved MLP,0.7218061202653542,0.9382064807837227,0.24336102604866028
Improved MLP,0.7218061202653542,0.9389600602863603,0.2432832270860672
Improved MLP,0.7277979884442543,0.9389600602863603,0.24101793766021729
Improved MLP,0.7277979884442543,0.9397136397889977,0.2407989203929901
Improved MLP,0.728439974320565,0.9397136397889977,0.2405986338853836
Improved MLP,0.728439974320565,0.9404672192916352,0.24057084321975708
Improved MLP,0.7290819601968757,0.9404672192916352,0.24021916091442108
Improved MLP,0.7290819601968757,0.9412207987942728,0.2398483008146286
Improved MLP,0.7320778942863257,0.9412207987942728,0.2377980798482895
Improved MLP,0.7320778942863257,0.9427279577995479,0.23774376511573792
Improved MLP,0.7472715600256794,0.9427279577995479,0.22959576547145844
Improved MLP,0.7472715600256794,0.9434815373021854,0.22954268753528595
Improved MLP,0.7476995506098866,0.9434815373021854,0.2291296273469925
Improved MLP,0.7476995506098866,0.9442351168048229,0.22906208038330078
Improved MLP,0.7481275411940937,0.9442351168048229,0.22877979278564453
Improved MLP,0.7481275411940937,0.9449886963074604,0.2286706268787384
Improved MLP,0.7485555317783009,0.9449886963074604,0.22851459681987762
Improved MLP,0.7485555317783009,0.945742275810098,0.22847303748130798
Improved MLP,0.750481489407233,0.945742275810098,0.22758899629116058
Improved MLP,0.750481489407233,0.9464958553127355,0.22750158607959747
Improved MLP,0.7509094799914402,0.9464958553127355,0.22743572294712067
Improved MLP,0.7509094799914402,0.947249434815373,0.2274351269006729
Improved MLP,0.7511234752835437,0.947249434815373,0.22738584876060486
Improved MLP,0.7511234752835437,0.9480030143180106,0.22735829651355743
Improved MLP,0.7517654611598544,0.9480030143180106,0.2265470325946808
Improved MLP,0.7517654611598544,0.948756593820648,0.22643016278743744
Improved MLP,0.7526214423282688,0.948756593820648,0.22603896260261536
Improved MLP,0.7526214423282688,0.9495101733232856,0.22603803873062134
Improved MLP,0.7581853199229617,0.9495101733232856,0.22297461330890656
Improved MLP,0.7581853199229617,0.9502637528259231,0.2229621857404709
Improved MLP,0.7594692916755832,0.9502637528259231,0.22181479632854462
Improved MLP,0.7594692916755832,0.9510173323285607,0.2214794158935547
Improved MLP,0.7607532634282046,0.9510173323285607,0.2206842601299286
Improved MLP,0.7607532634282046,0.9517709118311982,0.22066345810890198
Improved MLP,0.7624652257650332,0.9517709118311982,0.2194381058216095
Improved MLP,0.7624652257650332,0.9525244913338358,0.21941818296909332
Improved MLP,0.763535202225551,0.9525244913338358,0.21875645220279694
Improved MLP,0.763535202225551,0.9532780708364732,0.21870043873786926
Improved MLP,0.7652471645623796,0.9532780708364732,0.2171718329191208
Improved MLP,0.7652471645623796,0.9540316503391107,0.2166963517665863
Improved MLP,0.7693130751123475,0.9540316503391107,0.21379368007183075
Improved MLP,0.7693130751123475,0.9547852298417483,0.21376170217990875
Improved MLP,0.770597046864969,0.9547852298417483,0.21312269568443298
Improved MLP,0.770597046864969,0.9562923888470234,0.21292580664157867
Improved MLP,0.7723090092017976,0.9562923888470234,0.2121296226978302
Improved MLP,0.7723090092017976,0.9570459683496609,0.21209372580051422
Improved MLP,0.7729509950781083,0.9570459683496609,0.21199820935726166
Improved MLP,0.7729509950781083,0.9577995478522984,0.21198715269565582
Improved MLP,0.7755189385833512,0.9577995478522984,0.2112179696559906
Improved MLP,0.7755189385833512,0.9585531273549359,0.2110961526632309
Improved MLP,0.7776588915043869,0.9585531273549359,0.20925118029117584
Improved MLP,0.7776588915043869,0.9593067068575735,0.2090444564819336
Improved MLP,0.7778728867964905,0.9593067068575735,0.20898309350013733
Improved MLP,0.7778728867964905,0.960060286360211,0.2088671624660492
Improved MLP,0.7917825807832227,0.960060286360211,0.2012135237455368
Improved MLP,0.7917825807832227,0.9608138658628486,0.20120565593242645
Improved MLP,0.7937085384121549,0.9608138658628486,0.20048567652702332
Improved MLP,0.7937085384121549,0.9615674453654861,0.20037810504436493
Improved MLP,0.8007703830515729,0.9615674453654861,0.19536946713924408
Improved MLP,0.8007703830515729,0.9623210248681235,0.19531354308128357
Improved MLP,0.8022683500962979,0.9623210248681235,0.19456464052200317
Improved MLP,0.8022683500962979,0.9630746043707611,0.19450654089450836
Improved MLP,0.80419430772523,0.9630746043707611,0.19385339319705963
Improved MLP,0.80419430772523,0.9638281838733986,0.19362248480319977
Improved MLP,0.8050502888936444,0.9638281838733986,0.1929320991039276
Improved MLP,0.8050502888936444,0.9645817633760362,0.19287066161632538
Improved MLP,0.8065482559383693,0.9645817633760362,0.19160403311252594
Improved MLP,0.8065482559383693,0.9653353428786737,0.19132673740386963
Improved MLP,0.806762251230473,0.9653353428786737,0.19121582806110382
Improved MLP,0.806762251230473,0.9675960813865863,0.19076883792877197
Improved MLP,0.8084742135673015,0.9675960813865863,0.1896357536315918
Improved MLP,0.8084742135673015,0.9683496608892238,0.18945011496543884
Improved MLP,0.8123261288251659,0.9683496608892238,0.18711620569229126
Improved MLP,0.8123261288251659,0.9691032403918614,0.18693041801452637
Improved MLP,0.8163920393751337,0.9691032403918614,0.18470513820648193
Improved MLP,0.8163920393751337,0.9706103993971364,0.18466505408287048
Improved MLP,0.8172480205435481,0.9706103993971364,0.18382124602794647
Improved MLP,0.8172480205435481,0.9713639788997739,0.18374541401863098
Improved MLP,0.8174620158356516,0.9713639788997739,0.18360961973667145
Improved MLP,0.8174620158356516,0.9721175584024114,0.1833476573228836
Improved MLP,0.8176760111277552,0.9721175584024114,0.18331317603588104
Improved MLP,0.8176760111277552,0.972871137905049,0.18319262564182281
Improved MLP,0.8191739781724802,0.972871137905049,0.18150320649147034
Improved MLP,0.8191739781724802,0.9736247174076865,0.18144915997982025
Improved MLP,0.8251658463513802,0.9736247174076865,0.17831474542617798
Improved MLP,0.8251658463513802,0.9743782969103241,0.17820607125759125
Improved MLP,0.828803766317141,0.9743782969103241,0.17676430940628052
Improved MLP,0.828803766317141,0.9751318764129616,0.1766815036535263
Improved MLP,0.835865610956559,0.9751318764129616,0.17143772542476654
Improved MLP,0.835865610956559,0.975885455915599,0.17122432589530945
Improved MLP,0.8395035309223197,0.975885455915599,0.16920705139636993
Improved MLP,0.8395035309223197,0.9766390354182366,0.16910696029663086
Improved MLP,0.8414294885512519,0.9766390354182366,0.16777683794498444
Improved MLP,0.8414294885512519,0.9773926149208741,0.16736674308776855
Improved MLP,0.8463513802696341,0.9773926149208741,0.16358575224876404
Improved MLP,0.8463513802696341,0.9781461944235117,0.16354644298553467
Improved MLP,0.8480633426064627,0.9781461944235117,0.16155970096588135
Improved MLP,0.8480633426064627,0.9788997739261492,0.1615113765001297
Improved MLP,0.848919323774877,0.9788997739261492,0.16112807393074036
Improved MLP,0.848919323774877,0.9796533534287868,0.16060921549797058
Improved MLP,0.851915257864327,0.9796533534287868,0.15911643207073212
Improved MLP,0.851915257864327,0.9804069329314242,0.1589801162481308
Improved MLP,0.8549111919537771,0.9804069329314242,0.1571679711341858
Improved MLP,0.8549111919537771,0.9811605124340618,0.15669406950473785
Improved MLP,0.8568371495827092,0.9811605124340618,0.1552942842245102
Improved MLP,0.8568371495827092,0.9819140919366993,0.15515482425689697
Improved MLP,0.8602610742563663,0.9819140919366993,0.15355327725410461
Improved MLP,0.8602610742563663,0.9826676714393369,0.15320844948291779
Improved MLP,0.8653969612668522,0.9826676714393369,0.14870990812778473
Improved MLP,0.8653969612668522,0.9834212509419744,0.1485048532485962
Improved MLP,0.8698908624010272,0.9834212509419744,0.14573460817337036
Improved MLP,0.8698908624010272,0.984174830444612,0.14545023441314697
Improved MLP,0.8748127541194094,0.984174830444612,0.1418640911579132
Improved MLP,0.8748127541194094,0.9849284099472494,0.14179353415966034
Improved MLP,0.8790926599614809,0.9849284099472494,0.1383160799741745
Improved MLP,0.8790926599614809,0.9856819894498869,0.13816171884536743
Improved MLP,0.8799486411298951,0.9856819894498869,0.13748043775558472
Improved MLP,0.8799486411298951,0.9864355689525245,0.1373656541109085
Improved MLP,0.8827305799272416,0.9864355689525245,0.13620531558990479
Improved MLP,0.8827305799272416,0.9879427279577996,0.13610219955444336
Improved MLP,0.8846565375561738,0.9879427279577996,0.13514579832553864
Improved MLP,0.8846565375561738,0.9886963074604371,0.13503213226795197
Improved MLP,0.8859405093087952,0.9886963074604371,0.1344900280237198
Improved MLP,0.8859405093087952,0.9894498869630746,0.1344800442457199
Improved MLP,0.8919323774876953,0.9894498869630746,0.12951315939426422
Improved MLP,0.8919323774876953,0.9902034664657121,0.12906396389007568
Improved MLP,0.8953563021613524,0.9902034664657121,0.1264926791191101
Improved MLP,0.8953563021613524,0.9909570459683497,0.12645655870437622
Improved MLP,0.9019901562165632,0.9909570459683497,0.12042567878961563
Improved MLP,0.9019901562165632,0.9917106254709872,0.12039227038621902
Improved MLP,0.9043441044297026,0.9917106254709872,0.11897541582584381
Improved MLP,0.9043441044297026,0.9924642049736248,0.11851903051137924
Improved MLP,0.914187887866467,0.9924642049736248,0.11006920039653778
Improved MLP,0.914187887866467,0.9932177844762623,0.10995350778102875
Improved MLP,0.9366573935373422,0.9932177844762623,0.09009723365306854
Improved MLP,0.9366573935373422,0.9939713639788997,0.08994581550359726
Improved MLP,0.9437192381767601,0.9939713639788997,0.08442599326372147
Improved MLP,0.9437192381767601,0.9954785229841748,0.08432971686124802
Improved MLP,0.9475711534346244,0.9954785229841748,0.08089706301689148
Improved MLP,0.9475711534346244,0.9962321024868124,0.08084471523761749
Improved MLP,0.9486411298951423,0.9962321024868124,0.08011455833911896
Improved MLP,0.9486411298951423,0.9969856819894499,0.07975070923566818
Improved MLP,0.9501390969398673,0.9969856819894499,0.07872951030731201
Improved MLP,0.9501390969398673,0.9977392614920875,0.07866169512271881
Improved MLP,0.9503530922319708,0.9977392614920875,0.07831211388111115
Improved MLP,0.9503530922319708,0.9984928409947249,0.07816854864358902
Improved MLP,0.950781082816178,0.9984928409947249,0.07797756791114807
Improved MLP,0.950781082816178,0.9992464204973625,0.0779571384191513
Improved MLP,0.9837363578001284,0.9992464204973625,0.05182221904397011
Improved MLP,0.9837363578001284,1.0,0.0516442246735096
Improved MLP,1.0,1.0,0.009405514225363731
Logistic Regression,0.0,0.0,1.9961451432665567
Logistic Regression,0.0,0.0007535795026375283,0.9961451432665567
Logistic Regression,0.0,0.002260738507912585,0.9948636345824328
Logistic Regression,0.00042799058420714745,0.002260738507912585,0.9745320658225268
Logistic Regression,0.00042799058420714745,0.0052750565184626974,0.9642750750904088
Logistic Regression,0.0006419858763107211,0.0052750565184626974,0.9627992961927835
Logistic Regression,0.0006419858763107211,0.006028636021100226,0.9612641786370492
Logistic Regression,0.0008559811684142949,0.006028636021100226,0.9605126909438148
Logistic Regression,0.0008559811684142949,0.00904295403165034,0.9489048270228913
Logistic Regression,0.001497967044725016,0.00904295403165034,0.9423160088375995
Logistic Regression,0.001497967044725016,0.011303692539562924,0.9279104593438979
Logistic Regression,0.0017119623368285898,0.011303692539562924,0.9278302778937111
Logistic Regression,0.0017119623368285898,0.014318010550113038,0.9251103291247302
Logistic Regression,0.0019259576289321636,0.014318010550113038,0.9241314626114572
Logistic Regression,0.0019259576289321636,0.02260738507912585,0.9141150283545882
Logistic Regression,0.0021399529210357373,0.02260738507912585,0.9137863127062926
Logistic Regression,0.0021399529210357373,0.027882441597588545,0.9077981756886654
Logistic Regression,0.0025679435052428845,0.027882441597588545,0.9074688342527163
Logistic Regression,0.0025679435052428845,0.03391107761868877,0.8946776573326909
Logistic Regression,0.0027819387973464582,0.03391107761868877,0.8938832179025561
Logistic Regression,0.0027819387973464582,0.03617181612660136,0.8917163485216605
Logistic Regression,0.003209929381553606,0.03617181612660136,0.8912173732619789
Logistic Regression,0.003209929381553606,0.03692539562923888,0.8911954078534492
Logistic Regression,0.0034239246736571796,0.03692539562923888,0.8903065513345217
Logistic Regression,0.0034239246736571796,0.03918613413715147,0.8870362890900937
Logistic Regression,0.0036379199657607534,0.03918613413715147,0.8860275888892015
Logistic Regression,0.0036379199657607534,0.039939713639788994,0.8857246277057399
Logistic Regression,0.004065910549967901,0.039939713639788994,0.8818539215595015
Logistic Regression,0.004065910549967901,0.04747550866616428,0.8780068759780137
Logistic Regression,0.004707896426278622,0.04747550866616428,0.8750208162122282
Logistic Regression,0.004707896426278622,0.05124340617935192,0.8718973119226101
Logistic Regression,0.004921891718382195,0.05124340617935192,0.8705998272673044
Logistic Regression,0.004921891718382195,0.05199698568198945,0.869930783097874
Logistic Regression,0.005349882302589343,0.05199698568198945,0.8687453794070424
Logistic Regression,0.005349882302589343,0.053504144687264506,0.8683350083979292
Logistic Regression,0.005991868178900064,0.053504144687264506,0.8669846353573308
Logistic Regression,0.005991868178900064,0.055011303692539565,0.8659780260481166
Logistic Regression,0.006419858763107212,0.055011303692539565,0.8626383926033492
Logistic Regression,0.006419858763107212,0.06556141672946496,0.8529512071638631
Logistic Regression,0.006633854055210785,0.06556141672946496,0.8506115951656991
Logistic Regression,0.006633854055210785,0.06706857573474001,0.8491303920209079
Logistic Regression,0.006847849347314359,0.06706857573474001,0.848810582854954
Logistic Regression,0.006847849347314359,0.07159005275056518,0.8461851980641182
Logistic Regression,0.007275839931521507,0.07159005275056518,0.8454828451241841
Logistic Regression,0.007275839931521507,0.0746043707611153,0.843850554333918
Logistic Regression,0.0074898352236250805,0.0746043707611153,0.8434484256858953
Logistic Regression,0.0074898352236250805,0.07686510926902788,0.8412172162100491
Logistic Regression,0.007703830515728654,0.07686510926902788,0.8402843045058779
Logistic Regression,0.007703830515728654,0.08063300678221552,0.8381837884816564
Logistic Regression,0.007917825807832228,0.08063300678221552,0.8380697871404188
Logistic Regression,0.007917825807832228,0.08138658628485305,0.8374446081256741
Logistic Regression,0.008131821099935802,0.08138658628485305,0.8371882259721113
Logistic Regression,0.008131821099935802,0.0828937452901281,0.8364163066683997
Logistic Regression,0.008345816392039376,0.0828937452901281,0.8363551857499028
Logistic Regression,0.008345816392039376,0.08666164280331574,0.8343888861788129
Logistic Regression,0.00855981168414295,0.08666164280331574,0.8342509100282722
Logistic Regression,0.00855981168414295,0.08967596081386586,0.8335737029761002
Logistic Regression,0.008773806976246523,0.08967596081386586,0.8335540926340503
Logistic Regression,0.008773806976246523,0.09645817633760362,0.8309275436947944
Logistic Regression,0.008987802268350097,0.09645817633760362,0.8308611604794782
Logistic Regression,0.008987802268350097,0.09721175584024115,0.8306573900400742
Logistic Regression,0.00920179756045367,0.09721175584024115,0.8299385070384866
Logistic Regression,0.00920179756045367,0.0987189148455162,0.8288032760347257
Logistic Regression,0.009415792852557245,0.0987189148455162,0.828636699562613
Logistic Regression,0.009415792852557245,0.1039939713639789,0.8267496724349472
Logistic Regression,0.00984378343676439,0.1039939713639789,0.8265397368793509
Logistic Regression,0.00984378343676439,0.10700828937452901,0.8260620936850135
Logistic Regression,0.010057778728867964,0.10700828937452901,0.8257400501641498
Logistic Regression,0.010057778728867964,0.10851544837980406,0.8252581821072725
Logistic Regression,0.01091375989728226,0.10851544837980406,0.8241413136157683
Logistic Regression,0.01091375989728226,0.11303692539562923,0.823040169570456
Logistic Regression,0.011341750481489407,0.11303692539562923,0.8228952701628047
Logistic Regression,0.011341750481489407,0.11379050489826677,0.8226699836222301
Logistic Regression,0.011983736357800128,0.11379050489826677,0.8222183439295812
Logistic Regression,0.011983736357800128,0.11680482290881689,0.8207460660733059
Logistic Regression,0.012411726942007276,0.11680482290881689,0.8203485716918747
Logistic Regression,0.012411726942007276,0.11906556141672947,0.8193120175350612
Logistic Regression,0.01262572223411085,0.11906556141672947,0.8190893056174283
Logistic Regression,0.01262572223411085,0.12057272042200452,0.8186506904025233
Logistic Regression,0.013053712818317997,0.12057272042200452,0.8183151712769513
Logistic Regression,0.013053712818317997,0.12207987942727958,0.8178728749774575
Logistic Regression,0.01326770811042157,0.12207987942727958,0.8176018760693292
Logistic Regression,0.01326770811042157,0.12434061793519216,0.8169619753133799
Logistic Regression,0.013481703402525145,0.12434061793519216,0.8166885481502664
Logistic Regression,0.013481703402525145,0.12584777694046723,0.8158633194925653
Logistic Regression,0.013695698694628718,0.12584777694046723,0.8138918712708297
Logistic Regression,0.013695698694628718,0.12961567445365485,0.8124362603482465
Logistic Regression,0.013909693986732292,0.12961567445365485,0.812352059783468
Logistic Regression,0.013909693986732292,0.13413715146948002,0.809859499945374
Logistic Regression,0.014123689278835866,0.13413715146948002,0.809592672359001
Logistic Regression,0.014123689278835866,0.14318010550113036,0.8074195286481833
Logistic Regression,0.014551679863043013,0.14318010550113036,0.8071617065728129
Logistic Regression,0.014551679863043013,0.146948003014318,0.8049515212578651
Logistic Regression,0.014765675155146587,0.146948003014318,0.8049185687736933
Logistic Regression,0.014765675155146587,0.14845516201959308,0.8043306587537169
Logistic Regression,0.015621656323560882,0.14845516201959308,0.8036967008386869
Logistic Regression,0.015621656323560882,0.15071590052750566,0.8026036954154645
Logistic Regression,0.015835651615664456,0.15071590052750566,0.8024161960734487
Logistic Regression,0.015835651615664456,0.15523737754333083,0.8007351536168925
Logistic Regression,0.016263642199871604,0.15523737754333083,0.8005715769960764
Logistic Regression,0.016263642199871604,0.15674453654860587,0.8003878549018281
Logistic Regression,0.016477637491975176,0.15674453654860587,0.8000872493986394
Logistic Regression,0.016477637491975176,0.15900527505651846,0.7994804255830976
Logistic Regression,0.016905628076182323,0.15900527505651846,0.7991709811405824
Logistic Regression,0.016905628076182323,0.16051243406179352,0.7985109131901372
Logistic Regression,0.01733361866038947,0.16051243406179352,0.7979524574643383
Logistic Regression,0.01733361866038947,0.1650339110776187,0.7963078662271321
Logistic Regression,0.017547613952493046,0.1650339110776187,0.7961674748168842
Logistic Regression,0.017547613952493046,0.16729464958553128,0.7952101577202555
Logistic Regression,0.01776160924459662,0.16729464958553128,0.7950613048522956
Logistic Regression,0.01776160924459662,0.17030896759608138,0.7945499091749598
Logistic Regression,0.017975604536700194,0.17030896759608138,0.7944614630493925
Logistic Regression,0.017975604536700194,0.17256970610399397,0.7935057087722589
Logistic Regression,0.018617590413010913,0.17256970610399397,0.7931287454881102
Logistic Regression,0.018617590413010913,0.17407686510926904,0.7928458486420978
Logistic Regression,0.01883158570511449,0.17407686510926904,0.7917259911934356
Logistic Regression,0.01883158570511449,0.17483044461190655,0.7916105572649523
Logistic Regression,0.01904558099721806,0.17483044461190655,0.7907590694324959
Logistic Regression,0.01904558099721806,0.17633760361718162,0.7902974467187506
Logistic Regression,0.019259576289321637,0.17633760361718162,0.7902924684643136
Logistic Regression,0.019259576289321637,0.1808590806330068,0.7894132698374879
Logistic Regression,0.019901562165632356,0.1808590806330068,0.7889413210258913
Logistic Regression,0.019901562165632356,0.1838733986435569,0.7869780060801955
Logistic Regression,0.020115557457735928,0.1838733986435569,0.7867081583354383
Logistic Regression,0.020115557457735928,0.18538055764883196,0.7864136787602954
Logistic Regression,0.020329552749839504,0.18538055764883196,0.786099529664465
Logistic Regression,0.020329552749839504,0.18613413715146948,0.7857367949517808
Logistic Regression,0.020543548041943076,0.18613413715146948,0.785726103922512
Logistic Regression,0.020543548041943076,0.186887716654107,0.7856948360410596
Logistic Regression,0.02075754333404665,0.186887716654107,0.7856696828092689
Logistic Regression,0.02075754333404665,0.18764129615674455,0.7854897265229214
Logistic Regression,0.020971538626150223,0.18764129615674455,0.7849382053712165
Logistic Regression,0.020971538626150223,0.18990203466465713,0.7843299914983966
Logistic Regression,0.022041515086668094,0.18990203466465713,0.7837539413241228
Logistic Regression,0.022041515086668094,0.19065561416729465,0.7836112941983674
Logistic Regression,0.022255510378771666,0.19065561416729465,0.7834403978057497
Logistic Regression,0.022255510378771666,0.19291635267520724,0.782542195302307
Logistic Regression,0.02246950567087524,0.19291635267520724,0.7825262394089488
Logistic Regression,0.02246950567087524,0.19366993217784476,0.7821271777361396
Logistic Regression,0.022683500962978814,0.19366993217784476,0.7820816053765824
Logistic Regression,0.022683500962978814,0.19517709118311982,0.7818705054070222
Logistic Regression,0.02289749625508239,0.19517709118311982,0.7818590153649458
Logistic Regression,0.02289749625508239,0.1974378296910324,0.7813044006332636
Logistic Regression,0.023325486839289537,0.1974378296910324,0.7808249195418877
Logistic Regression,0.023325486839289537,0.20497362471740768,0.7762102859329255
Logistic Regression,0.02353948213139311,0.20497362471740768,0.7761658996409239
Logistic Regression,0.02353948213139311,0.2079879427279578,0.7753945684727646
Logistic Regression,0.023967472715600256,0.2079879427279578,0.7752667396161546
Logistic Regression,0.023967472715600256,0.20874152223059533,0.7750971126379607
Logistic Regression,0.02418146800770383,0.20874152223059533,0.7749913144656888
Logistic Regression,0.02418146800770383,0.20949510173323285,0.7747292216990501
Logistic Regression,0.02460945859191098,0.20949510173323285,0.7739886494108006
Logistic Regression,0.02460945859191098,0.21100226073850792,0.7735920029075766
Logistic Regression,0.02482345388401455,0.21100226073850792,0.7734558849205193
Logistic Regression,0.02482345388401455,0.21175584024114544,0.7728065524633313
Logistic Regression,0.0252514444682217,0.21175584024114544,0.7725934126220596
Logistic Regression,0.0252514444682217,0.21250941974378296,0.7724347926753216
Logistic Regression,0.025465439760325274,0.21250941974378296,0.7721158281706967
Logistic Regression,0.025465439760325274,0.21477015825169554,0.7715858529016775
Logistic Regression,0.025679435052428846,0.21477015825169554,0.7711720719128816
Logistic Regression,0.025679435052428846,0.2155237377543331,0.7711024831444462
Logistic Regression,0.025893430344532422,0.2155237377543331,0.7708492207672031
Logistic Regression,0.025893430344532422,0.2162773172569706,0.7704775677141122
Logistic Regression,0.026107425636635994,0.2162773172569706,0.7703068193030956
Logistic Regression,0.026107425636635994,0.21703089675960813,0.7696155798701931
Logistic Regression,0.02653541622084314,0.21703089675960813,0.7693670300936406
Logistic Regression,0.02653541622084314,0.21778447626224567,0.7693013728818259
Logistic Regression,0.026749411512946714,0.21778447626224567,0.7690503864755024
Logistic Regression,0.026749411512946714,0.2185380557648832,0.7688744698587547
Logistic Regression,0.02717740209715386,0.2185380557648832,0.7684852392949728
Logistic Regression,0.02717740209715386,0.22004521477015826,0.7678434209953447
Logistic Regression,0.02760539268136101,0.22004521477015826,0.7676890883166703
Logistic Regression,0.02760539268136101,0.2215523737754333,0.7676072682495629
Logistic Regression,0.027819387973464584,0.2215523737754333,0.766405049380687
Logistic Regression,0.027819387973464584,0.22381311228334588,0.766211014722033
Logistic Regression,0.02867536914187888,0.22381311228334588,0.7652622999571307
Logistic Regression,0.02867536914187888,0.22456669178598343,0.7652172437988803
Logistic Regression,0.029103359726086027,0.22456669178598343,0.7651741204561606
Logistic Regression,0.029103359726086027,0.22833458929917105,0.7631973519475114
Logistic Regression,0.0293173550181896,0.22833458929917105,0.7631430974832879
Logistic Regression,0.0293173550181896,0.23059532780708364,0.7624906419914974
Logistic Regression,0.029531350310293174,0.23059532780708364,0.7624589010052415
Logistic Regression,0.029531350310293174,0.23285606631499622,0.7618738849957819
Logistic Regression,0.029745345602396746,0.23285606631499622,0.7606458660390774
Logistic Regression,0.029745345602396746,0.2351168048229088,0.7599677844475877
Logistic Regression,0.029959340894500322,0.2351168048229088,0.7597304568012871
Logistic Regression,0.029959340894500322,0.23662396382818388,0.7594021912365368
Logistic Regression,0.030173336186603894,0.23662396382818388,0.7591617133969244
Logistic Regression,0.030173336186603894,0.2373775433308214,0.7591029404106616
Logistic Regression,0.03060132677081104,0.2373775433308214,0.7584353938819763
Logistic Regression,0.03060132677081104,0.23888470233609646,0.7576741836825052
Logistic Regression,0.03102931735501819,0.23888470233609646,0.7570498532013589
Logistic Regression,0.03102931735501819,0.24189902034664656,0.7563020573279701
Logistic Regression,0.03167130323132891,0.24189902034664656,0.7551869051210591
Logistic Regression,0.03167130323132891,0.24415975885455915,0.7546945544107057
Logistic Regression,0.032099293815536056,0.24415975885455915,0.7542630896768404
Logistic Regression,0.032099293815536056,0.24566691785983422,0.7534296079556516
Logistic Regression,0.03252728439974321,0.24566691785983422,0.7528684852295152
Logistic Regression,0.03252728439974321,0.24717407686510928,0.7524117141977862
Logistic Regression,0.03295527498395035,0.24717407686510928,0.7519165596623754
Logistic Regression,0.03295527498395035,0.25018839487565936,0.7510573992966687
Logistic Regression,0.033169270276053923,0.25018839487565936,0.7510343162155659
Logistic Regression,0.033169270276053923,0.25169555388093445,0.7508574913563817
Logistic Regression,0.033597260860261074,0.25169555388093445,0.749618546210237
Logistic Regression,0.033597260860261074,0.25395629238884704,0.7492276166967993
Logistic Regression,0.03381125615236465,0.25395629238884704,0.7490546020051562
Logistic Regression,0.03381125615236465,0.25470987189148453,0.7489744119358124
Logistic Regression,0.03402525144446822,0.25470987189148453,0.7488234026244274
Logistic Regression,0.03402525144446822,0.2562170308967596,0.7487780038398464
Logistic Regression,0.0342392467365718,0.2562170308967596,0.7482093547419858
Logistic Regression,0.0342392467365718,0.25772418990203466,0.7477536153917493
Logistic Regression,0.03466723732077894,0.25772418990203466,0.7471965675321196
Logistic Regression,0.03466723732077894,0.2584777694046722,0.7468394821574703
Logistic Regression,0.03509522790498609,0.2584777694046722,0.746375567185739
Logistic Regression,0.03509522790498609,0.2607385079125848,0.7451886541715836
Logistic Regression,0.03573721378129681,0.2607385079125848,0.7446062589218261
Logistic Regression,0.03573721378129681,0.26375282592313487,0.7434107352631136
Logistic Regression,0.03595120907340039,0.26375282592313487,0.7433490353159443
Logistic Regression,0.03595120907340039,0.26525998492840996,0.7429074681557928
Logistic Regression,0.03637919965760753,0.26525998492840996,0.7428099681166849
Logistic Regression,0.03637919965760753,0.26601356443104746,0.7426362710515142
Logistic Regression,0.036593194949711104,0.26601356443104746,0.7424606160477103
Logistic Regression,0.036593194949711104,0.26827430293896004,0.742015838540619
Logistic Regression,0.03680719024181468,0.26827430293896004,0.7417351725276267
Logistic Regression,0.03680719024181468,0.2705350414468726,0.741138346387949
Logistic Regression,0.03766317141022898,0.2705350414468726,0.739188195614064
Logistic Regression,0.03766317141022898,0.2720422004521477,0.7387283032090283
Logistic Regression,0.03787716670233255,0.2720422004521477,0.7383694334848253
Logistic Regression,0.03787716670233255,0.2727957799547852,0.7382929544759869
Logistic Regression,0.03809116199443612,0.2727957799547852,0.7378078141820336
Logistic Regression,0.03809116199443612,0.2743029389600603,0.7371776431493559
Logistic Regression,0.038305157286539694,0.2743029389600603,0.7367766970638902
Logistic Regression,0.038305157286539694,0.2750565184626978,0.736614989105182
Logistic Regression,0.03937513374705756,0.2750565184626978,0.7360184196393624
Logistic Regression,0.03937513374705756,0.2773172569706104,0.7355177242419642
Logistic Regression,0.03958912903916114,0.2773172569706104,0.7351684406304199
Logistic Regression,0.03958912903916114,0.27807083647324793,0.7346403731474367
Logistic Regression,0.040017119623368284,0.27807083647324793,0.7345008898558644
Logistic Regression,0.040017119623368284,0.2788244159758855,0.7344593335206174
Logistic Regression,0.040231114915471856,0.2788244159758855,0.7341976134137632
Logistic Regression,0.040231114915471856,0.27957799547852297,0.7340767806159288
Logistic Regression,0.040445110207575435,0.27957799547852297,0.7334372944713599
Logistic Regression,0.040445110207575435,0.28108515448379806,0.7325142688389754
Logistic Regression,0.04065910549967901,0.28108515448379806,0.7324512783448814
Logistic Regression,0.04065910549967901,0.28183873398643555,0.7324389892743255
Logistic Regression,0.04130109137598973,0.28183873398643555,0.7317856067610409
Logistic Regression,0.04130109137598973,0.28409947249434814,0.7313106881514333
Logistic Regression,0.041729081960196875,0.28409947249434814,0.7311169899330976
Logistic Regression,0.041729081960196875,0.2848530519969857,0.7311024898470802
Logistic Regression,0.04194307725230045,0.2848530519969857,0.7310293591118778
Logistic Regression,0.04194307725230045,0.28711379050489827,0.7307004492472589
Logistic Regression,0.042157072544404026,0.28711379050489827,0.7305788144284109
Logistic Regression,0.042157072544404026,0.2886209495101733,0.7300874479089202
Logistic Regression,0.0423710678365076,0.2886209495101733,0.7300701729175149
Logistic Regression,0.0423710678365076,0.292388847023361,0.7293110949915688
Logistic Regression,0.04279905842071474,0.292388847023361,0.7286390947080444
Logistic Regression,0.04279905842071474,0.29540316503391106,0.728222675818406
Logistic Regression,0.04365503958912904,0.29540316503391106,0.7278127427026884
Logistic Regression,0.04365503958912904,0.29691032403918616,0.7271624364144275
Logistic Regression,0.04429702546543976,0.29691032403918616,0.726565622858673
Logistic Regression,0.04429702546543976,0.29766390354182365,0.7264775889947428
Logistic Regression,0.04493901134175048,0.29766390354182365,0.7253917556653757
Logistic Regression,0.04493901134175048,0.29992464204973623,0.7251958799964733
Logistic Regression,0.04536700192595763,0.29992464204973623,0.7248659004324102
Logistic Regression,0.04536700192595763,0.3006782215523738,0.7247586655140169
Logistic Regression,0.04600898780226835,0.3006782215523738,0.7243004526144735
Logistic Regression,0.04600898780226835,0.30746043707611154,0.7216396575933618
Logistic Regression,0.046864968970682645,0.30746043707611154,0.720289744905376
Logistic Regression,0.046864968970682645,0.3097211755840241,0.720160035581377
Logistic Regression,0.04707896426278622,0.3097211755840241,0.7199869057552175
Logistic Regression,0.04707896426278622,0.31122833458929916,0.7198192401288136
Logistic Regression,0.04729295955488979,0.31122833458929916,0.7197007302163226
Logistic Regression,0.04729295955488979,0.31348907309721175,0.7186601588335997
Logistic Regression,0.04750695484699337,0.31348907309721175,0.718513732039648
Logistic Regression,0.04750695484699337,0.31574981160512433,0.7172488128883396
Logistic Regression,0.04772095013909694,0.31574981160512433,0.7170820714034922
Logistic Regression,0.04772095013909694,0.3165033911077619,0.7169791702895741
Logistic Regression,0.048148940723304084,0.3165033911077619,0.7166559629128706
Logistic Regression,0.048148940723304084,0.3172569706103994,0.7163075446774518
Logistic Regression,0.048576931307511236,0.3172569706103994,0.7161949497529755
Logistic Regression,0.048576931307511236,0.32102486812358705,0.7156796588326841
Logistic Regression,0.04921891718382196,0.32102486812358705,0.7155198787025934
Logistic Regression,0.04921891718382196,0.32177844762622454,0.7150706312288599
Logistic Regression,0.04943291247592553,0.32177844762622454,0.7148776314222752
Logistic Regression,0.04943291247592553,0.3240391861341371,0.7143586333580427
Logistic Regression,0.0496469077680291,0.3240391861341371,0.7140933718162606
Logistic Regression,0.0496469077680291,0.3255463451394122,0.713896397967266
Logistic Regression,0.049860903060132675,0.3255463451394122,0.7128817059795975
Logistic Regression,0.049860903060132675,0.33534287867370005,0.7105138609446586
Logistic Regression,0.05093087952065055,0.33534287867370005,0.709769191856623
Logistic Regression,0.05093087952065055,0.33685003767897514,0.7095199013760849
Logistic Regression,0.05114487481275412,0.33685003767897514,0.7094020429136049
Logistic Regression,0.05114487481275412,0.33760361718161264,0.7091429911697491
Logistic Regression,0.051786860689064844,0.33760361718161264,0.708867871038562
Logistic Regression,0.051786860689064844,0.3398643556895252,0.707694068383224
Logistic Regression,0.05264284185747913,0.3398643556895252,0.7071105902916435
Logistic Regression,0.05264284185747913,0.3413715146948003,0.7067151811505783
Logistic Regression,0.05392681361010058,0.3413715146948003,0.7049980020003268
Logistic Regression,0.05392681361010058,0.3421250941974378,0.7047838543963958
Logistic Regression,0.05414080890220415,0.3421250941974378,0.704739582100027
Logistic Regression,0.05414080890220415,0.34287867370007535,0.703888981986713
Logistic Regression,0.05435480419430772,0.34287867370007535,0.7033053473449206
Logistic Regression,0.05435480419430772,0.34513941220798794,0.7031921369038282
Logistic Regression,0.054996790070618445,0.34513941220798794,0.7026027193934927
Logistic Regression,0.054996790070618445,0.3458929917106255,0.7025006157989414
Logistic Regression,0.05563877594692917,0.3458929917106255,0.7008263198439512
Logistic Regression,0.05563877594692917,0.346646571213263,0.7007134198118243
Logistic Regression,0.05606676653113631,0.346646571213263,0.7003001077354365
Logistic Regression,0.05606676653113631,0.34890730972117556,0.6998801290255727
Logistic Regression,0.056494757115343464,0.34890730972117556,0.6992335390920421
Logistic Regression,0.056494757115343464,0.3496608892238131,0.6991766783522938
Logistic Regression,0.056708752407447036,0.3496608892238131,0.698840852829205
Logistic Regression,0.056708752407447036,0.3519216277317257,0.6980939263254937
Logistic Regression,0.05692274769955061,0.3519216277317257,0.697900090838921
Logistic Regression,0.05692274769955061,0.35342878673700073,0.6965709229711818
Logistic Regression,0.0577787288679649,0.35342878673700073,0.6955883966993157
Logistic Regression,0.0577787288679649,0.3541823662396383,0.6955667459625345
Logistic Regression,0.05799272416006848,0.3541823662396383,0.6955041590872352
Logistic Regression,0.05799272416006848,0.3549359457422758,0.6952693958784565
Logistic Regression,0.058206719452172054,0.3549359457422758,0.6944569427764994
Logistic Regression,0.058206719452172054,0.3571966842501884,0.6938265692851427
Logistic Regression,0.05906270062058635,0.3571966842501884,0.6920907832887204
Logistic Regression,0.05906270062058635,0.35870384325546345,0.6916720637692132
Logistic Regression,0.059704686496897065,0.35870384325546345,0.6911426066467685
Logistic Regression,0.059704686496897065,0.3654860587792012,0.6882210668404436
Logistic Regression,0.06034667237320779,0.3654860587792012,0.6875840838304678
Logistic Regression,0.06034667237320779,0.36623963828183875,0.6875148181400964
Logistic Regression,0.06205863471003638,0.36623963828183875,0.6857158264924972
Logistic Regression,0.06205863471003638,0.36699321778447624,0.6854896778907462
Logistic Regression,0.0627006205863471,0.36699321778447624,0.684466687198523
Logistic Regression,0.0627006205863471,0.3700075357950264,0.6837578250169883
Logistic Regression,0.06291461587845068,0.3700075357950264,0.683697634718153
Logistic Regression,0.06291461587845068,0.3707611152976639,0.6833381207034338
Logistic Regression,0.06462657821527927,0.3707611152976639,0.6818663072074527
Logistic Regression,0.06462657821527927,0.3715146948003014,0.6818164952828435
Logistic Regression,0.06484057350738284,0.3715146948003014,0.6817393841923556
Logistic Regression,0.06484057350738284,0.37226827430293896,0.6811203992307134
Logistic Regression,0.06505456879948641,0.37226827430293896,0.6810585970287222
Logistic Regression,0.06505456879948641,0.37452901281085155,0.6801507140893926
Logistic Regression,0.06526856409158999,0.37452901281085155,0.6800493757915796
Logistic Regression,0.06526856409158999,0.3752825923134891,0.6798633752119305
Logistic Regression,0.0659105499679007,0.3752825923134891,0.6790223820537623
Logistic Regression,0.0659105499679007,0.3760361718161266,0.6786745131781823
Logistic Regression,0.06612454526000427,0.3760361718161266,0.6786031518282601
Logistic Regression,0.06612454526000427,0.37678975131876413,0.6780465310991509
Logistic Regression,0.06633854055210785,0.37678975131876413,0.6780151989574793
Logistic Regression,0.06633854055210785,0.3775433308214017,0.6775744199974627
Logistic Regression,0.06698052642841858,0.3775433308214017,0.6766742330050984
Logistic Regression,0.06698052642841858,0.37829691032403917,0.6764911631226694
Logistic Regression,0.06719452172052215,0.37829691032403917,0.6762866568919905
Logistic Regression,0.06719452172052215,0.3813112283345893,0.6758111745907308
Logistic Regression,0.06783650759683287,0.3813112283345893,0.6754578808356341
Logistic Regression,0.06783650759683287,0.38206480783722685,0.6746419932100359
Logistic Regression,0.06805050288893644,0.38206480783722685,0.6744360917277703
Logistic Regression,0.06805050288893644,0.3850791258477769,0.6730454088179687
Logistic Regression,0.0684784934731436,0.3850791258477769,0.6726702290051549
Logistic Regression,0.0684784934731436,0.3858327053504145,0.6725188889840782
Logistic Regression,0.06869248876524717,0.3858327053504145,0.6722795456383707
Logistic Regression,0.06869248876524717,0.386586284853052,0.6721176064905819
Logistic Regression,0.06890648405735074,0.386586284853052,0.6720829357847335
Logistic Regression,0.06890648405735074,0.3873398643556895,0.6714652242869649
Logistic Regression,0.06912047934945431,0.3873398643556895,0.6713018704740559
Logistic Regression,0.06912047934945431,0.39035418236623964,0.6696393352783772
Logistic Regression,0.06933447464155788,0.39035418236623964,0.6696335499547718
Logistic Regression,0.06933447464155788,0.3911077618688772,0.6696153851589908
Logistic Regression,0.06954846993366146,0.3911077618688772,0.6694312370603824
Logistic Regression,0.06954846993366146,0.39261492087415223,0.6691121831242671
Logistic Regression,0.06997646051786861,0.39261492087415223,0.6686326785655341
Logistic Regression,0.06997646051786861,0.3933685003767898,0.6681679021933117
Logistic Regression,0.07019045580997219,0.3933685003767898,0.6676700391904793
Logistic Regression,0.07019045580997219,0.39638281838733985,0.6663011032522048
Logistic Regression,0.07126043227049005,0.39638281838733985,0.6648016372084318
Logistic Regression,0.07126043227049005,0.3971363978899774,0.664141046382436
Logistic Regression,0.07147442756259362,0.3971363978899774,0.6633636358359525
Logistic Regression,0.07147442756259362,0.39788997739261495,0.6632484856755094
Logistic Regression,0.0716884228546972,0.39788997739261495,0.6628641689483525
Logistic Regression,0.0716884228546972,0.39864355689525244,0.6626785403419715
Logistic Regression,0.07190241814680078,0.39864355689525244,0.6620683915738317
Logistic Regression,0.07190241814680078,0.40165787490580257,0.6604742335102916
Logistic Regression,0.07211641343890435,0.40165787490580257,0.6591377841625552
Logistic Regression,0.07211641343890435,0.4024114544084401,0.6589357118005426
Logistic Regression,0.07254440402311149,0.4024114544084401,0.6584854752904052
Logistic Regression,0.07254440402311149,0.4031650339110776,0.6583772039598205
Logistic Regression,0.07318638989942221,0.4031650339110776,0.6579308503704261
Logistic Regression,0.07318638989942221,0.40391861341371516,0.6579048418194197
Logistic Regression,0.07468435694414723,0.40391861341371516,0.6554190399371469
Logistic Regression,0.07468435694414723,0.4046721929163527,0.6552828243259602
Logistic Regression,0.0748983522362508,0.4046721929163527,0.6551005465556002
Logistic Regression,0.0748983522362508,0.4054257724189902,0.6549780730612085
Logistic Regression,0.07532634282045796,0.4054257724189902,0.6539482556491406
Logistic Regression,0.07532634282045796,0.40617935192162774,0.6539482098950498
Logistic Regression,0.07596832869676867,0.40617935192162774,0.6529331418300384
Logistic Regression,0.07596832869676867,0.4069329314242653,0.6525672212026364
Logistic Regression,0.07639631928097582,0.4069329314242653,0.6517009265896233
Logistic Regression,0.07639631928097582,0.4084400904295403,0.6512015664056455
Logistic Regression,0.07703830515728655,0.4084400904295403,0.6505916139087885
Logistic Regression,0.07703830515728655,0.4091936699321778,0.6497306808185561
Logistic Regression,0.07725230044939012,0.4091936699321778,0.6495008330247196
Logistic Regression,0.07725230044939012,0.4107008289374529,0.6490322440659579
Logistic Regression,0.07746629574149369,0.4107008289374529,0.648149024084912
Logistic Regression,0.07746629574149369,0.4129615674453655,0.6470785332844965
Logistic Regression,0.07768029103359726,0.4129615674453655,0.6469577756019719
Logistic Regression,0.07768029103359726,0.41446872645064053,0.6451353605255425
Logistic Regression,0.0781082816178044,0.41446872645064053,0.6440929155678747
Logistic Regression,0.0781082816178044,0.4152223059532781,0.6439726292193644
Logistic Regression,0.07853627220201155,0.4152223059532781,0.6434530034371222
Logistic Regression,0.07853627220201155,0.4159758854559156,0.6432748278044165
Logistic Regression,0.07960624866252942,0.4159758854559156,0.6417144323698571
Logistic Regression,0.07960624866252942,0.4167294649585531,0.6416541171471388
Logistic Regression,0.079820243954633,0.4167294649585531,0.6412447675618874
Logistic Regression,0.079820243954633,0.41823662396382816,0.6405126237704134
Logistic Regression,0.08003423924673657,0.41823662396382816,0.6403228803177224
Logistic Regression,0.08003423924673657,0.4189902034664657,0.639751170368257
Logistic Regression,0.08046222983094371,0.4189902034664657,0.6390974777295975
Logistic Regression,0.08046222983094371,0.41974378296910325,0.6390063831971972
Logistic Regression,0.0806762251230473,0.41974378296910325,0.6375833952624902
Logistic Regression,0.0806762251230473,0.42049736247174074,0.6374391671073023
Logistic Regression,0.08089022041515087,0.42049736247174074,0.6367718951585603
Logistic Regression,0.08089022041515087,0.4212509419743783,0.6364210358975034
Logistic Regression,0.08431414508880805,0.4212509419743783,0.6315154429583052
Logistic Regression,0.08431414508880805,0.42275810097965333,0.6307851298812406
Logistic Regression,0.0847421356730152,0.42275810097965333,0.6293995999031574
Logistic Regression,0.0847421356730152,0.4235116804822909,0.6291852015469929
Logistic Regression,0.0870960838861545,0.4235116804822909,0.6243300092088524
Logistic Regression,0.0870960838861545,0.42577241899020346,0.6237548804499481
Logistic Regression,0.08880804622298309,0.42577241899020346,0.6211120018686994
Logistic Regression,0.08880804622298309,0.426525998492841,0.6207701951778143
Logistic Regression,0.09052000855981168,0.426525998492841,0.6186357896724637
Logistic Regression,0.09052000855981168,0.42803315749811605,0.6182330548751703
Logistic Regression,0.09094799914401883,0.42803315749811605,0.6174448689281061
Logistic Regression,0.09094799914401883,0.4310474755086662,0.6158716438998566
Logistic Regression,0.0920179756045367,0.4310474755086662,0.6152695265832434
Logistic Regression,0.0920179756045367,0.4325546345139412,0.6146185166347771
Logistic Regression,0.09265996148084742,0.4325546345139412,0.6131094446848404
Logistic Regression,0.09265996148084742,0.43406179351921625,0.6127751504242355
Logistic Regression,0.09330194735715815,0.43406179351921625,0.612301710697357
Logistic Regression,0.09330194735715815,0.43632253202712884,0.6108209586382937
Logistic Regression,0.09415792852557243,0.43632253202712884,0.6102377181085785
Logistic Regression,0.09415792852557243,0.4370761115297664,0.6099517861798529
Logistic Regression,0.09479991440188316,0.4370761115297664,0.6091465391634944
Logistic Regression,0.09479991440188316,0.4385832705350414,0.6087481548949651
Logistic Regression,0.09501390969398674,0.4385832705350414,0.608396333544733
Logistic Regression,0.09501390969398674,0.43933685003767897,0.608149494432931
Logistic Regression,0.09544190027819388,0.43933685003767897,0.6078109438615463
Logistic Regression,0.09544190027819388,0.4400904295403165,0.6077180333864464
Logistic Regression,0.09586989086240102,0.4400904295403165,0.6070238313624798
Logistic Regression,0.09586989086240102,0.44159758854559156,0.6068887634832822
Logistic Regression,0.0969398673229189,0.44159758854559156,0.6062836299393284
Logistic Regression,0.0969398673229189,0.4423511680482291,0.6062324374149103
Logistic Regression,0.09715386261502247,0.4423511680482291,0.6059057371814717
Logistic Regression,0.09715386261502247,0.4446119065561417,0.6054046555219906
Logistic Regression,0.09865182965974749,0.4446119065561417,0.6037249821882004
Logistic Regression,0.09865182965974749,0.4453654860587792,0.6036815203779712
Logistic Regression,0.09907982024395463,0.4453654860587792,0.6035342014624023
Logistic Regression,0.09907982024395463,0.4461190655614167,0.6031982281385286
Logistic Regression,0.09950781082816178,0.4461190655614167,0.6027602183655509
Logistic Regression,0.09950781082816178,0.4468726450640543,0.6020205173416693
Logistic Regression,0.10057778728867965,0.4468726450640543,0.6008795075737459
Logistic Regression,0.10057778728867965,0.44762622456669177,0.6008784304056677
Logistic Regression,0.10079178258078322,0.44762622456669177,0.6008630302337928
Logistic Regression,0.10079178258078322,0.4483798040693293,0.6008356792947405
Logistic Regression,0.1010057778728868,0.4483798040693293,0.6008284213483358
Logistic Regression,0.1010057778728868,0.44913338357196686,0.6003618001936486
Logistic Regression,0.1018617590413011,0.44913338357196686,0.5992808094412044
Logistic Regression,0.1018617590413011,0.4506405425772419,0.5989338318019712
Logistic Regression,0.10400171196233683,0.4506405425772419,0.5967066277976636
Logistic Regression,0.10400171196233683,0.4529012810851545,0.5959652540329188
Logistic Regression,0.10849561309651187,0.4529012810851545,0.5914364373992432
Logistic Regression,0.10849561309651187,0.4544084400904295,0.5912570914134362
Logistic Regression,0.11020757543334046,0.4544084400904295,0.5896640568977793
Logistic Regression,0.11020757543334046,0.45516201959306707,0.5895179185193158
Logistic Regression,0.11127755189385834,0.45516201959306707,0.5885561669129618
Logistic Regression,0.11127755189385834,0.4559155990957046,0.5884021809712929
Logistic Regression,0.11277551893858336,0.4559155990957046,0.5874268612762378
Logistic Regression,0.11277551893858336,0.45742275810097965,0.5873480426924589
Logistic Regression,0.11363150010699764,0.45742275810097965,0.5868519072038947
Logistic Regression,0.11363150010699764,0.4589299171062547,0.5867687510389793
Logistic Regression,0.11427348598330837,0.4589299171062547,0.5866587148259967
Logistic Regression,0.11427348598330837,0.4604370761115298,0.5864268353355496
Logistic Regression,0.11577145302803338,0.4604370761115298,0.5854925501568677
Logistic Regression,0.11577145302803338,0.4611906556141673,0.5852912332780681
Logistic Regression,0.11598544832013696,0.4611906556141673,0.5848806277371633
Logistic Regression,0.11598544832013696,0.46269781461944237,0.5848098401642259
Logistic Regression,0.11641343890434411,0.46269781461944237,0.5842182383169797
Logistic Regression,0.11641343890434411,0.46345139412207986,0.5841763631547312
Logistic Regression,0.11705542478065482,0.46345139412207986,0.5838144303377164
Logistic Regression,0.11705542478065482,0.46571213262999245,0.58288028896435
Logistic Regression,0.1172694200727584,0.46571213262999245,0.582770487914677
Logistic Regression,0.1172694200727584,0.46721929163526754,0.5826576368963547
Logistic Regression,0.11769741065696554,0.46721929163526754,0.5822641347549831
Logistic Regression,0.11769741065696554,0.46797287113790503,0.582055764281876
Logistic Regression,0.11898138240958699,0.46797287113790503,0.5804395888479087
Logistic Regression,0.11898138240958699,0.4687264506405426,0.5802976842081768
Logistic Regression,0.11983736357800129,0.4687264506405426,0.5800847901426927
Logistic Regression,0.11983736357800129,0.4694800301431801,0.5799358671064109
Logistic Regression,0.12026535416220843,0.4694800301431801,0.5798686686825684
Logistic Regression,0.12026535416220843,0.4702336096458176,0.5798303444274979
Logistic Regression,0.1213353306227263,0.4702336096458176,0.5796247283282311
Logistic Regression,0.1213353306227263,0.47098718914845517,0.5795932299392801
Logistic Regression,0.12176332120693345,0.47098718914845517,0.5794136248005473
Logistic Regression,0.12176332120693345,0.4717407686510927,0.5792394669601937
Logistic Regression,0.12261930237534774,0.4717407686510927,0.5789244483335705
Logistic Regression,0.12261930237534774,0.4724943481537302,0.5787841597543981
Logistic Regression,0.12283329766745131,0.4724943481537302,0.5787361946724905
Logistic Regression,0.12283329766745131,0.47324792765636775,0.578678315101906
Logistic Regression,0.12326128825165847,0.47324792765636775,0.578422330400401
Logistic Regression,0.12326128825165847,0.4740015071590053,0.578117137326281
Logistic Regression,0.12518724588059063,0.4740015071590053,0.5766971856412967
Logistic Regression,0.12518724588059063,0.4747550866616428,0.5761924852122396
Logistic Regression,0.12604322704900492,0.4747550866616428,0.5755536206971531
Logistic Regression,0.12604322704900492,0.4762622456669179,0.575493006670479
Logistic Regression,0.1262572223411085,0.4762622456669179,0.5754115714994557
Logistic Regression,0.1262572223411085,0.4777694046721929,0.5752818397164191
Logistic Regression,0.12732719880162635,0.4777694046721929,0.5749202957128591
Logistic Regression,0.12732719880162635,0.47852298417483047,0.5747868943349929
Logistic Regression,0.12754119409372994,0.47852298417483047,0.5747410750809031
Logistic Regression,0.12754119409372994,0.47927656367746796,0.5747400673353608
Logistic Regression,0.12818317997004067,0.47927656367746796,0.5739651695421121
Logistic Regression,0.12818317997004067,0.4800301431801055,0.573795446551336
Logistic Regression,0.1286111705542478,0.4800301431801055,0.5734564907345943
Logistic Regression,0.1286111705542478,0.48078372268274305,0.573376764379453
Logistic Regression,0.13139310935159426,0.48078372268274305,0.5712401303314769
Logistic Regression,0.13139310935159426,0.4822908816880181,0.5710088846627458
Logistic Regression,0.13160710464369785,0.4822908816880181,0.5708286757522137
Logistic Regression,0.13160710464369785,0.4845516201959307,0.5705818629486971
Logistic Regression,0.13224909052000855,0.4845516201959307,0.5702853530359552
Logistic Regression,0.13224909052000855,0.4853051996985682,0.5702769078413311
Logistic Regression,0.1326770811042157,0.4853051996985682,0.5699317673081996
Logistic Regression,0.1326770811042157,0.4860587792012057,0.5698302233730274
Logistic Regression,0.13331906698052642,0.4860587792012057,0.569543620068526
Logistic Regression,0.13331906698052642,0.4883195177091183,0.5690644819808061
Logistic Regression,0.1343890434410443,0.4883195177091183,0.5685468258774476
Logistic Regression,0.1343890434410443,0.48907309721175585,0.5684990461378615
Logistic Regression,0.1352450246094586,0.48907309721175585,0.5681014690234603
Logistic Regression,0.1352450246094586,0.4905802562170309,0.5678654307027504
Logistic Regression,0.1369569869462872,0.4905802562170309,0.5672349271041361
Logistic Regression,0.1369569869462872,0.49133383571966843,0.567228303517786
Logistic Regression,0.13824095869890862,0.49133383571966843,0.5667693619718238
Logistic Regression,0.13824095869890862,0.492087415222306,0.5667525282978948
Logistic Regression,0.14102289749625507,0.492087415222306,0.5648043030297548
Logistic Regression,0.14102289749625507,0.49284099472494347,0.564679922845671
Logistic Regression,0.14209287395677295,0.49284099472494347,0.5641361598433309
Logistic Regression,0.14209287395677295,0.493594574227581,0.5638648592872765
Logistic Regression,0.14701476567515515,0.493594574227581,0.5611340349084493
Logistic Regression,0.14701476567515515,0.49510173323285606,0.5606894989460398
Logistic Regression,0.14722876096725873,0.49510173323285606,0.5605876581854339
Logistic Regression,0.14722876096725873,0.49736247174076864,0.5602557661245837
Logistic Regression,0.1474427562593623,0.49736247174076864,0.5601676649828579
Logistic Regression,0.1474427562593623,0.4981160512434062,0.5601421715575822
Logistic Regression,0.15001069976460518,0.4981160512434062,0.5591482440962305
Logistic Regression,0.15001069976460518,0.49886963074604374,0.5591236886136988
Logistic Regression,0.15193665739353734,0.49886963074604374,0.5588619053082724
Logistic Regression,0.15193665739353734,0.5011303692539563,0.5585332610815951
Logistic Regression,0.15343462443826236,0.5011303692539563,0.5576178233940723
Logistic Regression,0.15343462443826236,0.5033911077618689,0.5575800167688063
Logistic Regression,0.15557457735929808,0.5033911077618689,0.5567519461378585
Logistic Regression,0.15557457735929808,0.5048982667671439,0.5566922146104767
Logistic Regression,0.15578857265140167,0.5048982667671439,0.5566126741222498
Logistic Regression,0.15578857265140167,0.5056518462697814,0.5565984902326413
Logistic Regression,0.15664455381981596,0.5056518462697814,0.5558527327802271
Logistic Regression,0.15664455381981596,0.5071590052750565,0.5557904814684553
Logistic Regression,0.15771453028033383,0.5071590052750565,0.5554349864111348
Logistic Regression,0.15771453028033383,0.5079125847776941,0.5554000480677472
Logistic Regression,0.15814252086454098,0.5079125847776941,0.5553468718201644
Logistic Regression,0.15814252086454098,0.5086661642803316,0.555344038699777
Logistic Regression,0.1587845067408517,0.5086661642803316,0.555057111972512
Logistic Regression,0.1587845067408517,0.5101733232856066,0.5549764200350894
Logistic Regression,0.15921249732505885,0.5101733232856066,0.5546836841035121
Logistic Regression,0.15921249732505885,0.5109269027882442,0.554663590451318
Logistic Regression,0.15985448320136958,0.5109269027882442,0.554341848758228
Logistic Regression,0.15985448320136958,0.5116804822908817,0.5543150233162996
Logistic Regression,0.16006847849347314,0.5116804822908817,0.5542864861940446
Logistic Regression,0.16006847849347314,0.5131876412961568,0.5542769834696847
Logistic Regression,0.161138454953991,0.5131876412961568,0.5538989675623861
Logistic Regression,0.161138454953991,0.5146948003014318,0.5537595397428751
Logistic Regression,0.16178044083030174,0.5146948003014318,0.5535721631014798
Logistic Regression,0.16178044083030174,0.5154483798040693,0.553493250610313
Logistic Regression,0.1619944361224053,0.5154483798040693,0.5534330905085185
Logistic Regression,0.1619944361224053,0.5162019593067069,0.5529534647496843
Logistic Regression,0.16285041729081962,0.5162019593067069,0.5524128609255163
Logistic Regression,0.16285041729081962,0.5169555388093444,0.5524020270652275
Logistic Regression,0.16349240316713032,0.5169555388093444,0.5523119363350701
Logistic Regression,0.16349240316713032,0.517709118311982,0.5522301809335477
Logistic Regression,0.1637063984592339,0.517709118311982,0.5522116212108923
Logistic Regression,0.1637063984592339,0.5184626978146194,0.552202957131669
Logistic Regression,0.16392039375133746,0.5184626978146194,0.5521878142195279
Logistic Regression,0.16392039375133746,0.519216277317257,0.5521733260587531
Logistic Regression,0.1643483843355446,0.519216277317257,0.5520146389750182
Logistic Regression,0.1643483843355446,0.5199698568198945,0.5518387119666154
Logistic Regression,0.1645623796276482,0.5199698568198945,0.5517951189898199
Logistic Regression,0.1645623796276482,0.520723436322532,0.5517379698275594
Logistic Regression,0.16477637491975178,0.520723436322532,0.5515091329470753
Logistic Regression,0.16477637491975178,0.5214770158251696,0.5513596186161797
Logistic Regression,0.16499037021185534,0.5214770158251696,0.5512348198747754
Logistic Regression,0.16499037021185534,0.5222305953278071,0.5511871240723035
Logistic Regression,0.16755831371709823,0.5222305953278071,0.549837336272494
Logistic Regression,0.16755831371709823,0.5229841748304446,0.5497027610020823
Logistic Regression,0.17034025251444468,0.5229841748304446,0.5486492557335775
Logistic Regression,0.17034025251444468,0.5237377543330821,0.5486487010096054
Logistic Regression,0.17055424780654826,0.5237377543330821,0.5485353419955087
Logistic Regression,0.17055424780654826,0.5259984928409948,0.5480930623402628
Logistic Regression,0.17119623368285897,0.5259984928409948,0.5478869438618068
Logistic Regression,0.17119623368285897,0.5267520723436323,0.5478664144038072
Logistic Regression,0.17205221485127328,0.5267520723436323,0.5475063335506485
Logistic Regression,0.17205221485127328,0.5275056518462697,0.5474867972207224
Logistic Regression,0.17226621014337684,0.5275056518462697,0.5472744221571706
Logistic Regression,0.17226621014337684,0.5282592313489073,0.5471106706576848
Logistic Regression,0.17312219131179113,0.5282592313489073,0.5465836078319898
Logistic Regression,0.17312219131179113,0.5297663903541824,0.5463671779198034
Logistic Regression,0.1744061630644126,0.5297663903541824,0.5458317027151834
Logistic Regression,0.1744061630644126,0.5305199698568199,0.5457591017402394
Logistic Regression,0.17569013481703402,0.5305199698568199,0.5452752541188256
Logistic Regression,0.17569013481703402,0.5320271288620949,0.5450625128057994
Logistic Regression,0.17718810186175904,0.5320271288620949,0.5445934367933377
Logistic Regression,0.17718810186175904,0.53353428786737,0.5445769488316595
Logistic Regression,0.17804408303017333,0.53353428786737,0.5442837556020236
Logistic Regression,0.17804408303017333,0.5342878673700076,0.5441898891262956
Logistic Regression,0.1782580783222769,0.5342878673700076,0.5440440370290691
Logistic Regression,0.1782580783222769,0.5350414468726451,0.5440149096562995
Logistic Regression,0.17868606890648406,0.5350414468726451,0.543929474405435
Logistic Regression,0.17868606890648406,0.5357950263752826,0.543865075640051
Logistic Regression,0.1799700406591055,0.5357950263752826,0.5430908644475022
Logistic Regression,0.1799700406591055,0.5365486058779201,0.5430601505216701
Logistic Regression,0.18275197945645197,0.5365486058779201,0.5417367165998813
Logistic Regression,0.18275197945645197,0.5373021853805576,0.5416864896909162
Logistic Regression,0.18382195591696981,0.5373021853805576,0.5415060554156739
Logistic Regression,0.18382195591696981,0.5380557648831952,0.5413904101851205
Logistic Regression,0.1840359512090734,0.5380557648831952,0.5413544382297232
Logistic Regression,0.1840359512090734,0.5388093443858327,0.5413424742113386
Logistic Regression,0.184249946501177,0.5388093443858327,0.5413016983410681
Logistic Regression,0.184249946501177,0.5395629238884703,0.5412922677275144
Logistic Regression,0.18510592766959127,0.5395629238884703,0.5407995324665611
Logistic Regression,0.18510592766959127,0.5403165033911078,0.5407563209775361
Logistic Regression,0.18788786646693773,0.5403165033911078,0.5397590702292799
Logistic Regression,0.18788786646693773,0.5410700828937453,0.5397257911099977
Logistic Regression,0.18852985234324846,0.5410700828937453,0.5394848573638495
Logistic Regression,0.18852985234324846,0.5418236623963828,0.5392360412103455
Logistic Regression,0.1889578429274556,0.5418236623963828,0.5389248771311124
Logistic Regression,0.1889578429274556,0.5425772418990203,0.538860638751423
Logistic Regression,0.19173978172480205,0.5425772418990203,0.5376032671638148
Logistic Regression,0.19173978172480205,0.5433308214016579,0.53758199283151
Logistic Regression,0.1921677723090092,0.5433308214016579,0.5375238462419453
Logistic Regression,0.1921677723090092,0.5440844009042954,0.5374837872421038
Logistic Regression,0.19280975818531992,0.5440844009042954,0.5373064271067326
Logistic Regression,0.19280975818531992,0.544837980406933,0.5369810789507024
Logistic Regression,0.19323774876952707,0.544837980406933,0.5368581479060592
Logistic Regression,0.19323774876952707,0.5455915599095704,0.5368562119671286
Logistic Regression,0.19345174406163065,0.5455915599095704,0.5368332013942625
Logistic Regression,0.19345174406163065,0.546345139412208,0.5367973821514365
Logistic Regression,0.1938797346458378,0.546345139412208,0.536609160499579
Logistic Regression,0.1938797346458378,0.5470987189148455,0.5365556373584636
Logistic Regression,0.19559169698266637,0.5470987189148455,0.5361450176173557
Logistic Regression,0.19559169698266637,0.5478522984174831,0.536108308551676
Logistic Regression,0.1970896640273914,0.5478522984174831,0.535760297390014
Logistic Regression,0.1970896640273914,0.5486058779201206,0.535712342169725
Logistic Regression,0.19730365931949498,0.5486058779201206,0.5357112881379752
Logistic Regression,0.19730365931949498,0.549359457422758,0.5356616265267724
Logistic Regression,0.19880162636422,0.549359457422758,0.5347629167648614
Logistic Regression,0.19880162636422,0.5501130369253956,0.5347172949266525
Logistic Regression,0.20029959340894501,0.5501130369253956,0.5344279567106796
Logistic Regression,0.20029959340894501,0.5508666164280331,0.5344073578729118
Logistic Regression,0.2020115557457736,0.5508666164280331,0.5335732598869053
Logistic Regression,0.2020115557457736,0.5523737754333082,0.533548963448334
Logistic Regression,0.20265354162208432,0.5523737754333082,0.5333169772642223
Logistic Regression,0.20265354162208432,0.5531273549359458,0.5332698410961165
Logistic Regression,0.2043655039589129,0.5531273549359458,0.5327384360643428
Logistic Regression,0.2043655039589129,0.5546345139412208,0.5326367962773407
Logistic Regression,0.20500748983522363,0.5546345139412208,0.5324479028553109
Logistic Regression,0.20500748983522363,0.5553880934438583,0.5322525194039562
Logistic Regression,0.2116413438904344,0.5553880934438583,0.5293267177988769
Logistic Regression,0.2116413438904344,0.5561416729464959,0.5292845341096323
Logistic Regression,0.21463727797988444,0.5561416729464959,0.5285739656789815
Logistic Regression,0.21463727797988444,0.557648831951771,0.5284450348383822
Logistic Regression,0.2167772309009202,0.557648831951771,0.527804882484072
Logistic Regression,0.2167772309009202,0.5591559909570459,0.5276967556933615
Logistic Regression,0.21699122619302375,0.5591559909570459,0.5276967451641935
Logistic Regression,0.21699122619302375,0.5599095704596835,0.5276597033013988
Logistic Regression,0.2182751979456452,0.5599095704596835,0.5274896590448409
Logistic Regression,0.2182751979456452,0.560663149962321,0.5274131208986861
Logistic Regression,0.21848919323774876,0.560663149962321,0.5273962111827835
Logistic Regression,0.21848919323774876,0.5614167294649586,0.5273713630168284
Logistic Regression,0.21934517440616305,0.5614167294649586,0.5271378501108115
Logistic Regression,0.21934517440616305,0.5621703089675961,0.527130155243361
Logistic Regression,0.21977316499037022,0.5621703089675961,0.5270871975204989
Logistic Regression,0.21977316499037022,0.5636774679728711,0.5270165191572586
Logistic Regression,0.2206291461587845,0.5636774679728711,0.5267836545163918
Logistic Regression,0.2206291461587845,0.5644310474755087,0.5267088821061325
Logistic Regression,0.2214851273271988,0.5644310474755087,0.5265169911473503
Logistic Regression,0.2214851273271988,0.5659382064807837,0.5263760952420329
Logistic Regression,0.22191311791140594,0.5659382064807837,0.5262526513333099
Logistic Regression,0.22191311791140594,0.5666917859834213,0.526230689914479
Logistic Regression,0.22426706612454525,0.5666917859834213,0.5255089051627955
Logistic Regression,0.22426706612454525,0.5674453654860587,0.5254952870605607
Logistic Regression,0.22512304729295957,0.5674453654860587,0.525293160800426
Logistic Regression,0.22512304729295957,0.5681989449886963,0.525210266291843
Logistic Regression,0.2272630002139953,0.5681989449886963,0.5248895951133997
Logistic Regression,0.2272630002139953,0.5689525244913338,0.5248488776854018
Logistic Regression,0.22918895784292745,0.5689525244913338,0.5247095071105545
Logistic Regression,0.22918895784292745,0.5697061039939714,0.5245987633291732
Logistic Regression,0.22940295313503103,0.5697061039939714,0.5244627536927958
Logistic Regression,0.22940295313503103,0.5704596834966089,0.5244506471688709
Logistic Regression,0.2296169484271346,0.5704596834966089,0.5244386591695167
Logistic Regression,0.2296169484271346,0.5712132629992465,0.5244137583705706
Logistic Regression,0.2311149154718596,0.5712132629992465,0.5241380455228584
Logistic Regression,0.2311149154718596,0.5719668425018839,0.5240046969695281
Logistic Regression,0.2313289107639632,0.5719668425018839,0.523968607758782
Logistic Regression,0.2313289107639632,0.5727204220045214,0.5239266603487548
Logistic Regression,0.23261288251658463,0.5727204220045214,0.5235320489589868
Logistic Regression,0.23261288251658463,0.573474001507159,0.5234281284669272
Logistic Regression,0.23304087310079177,0.573474001507159,0.5233087575957482
Logistic Regression,0.23304087310079177,0.5749811605124341,0.5230519189364243
Logistic Regression,0.23325486839289536,0.5749811605124341,0.5229729955176405
Logistic Regression,0.23325486839289536,0.5757347400150716,0.5229635184486748
Logistic Regression,0.2345388401455168,0.5757347400150716,0.5225797685831984
Logistic Regression,0.2345388401455168,0.5764883195177091,0.5225073410605369
Logistic Regression,0.23475283543762038,0.5764883195177091,0.5225034994706116
Logistic Regression,0.23475283543762038,0.5772418990203466,0.5223752688618998
Logistic Regression,0.23539482131393108,0.5772418990203466,0.5222795927044932
Logistic Regression,0.23539482131393108,0.5779954785229842,0.522266562752851
Logistic Regression,0.2360368071902418,0.5779954785229842,0.5222069532382925
Logistic Regression,0.2360368071902418,0.5795026375282593,0.5221244564447916
Logistic Regression,0.2362508024823454,0.5795026375282593,0.5219582794181118
Logistic Regression,0.2362508024823454,0.5802562170308968,0.5215043244188335
Logistic Regression,0.23646479777444895,0.5802562170308968,0.5214224971625836
Logistic Regression,0.23646479777444895,0.5810097965335342,0.5214186531053483
Logistic Regression,0.24074470361652045,0.5810097965335342,0.5203251177477266
Logistic Regression,0.24074470361652045,0.5817633760361718,0.520282587015349
Logistic Regression,0.2411726942007276,0.5817633760361718,0.5202525454122799
Logistic Regression,0.2411726942007276,0.5825169555388093,0.520181778425625
Logistic Regression,0.24245666595334903,0.5825169555388093,0.5198153885214974
Logistic Regression,0.24245666595334903,0.5832705350414469,0.5196964459519504
Logistic Regression,0.2426706612454526,0.5832705350414469,0.5196962555982253
Logistic Regression,0.2426706612454526,0.5840241145440844,0.5195754442518897
Logistic Regression,0.24374063770597046,0.5840241145440844,0.5193114153886982
Logistic Regression,0.24374063770597046,0.5855312735493594,0.5191321228449641
Logistic Regression,0.24802054354804196,0.5855312735493594,0.518309705634388
Logistic Regression,0.24802054354804196,0.586284853051997,0.5182586654778172
Logistic Regression,0.24994650117697412,0.586284853051997,0.5179635830132103
Logistic Regression,0.24994650117697412,0.5870384325546345,0.5179514904084976
Logistic Regression,0.25037449176118126,0.5870384325546345,0.5179334338233506
Logistic Regression,0.25037449176118126,0.587792012057272,0.5179334184305443
Logistic Regression,0.25187245880590625,0.587792012057272,0.517424422804361
Logistic Regression,0.25187245880590625,0.5885455915599096,0.517404553431507
Logistic Regression,0.2529424352664241,0.5885455915599096,0.5171727535159373
Logistic Regression,0.2529424352664241,0.5900527505651846,0.5169209869126415
Logistic Regression,0.25551037877166705,0.5900527505651846,0.5162551875766495
Logistic Regression,0.25551037877166705,0.5908063300678221,0.5162148802078199
Logistic Regression,0.2595762893216349,0.5908063300678221,0.5151561115948171
Logistic Regression,0.2595762893216349,0.5923134890730972,0.5150449183752352
Logistic Regression,0.26021827519794566,0.5923134890730972,0.5149719306921444
Logistic Regression,0.26021827519794566,0.5930670685757348,0.5148250002451563
Logistic Regression,0.26107425636635995,0.5930670685757348,0.5145302929224521
Logistic Regression,0.26107425636635995,0.5938206480783723,0.5145181217721142
Logistic Regression,0.26171624224267065,0.5938206480783723,0.5142040466107664
Logistic Regression,0.26171624224267065,0.5945742275810098,0.5142039154468688
Logistic Regression,0.2621442328268778,0.5945742275810098,0.514139906750906
Logistic Regression,0.2621442328268778,0.5953278070836473,0.5140756596590131
Logistic Regression,0.26621014337684573,0.5953278070836473,0.5127234770052376
Logistic Regression,0.26621014337684573,0.5960813865862848,0.5126777377981133
Logistic Regression,0.26642413866894926,0.5960813865862848,0.5126532269945976
Logistic Regression,0.26642413866894926,0.5968349660889224,0.5125843504371634
Logistic Regression,0.26663813396105285,0.5968349660889224,0.5124526475916372
Logistic Regression,0.26663813396105285,0.5975885455915599,0.5123697474355423
Logistic Regression,0.26685212925315643,0.5975885455915599,0.5123638202461961
Logistic Regression,0.26685212925315643,0.5983421250941975,0.5122365443719143
Logistic Regression,0.26749411512946714,0.5983421250941975,0.5121253531860497
Logistic Regression,0.26749411512946714,0.5990957045968349,0.5120442228737091
Logistic Regression,0.27091803980312434,0.5990957045968349,0.5103692695929625
Logistic Regression,0.27091803980312434,0.5998492840994725,0.5103462268403677
Logistic Regression,0.27156002567943505,0.5998492840994725,0.5101332108129796
Logistic Regression,0.27156002567943505,0.6013564431047476,0.5100374975618811
Logistic Regression,0.27241600684784933,0.6013564431047476,0.5096276220820118
Logistic Regression,0.27241600684784933,0.6021100226073851,0.5096014882865361
Logistic Regression,0.2726300021399529,0.6021100226073851,0.5095740824675349
Logistic Regression,0.2726300021399529,0.6028636021100227,0.5095470300230346
Logistic Regression,0.27626792210571366,0.6028636021100227,0.508739062529956
Logistic Regression,0.27626792210571366,0.6036171816126601,0.508716539830912
Logistic Regression,0.27669591268992083,0.6036171816126601,0.5084600446461304
Logistic Regression,0.27669591268992083,0.6043707611152976,0.5084475663551801
Logistic Regression,0.2775518938583351,0.6043707611152976,0.5083777339509873
Logistic Regression,0.2775518938583351,0.6051243406179352,0.5082876855832923
Logistic Regression,0.2788358656109566,0.6051243406179352,0.5080602424591792
Logistic Regression,0.2788358656109566,0.6058779201205727,0.5080158326957821
Logistic Regression,0.2790498609030601,0.6058779201205727,0.5080024516179417
Logistic Regression,0.2790498609030601,0.6066314996232103,0.507991757891885
Logistic Regression,0.2794778514872673,0.6066314996232103,0.5079025907153583
Logistic Regression,0.2794778514872673,0.6073850791258478,0.5077450879582798
Logistic Regression,0.2839717526214423,0.6073850791258478,0.5068773727020167
Logistic Regression,0.2839717526214423,0.6081386586284853,0.5067828753271862
Logistic Regression,0.28546971966616735,0.6081386586284853,0.5063309490454382
Logistic Regression,0.28546971966616735,0.6096458176337604,0.5062449158911256
Logistic Regression,0.28632570083458164,0.6096458176337604,0.5061536815793211
Logistic Regression,0.28632570083458164,0.611906556141673,0.505882987841264
Logistic Regression,0.2867536914187888,0.611906556141673,0.5057476471105267
Logistic Regression,0.2867536914187888,0.613413715146948,0.5056354430411012
Logistic Regression,0.28718168200299593,0.613413715146948,0.5055319116460235
Logistic Regression,0.28718168200299593,0.6141672946495855,0.5055200890553655
Logistic Regression,0.2873956772950995,0.6141672946495855,0.5053974533731884
Logistic Regression,0.2873956772950995,0.6149208741522231,0.5053698303635111
Logistic Regression,0.2880376631714102,0.6149208741522231,0.5052258294352293
Logistic Regression,0.2880376631714102,0.6156744536548606,0.5050783150384806
Logistic Regression,0.2899636208003424,0.6156744536548606,0.5042105065059608
Logistic Regression,0.2899636208003424,0.6164280331574982,0.5041876437287361
Logistic Regression,0.29039161138454955,0.6164280331574982,0.5040482450542814
Logistic Regression,0.29039161138454955,0.6171816126601356,0.5039367893577809
Logistic Regression,0.29274555959768883,0.6171816126601356,0.5033786639113285
Logistic Regression,0.29274555959768883,0.6179351921627732,0.503344071703171
Logistic Regression,0.2929595548897924,0.6179351921627732,0.5033437058375974
Logistic Regression,0.2929595548897924,0.6186887716654107,0.5033017282175204
Logistic Regression,0.2972394607318639,0.6186887716654107,0.5021906153703263
Logistic Regression,0.2972394607318639,0.6194423511680482,0.5021508149064715
Logistic Regression,0.30258934303445323,0.6194423511680482,0.5006054907295602
Logistic Regression,0.30258934303445323,0.6201959306706858,0.5004863553275116
Logistic Regression,0.30515728653969615,0.6201959306706858,0.49984492679606074
Logistic Regression,0.30515728653969615,0.6209495101733233,0.4998272695154593
Logistic Regression,0.3094371923817676,0.6209495101733233,0.4987552694744995
Logistic Regression,0.3094371923817676,0.6217030896759608,0.4987351276803386
Logistic Regression,0.3102931735501819,0.6217030896759608,0.49859188134566224
Logistic Regression,0.3102931735501819,0.6224566691785983,0.4985690604262172
Logistic Regression,0.3135031029317355,0.6224566691785983,0.49694486190056786
Logistic Regression,0.3135031029317355,0.6232102486812359,0.4969409217030206
Logistic Regression,0.3179970040659105,0.6232102486812359,0.4953523476710844
Logistic Regression,0.3179970040659105,0.624717407686511,0.4952848586548049
Logistic Regression,0.31970896640273916,0.624717407686511,0.4949013424884424
Logistic Regression,0.31970896640273916,0.6262245666917859,0.4946505057645002
Logistic Regression,0.3201369569869463,0.6262245666917859,0.4945852043707786
Logistic Regression,0.3201369569869463,0.6269781461944235,0.4945746222066054
Logistic Regression,0.32120693344746415,0.6269781461944235,0.49407917606209106
Logistic Regression,0.32120693344746415,0.627731725697061,0.49405702085588565
Logistic Regression,0.322276909907982,0.627731725697061,0.4937415044051922
Logistic Regression,0.322276909907982,0.6284853051996986,0.4937214474650349
Logistic Regression,0.3227049004921892,0.6284853051996986,0.49368503947715625
Logistic Regression,0.3227049004921892,0.6299924642049737,0.4935278559474176
Logistic Regression,0.323774876952707,0.6299924642049737,0.4934807148990912
Logistic Regression,0.323774876952707,0.6307460437076111,0.49341755507612184
Logistic Regression,0.3242028675369142,0.6307460437076111,0.4932606796162437
Logistic Regression,0.3242028675369142,0.6322532027128862,0.49303942249546867
Logistic Regression,0.3248448534132249,0.6322532027128862,0.49299651173665354
Logistic Regression,0.3248448534132249,0.6330067822155238,0.4928748285038342
Logistic Regression,0.3250588487053285,0.6330067822155238,0.49283963852666696
Logistic Regression,0.3250588487053285,0.6337603617181613,0.49278639578898653
Logistic Regression,0.32527284399743206,0.6337603617181613,0.4927243104501684
Logistic Regression,0.32527284399743206,0.6352675207234363,0.49248376609179983
Logistic Regression,0.32591482987374276,0.6352675207234363,0.4924094258543479
Logistic Regression,0.32591482987374276,0.6360211002260738,0.4922583286407281
Logistic Regression,0.3274127969184678,0.6360211002260738,0.49190264819361024
Logistic Regression,0.3274127969184678,0.6367746797287114,0.4918069121648444
Logistic Regression,0.33083672159212496,0.6367746797287114,0.4908921431773012
Logistic Regression,0.33083672159212496,0.6382818387339865,0.49074638862150716
Logistic Regression,0.33105071688422855,0.6382818387339865,0.49071178784099684
Logistic Regression,0.33105071688422855,0.6397889977392615,0.49058614514827836
Logistic Regression,0.3340466509736786,0.6397889977392615,0.48995732265905584
Logistic Regression,0.3340466509736786,0.6420497362471741,0.4897286775649299
Logistic Regression,0.33511662743419646,0.6420497362471741,0.48936273597194707
Logistic Regression,0.33511662743419646,0.6435568952524491,0.4892496371497233
Logistic Regression,0.33533062272630004,0.6435568952524491,0.4892367227558571
Logistic Regression,0.33533062272630004,0.6443104747550866,0.48923125510946097
Logistic Regression,0.3370425850631286,0.6443104747550866,0.48900458262775315
Logistic Regression,0.3370425850631286,0.6450640542577242,0.4888283699928025
Logistic Regression,0.34068050502888936,0.6450640542577242,0.4879357171039386
Logistic Regression,0.34068050502888936,0.6458176337603617,0.48791049769109335
Logistic Regression,0.34603038733147873,0.6458176337603617,0.48629591931812527
Logistic Regression,0.34603038733147873,0.6465712132629993,0.4862936127133514
Logistic Regression,0.3488123261288252,0.6465712132629993,0.4857107804930802
Logistic Regression,0.3488123261288252,0.6473247927656368,0.4854817304925093
Logistic Regression,0.34902632142092876,0.6473247927656368,0.4854803614985749
Logistic Regression,0.34902632142092876,0.6488319517709118,0.4853738165454503
Logistic Regression,0.3500962978814466,0.6488319517709118,0.4850830467571623
Logistic Regression,0.3500962978814466,0.6495855312735493,0.4850260950838117
Logistic Regression,0.35138026963406804,0.6495855312735493,0.48479299796247366
Logistic Regression,0.35138026963406804,0.6503391107761869,0.4847516077221525
Logistic Regression,0.3524502460945859,0.6503391107761869,0.4845157273800044
Logistic Regression,0.3524502460945859,0.6510926902788244,0.4844812707832991
Logistic Regression,0.35480419430772525,0.6510926902788244,0.48396945491022614
Logistic Regression,0.35480419430772525,0.651846269781462,0.4838413444330642
Logistic Regression,0.3550181895998288,0.651846269781462,0.4838384415989076
Logistic Regression,0.3550181895998288,0.6525998492840994,0.4838099674727685
Logistic Regression,0.35523218489193237,0.6525998492840994,0.4837448164022754
Logistic Regression,0.35523218489193237,0.653353428786737,0.48368900714342056
Logistic Regression,0.35608816606034666,0.653353428786737,0.48329861455371725
Logistic Regression,0.35608816606034666,0.6541070082893745,0.48324084425400077
Logistic Regression,0.3586561095655896,0.6541070082893745,0.4825592617955523
Logistic Regression,0.3586561095655896,0.6548605877920121,0.4825004228350951
Logistic Regression,0.359940081318211,0.6548605877920121,0.48210003171038335
Logistic Regression,0.359940081318211,0.6563677467972872,0.48204143755205525
Logistic Regression,0.36122405307083244,0.6563677467972872,0.4817533681427228
Logistic Regression,0.36122405307083244,0.6571213262999246,0.48169306151838115
Logistic Regression,0.3616520436550396,0.6571213262999246,0.4816508289194364
Logistic Regression,0.3616520436550396,0.6578749058025621,0.4815616994004439
Logistic Regression,0.3622940295313503,0.6578749058025621,0.48135730698620377
Logistic Regression,0.3622940295313503,0.6586284853051997,0.48132644216125536
Logistic Regression,0.36528996362080035,0.6586284853051997,0.48066366239011515
Logistic Regression,0.36528996362080035,0.6593820648078372,0.4806605767923573
Logistic Regression,0.36593194949711105,0.6593820648078372,0.48039573560357646
Logistic Regression,0.36593194949711105,0.6608892238131123,0.48018481053535633
Logistic Regression,0.3689278835865611,0.6608892238131123,0.4796797537047215
Logistic Regression,0.3689278835865611,0.6616428033157498,0.47965630492434413
Logistic Regression,0.3691418788786647,0.6616428033157498,0.47956548989528364
Logistic Regression,0.3691418788786647,0.6623963828183873,0.4794921009128459
Logistic Regression,0.3732077894286326,0.6623963828183873,0.47873515019717183
Logistic Regression,0.3732077894286326,0.6631499623210249,0.4786760992791656
Logistic Regression,0.37491975176546116,0.6631499623210249,0.4782699662960242
Logistic Regression,0.37491975176546116,0.6639035418236624,0.47824740960574613
Logistic Regression,0.3768457093943933,0.6639035418236624,0.47798233872812573
Logistic Regression,0.3768457093943933,0.6646571213263,0.477962756908951
Logistic Regression,0.3770597046864969,0.6646571213263,0.4779520815699599
Logistic Regression,0.3770597046864969,0.6654107008289375,0.47793978779876783
Logistic Regression,0.3779156858549112,0.6654107008289375,0.4777999249066238
Logistic Regression,0.3779156858549112,0.6661642803315749,0.47773008500893316
Logistic Regression,0.37984164348384336,0.6661642803315749,0.4771312185531516
Logistic Regression,0.37984164348384336,0.6669178598342125,0.47695193643743333
Logistic Regression,0.3802696340680505,0.6669178598342125,0.4766917159280235
Logistic Regression,0.3802696340680505,0.66767143933685,0.47655470757230733
Logistic Regression,0.3817676011127755,0.66767143933685,0.47624309783252966
Logistic Regression,0.3817676011127755,0.6684250188394876,0.4762143356951468
Logistic Regression,0.3851915257864327,0.6684250188394876,0.4755294662656049
Logistic Regression,0.3851915257864327,0.6691785983421251,0.4754073950855186
Logistic Regression,0.38647549753905414,0.6691785983421251,0.4749909223340588
Logistic Regression,0.38647549753905414,0.6699321778447627,0.47496020020736496
Logistic Regression,0.38968542692060776,0.6699321778447627,0.47418453640288405
Logistic Regression,0.38968542692060776,0.6706857573474001,0.47414885609396307
Logistic Regression,0.38989942221271134,0.6706857573474001,0.47413146398095146
Logistic Regression,0.38989942221271134,0.6714393368500376,0.47407438320611833
Logistic Regression,0.39096939867322916,0.6714393368500376,0.47386240264364166
Logistic Regression,0.39096939867322916,0.6721929163526752,0.4738536222181532
Logistic Regression,0.39139738925743633,0.6721929163526752,0.4737878848333005
Logistic Regression,0.39139738925743633,0.6729464958553127,0.47374705550558194
Logistic Regression,0.3935373421784721,0.6729464958553127,0.47297826748814026
Logistic Regression,0.3935373421784721,0.6744536548605878,0.4728756875420078
Logistic Regression,0.39524930451530066,0.6744536548605878,0.47266609058929016
Logistic Regression,0.39524930451530066,0.6752072343632253,0.4726288304467042
Logistic Regression,0.39567729509950783,0.6752072343632253,0.47247844334574135
Logistic Regression,0.39567729509950783,0.6759608138658628,0.47241356867535644
Logistic Regression,0.3988872244810614,0.6759608138658628,0.47142726521629263
Logistic Regression,0.3988872244810614,0.6767143933685004,0.4714019129188234
Logistic Regression,0.40188315857051143,0.6767143933685004,0.4706719934983063
Logistic Regression,0.40188315857051143,0.6774679728711379,0.47064081178219314
Logistic Regression,0.4027391397389257,0.6774679728711379,0.47053669287491723
Logistic Regression,0.4027391397389257,0.6782215523737755,0.47052257240696327
Logistic Regression,0.40573507382837576,0.6782215523737755,0.4697669728846367
Logistic Regression,0.40573507382837576,0.678975131876413,0.46974119167194733
Logistic Regression,0.4063770597046865,0.678975131876413,0.4695534517975235
Logistic Regression,0.4063770597046865,0.6797287113790504,0.4694026884088375
Logistic Regression,0.4078750267494115,0.6797287113790504,0.46912462110565295
Logistic Regression,0.4078750267494115,0.680482290881688,0.4690841513741441
Logistic Regression,0.4089450032099294,0.680482290881688,0.46872921803575857
Logistic Regression,0.4089450032099294,0.6812358703843255,0.4685894785911932
Logistic Regression,0.40915899850203297,0.6812358703843255,0.46858911021831323
Logistic Regression,0.40915899850203297,0.6819894498869631,0.4684930555959265
Logistic Regression,0.40937299379413655,0.6819894498869631,0.468473226347645
Logistic Regression,0.40937299379413655,0.6827430293896006,0.4684296471087064
Logistic Regression,0.4134389043441044,0.6827430293896006,0.4672761585735255
Logistic Regression,0.4134389043441044,0.6842501883948756,0.466946258346842
Logistic Regression,0.41493687138882945,0.6842501883948756,0.46649508984993127
Logistic Regression,0.41493687138882945,0.6850037678975132,0.46645827127801637
Logistic Regression,0.41900278193879736,0.6850037678975132,0.4652767011618747
Logistic Regression,0.41900278193879736,0.6857573474001507,0.4650161825878321
Logistic Regression,0.4194307725230045,0.6857573474001507,0.4649692631906261
Logistic Regression,0.4194307725230045,0.6865109269027883,0.4648206080963002
Logistic Regression,0.4217847207361438,0.6865109269027883,0.4642048060005246
Logistic Regression,0.4217847207361438,0.6872645064054258,0.46409376710211364
Logistic Regression,0.4228546971966617,0.6872645064054258,0.4635277877285551
Logistic Regression,0.4228546971966617,0.6880180859080633,0.46352011599446263
Logistic Regression,0.4234966830729724,0.6880180859080633,0.4632782287786299
Logistic Regression,0.4234966830729724,0.6887716654107008,0.46322783103918075
Logistic Regression,0.42542264070190455,0.6887716654107008,0.4628645608674394
Logistic Regression,0.42542264070190455,0.6895252449133383,0.4628094528109438
Logistic Regression,0.4275625936229403,0.6895252449133383,0.46193594460559295
Logistic Regression,0.4275625936229403,0.691785983421251,0.4616196435604997
Logistic Regression,0.42884656537556176,0.691785983421251,0.46133675885395997
Logistic Regression,0.42884656537556176,0.6925395629238885,0.4610389388738712
Logistic Regression,0.42970254654397605,0.6925395629238885,0.46050155705547063
Logistic Regression,0.42970254654397605,0.693293142426526,0.46049550658865207
Logistic Regression,0.43184249946501174,0.693293142426526,0.4600161578691082
Logistic Regression,0.43184249946501174,0.6940467219291635,0.46001367644302105
Logistic Regression,0.4339824523860475,0.6940467219291635,0.4595690360565202
Logistic Regression,0.4339824523860475,0.694800301431801,0.4594339429028619
Logistic Regression,0.43676439118339394,0.694800301431801,0.4583447314278847
Logistic Regression,0.43676439118339394,0.6955538809344386,0.4583275990321702
Logistic Regression,0.4386903488123261,0.6955538809344386,0.45752548170109236
Logistic Regression,0.4386903488123261,0.6970610399397137,0.45748601489379825
Logistic Regression,0.43933233468863686,0.6970610399397137,0.457304101773208
Logistic Regression,0.43933233468863686,0.6978146194423511,0.4572208279480549
Logistic Regression,0.43954632998074045,0.6978146194423511,0.4571858156410371
Logistic Regression,0.43954632998074045,0.6985681989449887,0.457171598780857
Logistic Regression,0.439760325272844,0.6985681989449887,0.4571242937901384
Logistic Regression,0.439760325272844,0.6993217784476262,0.4567478856993839
Logistic Regression,0.44018831585705115,0.6993217784476262,0.45666375455966257
Logistic Regression,0.44018831585705115,0.7000753579502638,0.45649400369004545
Logistic Regression,0.441258292317569,0.7000753579502638,0.4561169196399221
Logistic Regression,0.441258292317569,0.7008289374529013,0.4560043320603805
Logistic Regression,0.4446822169912262,0.7008289374529013,0.4548319914017636
Logistic Regression,0.4446822169912262,0.7015825169555389,0.4547510007958228
Logistic Regression,0.4461801840359512,0.7015825169555389,0.45425189423157175
Logistic Regression,0.4461801840359512,0.7023360964581763,0.4542205858957449
Logistic Regression,0.4468221699122619,0.7023360964581763,0.453825689119009
Logistic Regression,0.4468221699122619,0.7030896759608138,0.45367494010943343
Logistic Regression,0.4474641557885726,0.7030896759608138,0.4534465189984714
Logistic Regression,0.4474641557885726,0.7038432554634514,0.4533862680620754
Logistic Regression,0.45067408517012625,0.7038432554634514,0.4523209138249171
Logistic Regression,0.45067408517012625,0.7045968349660889,0.45216848950523986
Logistic Regression,0.45088808046222983,0.7045968349660889,0.4520713800056473
Logistic Regression,0.45088808046222983,0.7053504144687265,0.4519730526977878
Logistic Regression,0.4517440616306441,0.7053504144687265,0.45175230849483894
Logistic Regression,0.4517440616306441,0.706103993971364,0.4517118564542777
Logistic Regression,0.452814038091162,0.706103993971364,0.45124492714652903
Logistic Regression,0.452814038091162,0.7068575734740015,0.4512403554118316
Logistic Regression,0.4536700192595763,0.7068575734740015,0.45108928980966295
Logistic Regression,0.4536700192595763,0.707611152976639,0.4510749438055475
Logistic Regression,0.45623796276481915,0.707611152976639,0.45045292856581104
Logistic Regression,0.45623796276481915,0.7083647324792766,0.45034576173431
Logistic Regression,0.4568799486411299,0.7083647324792766,0.45017093770271926
Logistic Regression,0.4568799486411299,0.7098718914845517,0.4501115641863848
Logistic Regression,0.4600898780226835,0.7098718914845517,0.44944723158387867
Logistic Regression,0.4600898780226835,0.7106254709871892,0.4494321209735711
Logistic Regression,0.46073186389899423,0.7106254709871892,0.44920134844347615
Logistic Regression,0.46073186389899423,0.7113790504898266,0.44914261819507384
Logistic Regression,0.4618018403595121,0.7113790504898266,0.44878711857982534
Logistic Regression,0.4618018403595121,0.7121326299924642,0.44877186226013654
Logistic Regression,0.4620158356516157,0.7121326299924642,0.4487069481365385
Logistic Regression,0.4620158356516157,0.7128862094951017,0.44866357463131573
Logistic Regression,0.4622298309437192,0.7128862094951017,0.44864336495321483
Logistic Regression,0.4622298309437192,0.7136397889977393,0.44861932755145706
Logistic Regression,0.46886368499893,0.7136397889977393,0.4463134381578014
Logistic Regression,0.46886368499893,0.7143933685003768,0.44631084688031114
Logistic Regression,0.47121763321206933,0.7143933685003768,0.44575346707540137
Logistic Regression,0.47121763321206933,0.7151469480030144,0.44574624441615274
Logistic Regression,0.4729295955488979,0.7151469480030144,0.44496977863143716
Logistic Regression,0.4729295955488979,0.7166541070082894,0.4449203414728476
Logistic Regression,0.47442756259362295,0.7166541070082894,0.4446453541443421
Logistic Regression,0.47442756259362295,0.7174076865109269,0.4444676916452681
Logistic Regression,0.4776374919751765,0.7174076865109269,0.4436458737189736
Logistic Regression,0.4776374919751765,0.7181612660135644,0.443472333357392
Logistic Regression,0.47977744489621227,0.7181612660135644,0.4428423741524426
Logistic Regression,0.47977744489621227,0.7196684250188395,0.4425321797325923
Logistic Regression,0.48084742135673014,0.7196684250188395,0.44245295198030077
Logistic Regression,0.48084742135673014,0.720422004521477,0.4423327112999425
Logistic Regression,0.48341536486197306,0.720422004521477,0.4415285967763543
Logistic Regression,0.48341536486197306,0.7211755840241145,0.44144112884618997
Logistic Regression,0.48576931307511234,0.7211755840241145,0.4408110660078768
Logistic Regression,0.48576931307511234,0.7219291635267521,0.440777840528226
Logistic Regression,0.4881232612882517,0.7219291635267521,0.43987032039589247
Logistic Regression,0.4881232612882517,0.7226827430293896,0.4398239170443831
Logistic Regression,0.49047720950139095,0.7226827430293896,0.43885602166226034
Logistic Regression,0.49047720950139095,0.7234363225320272,0.4387283384147079
Logistic Regression,0.4924031671303231,0.7234363225320272,0.4379350984630617
Logistic Regression,0.4924031671303231,0.7241899020346647,0.4376512150547516
Logistic Regression,0.4928311577145303,0.7241899020346647,0.4375695891676714
Logistic Regression,0.4928311577145303,0.7249434815373021,0.437298708609711
Logistic Regression,0.4936871388829446,0.7249434815373021,0.43716318916318053
Logistic Regression,0.4936871388829446,0.7256970610399397,0.4370381793419199
Logistic Regression,0.4960410870960839,0.7256970610399397,0.4366035270350206
Logistic Regression,0.4960410870960839,0.7264506405425772,0.4365677912029523
Logistic Regression,0.4983950353092232,0.7264506405425772,0.43554698754894144
Logistic Regression,0.4983950353092232,0.7272042200452148,0.435495497013362
Logistic Regression,0.4990370211855339,0.7272042200452148,0.43540733068079873
Logistic Regression,0.4990370211855339,0.7279577995478523,0.4353039768303539
Logistic Regression,0.49989300235394823,0.7279577995478523,0.4350954219494714
Logistic Regression,0.49989300235394823,0.7287113790504898,0.4350900748362786
Logistic Regression,0.5018189599828804,0.7287113790504898,0.4344672074140194
Logistic Regression,0.5018189599828804,0.7294649585531273,0.43443207840120557
Logistic Regression,0.5028889364433983,0.7294649585531273,0.43407148373219506
Logistic Regression,0.5028889364433983,0.7302185380557649,0.4339984750904386
Logistic Regression,0.5060988658249519,0.7302185380557649,0.4329178384801839
Logistic Regression,0.5060988658249519,0.7309721175584024,0.4329005462153361
Logistic Regression,0.5063128611170554,0.7309721175584024,0.43278074376128167
Logistic Regression,0.5063128611170554,0.73172569706104,0.43272564058883484
Logistic Regression,0.506526856409159,0.73172569706104,0.43271337286381456
Logistic Regression,0.506526856409159,0.7332328560663149,0.43262575228786515
Logistic Regression,0.5084528140380912,0.7332328560663149,0.432330482293202
Logistic Regression,0.5084528140380912,0.7339864355689525,0.4323139300818511
Logistic Regression,0.5097367857907126,0.7339864355689525,0.43191390761138465
Logistic Regression,0.5097367857907126,0.73474001507159,0.43187127774807527
Logistic Regression,0.512090734003852,0.73474001507159,0.4312369549802272
Logistic Regression,0.512090734003852,0.7362471740768651,0.43105201584522995
Logistic Regression,0.5170126257222342,0.7362471740768651,0.4295951500917024
Logistic Regression,0.5170126257222342,0.7370007535795027,0.42952587997972136
Logistic Regression,0.5178686068906484,0.7370007535795027,0.4292331274070718
Logistic Regression,0.5178686068906484,0.7377543330821401,0.42910644136675585
Logistic Regression,0.5189385833511663,0.7377543330821401,0.42892506295648813
Logistic Regression,0.5189385833511663,0.7392614920874152,0.4287023972363507
Logistic Regression,0.519580569227477,0.7392614920874152,0.4282308228079147
Logistic Regression,0.519580569227477,0.7400150715900528,0.42812098993893166
Logistic Regression,0.521078536272202,0.7400150715900528,0.4276627078472018
Logistic Regression,0.521078536272202,0.7407686510926903,0.4275926733233757
Logistic Regression,0.5234324844853413,0.7407686510926903,0.42658970120221185
Logistic Regression,0.5234324844853413,0.7415222305953278,0.42652564284040717
Logistic Regression,0.5247164562379628,0.7415222305953278,0.4258187944587116
Logistic Regression,0.5247164562379628,0.7422758100979653,0.4257273007120611
Logistic Regression,0.5251444468221699,0.7422758100979653,0.4256040390296722
Logistic Regression,0.5251444468221699,0.7430293896006028,0.42545328655868137
Logistic Regression,0.5324202867536915,0.7430293896006028,0.4230320862871954
Logistic Regression,0.5324202867536915,0.7437829691032404,0.42302445001664696
Logistic Regression,0.532634282045795,0.7437829691032404,0.4229414158334147
Logistic Regression,0.532634282045795,0.7445365486058779,0.42276839755195594
Logistic Regression,0.5328482773378985,0.7445365486058779,0.4226446454802859
Logistic Regression,0.5328482773378985,0.7467972871137905,0.4223807918345689
Logistic Regression,0.53413224909052,0.7467972871137905,0.4218413784842862
Logistic Regression,0.53413224909052,0.747550866616428,0.42178126465597
Logistic Regression,0.5360582067194521,0.747550866616428,0.4209150249855175
Logistic Regression,0.5360582067194521,0.7483044461190655,0.4208185041162855
Logistic Regression,0.5367001925957628,0.7483044461190655,0.42034220810847833
Logistic Regression,0.5367001925957628,0.7490580256217031,0.4202905730595225
Logistic Regression,0.5375561737641772,0.7490580256217031,0.4197201224620038
Logistic Regression,0.5375561737641772,0.7498116051243406,0.41955041318416236
Logistic Regression,0.5403381125615236,0.7498116051243406,0.4181064279606716
Logistic Regression,0.5403381125615236,0.7505651846269782,0.4180954802523268
Logistic Regression,0.5422640701904559,0.7505651846269782,0.4173528590913313
Logistic Regression,0.5422640701904559,0.7513187641296156,0.4172888063748908
Logistic Regression,0.5431200513588701,0.7513187641296156,0.41668996957402765
Logistic Regression,0.5431200513588701,0.7520723436322532,0.4166623098177516
Logistic Regression,0.5433340466509736,0.7520723436322532,0.41665534591121733
Logistic Regression,0.5433340466509736,0.7528259231348907,0.4164939100069328
Logistic Regression,0.5452600042799058,0.7528259231348907,0.4158474625571874
Logistic Regression,0.5452600042799058,0.7535795026375283,0.4155589035363034
Logistic Regression,0.545687994864113,0.7535795026375283,0.4154662780096324
Logistic Regression,0.545687994864113,0.7543330821401658,0.4153744101196326
Logistic Regression,0.5461159854483202,0.7543330821401658,0.4151720279358553
Logistic Regression,0.5461159854483202,0.7558402411454408,0.41478427210297986
Logistic Regression,0.5478279477851488,0.7558402411454408,0.41414017481773724
Logistic Regression,0.5478279477851488,0.7565938206480783,0.4138306157047257
Logistic Regression,0.5488979242456666,0.7565938206480783,0.41357824173641483
Logistic Regression,0.5488979242456666,0.7573474001507159,0.41347338442351556
Logistic Regression,0.5508238818745987,0.7573474001507159,0.41271171287342956
Logistic Regression,0.5508238818745987,0.7581009796533534,0.41264516560395764
Logistic Regression,0.5512518724588059,0.7581009796533534,0.41241240950735003
Logistic Regression,0.5512518724588059,0.758854559155991,0.4122793797324113
Logistic Regression,0.5516798630430131,0.758854559155991,0.41212941850937623
Logistic Regression,0.5516798630430131,0.7596081386586285,0.4120963636797429
Logistic Regression,0.5546757971324631,0.7596081386586285,0.41101338102009677
Logistic Regression,0.5546757971324631,0.760361718161266,0.41098860414832217
Logistic Regression,0.5548897924245667,0.760361718161266,0.41082071381293367
Logistic Regression,0.5548897924245667,0.7611152976639035,0.4108122283593143
Logistic Regression,0.5553177830087738,0.7611152976639035,0.4105381409488257
Logistic Regression,0.5553177830087738,0.7618688771665411,0.41053084967030673
Logistic Regression,0.5563877594692916,0.7618688771665411,0.41017143646442605
Logistic Regression,0.5563877594692916,0.7626224566691786,0.41012393133720215
Logistic Regression,0.5600256794350524,0.7626224566691786,0.4085557717507737
Logistic Regression,0.5600256794350524,0.7633760361718162,0.40847652527202305
Logistic Regression,0.5604536700192596,0.7633760361718162,0.4083177523870513
Logistic Regression,0.5604536700192596,0.7641296156744537,0.40831297573626407
Logistic Regression,0.5619516370639845,0.7641296156744537,0.40765394011146755
Logistic Regression,0.5619516370639845,0.7656367746797287,0.4074934891969172
Logistic Regression,0.5625936229402954,0.7656367746797287,0.4071927265620686
Logistic Regression,0.5625936229402954,0.7663903541823662,0.40715599678674685
Logistic Regression,0.5632356088166061,0.7663903541823662,0.40687277858128384
Logistic Regression,0.5632356088166061,0.7671439336850038,0.40684151728756
Logistic Regression,0.5666595334902632,0.7671439336850038,0.4049537146024604
Logistic Regression,0.5666595334902632,0.7686510926902789,0.40477247455287135
Logistic Regression,0.5675155146586776,0.7686510926902789,0.40417413134041724
Logistic Regression,0.5675155146586776,0.7694046721929163,0.404152280389189
Logistic Regression,0.5681575005349883,0.7694046721929163,0.40401988143911816
Logistic Regression,0.5681575005349883,0.7701582516955539,0.4039190032501956
Logistic Regression,0.5685854911191954,0.7701582516955539,0.40388982527885064
Logistic Regression,0.5685854911191954,0.7709118311981914,0.4034494347223097
Logistic Regression,0.568799486411299,0.7709118311981914,0.403335848437619
Logistic Regression,0.568799486411299,0.7724189902034665,0.4031642410332515
Logistic Regression,0.570297453456024,0.7724189902034665,0.40300989612484145
Logistic Regression,0.570297453456024,0.773172569706104,0.4029245515453365
Logistic Regression,0.5707254440402311,0.773172569706104,0.40267048112429205
Logistic Regression,0.5707254440402311,0.7739261492087415,0.40262638979344584
Logistic Regression,0.5715814252086454,0.7739261492087415,0.4024468236197734
Logistic Regression,0.5715814252086454,0.774679728711379,0.40237139415779155
Logistic Regression,0.5730793922533705,0.774679728711379,0.4016193937872174
Logistic Regression,0.5730793922533705,0.7754333082140166,0.4012425546103601
Logistic Regression,0.5762893216349241,0.7754333082140166,0.399960050746549
Logistic Regression,0.5762893216349241,0.7761868877166541,0.3997193336730511
Logistic Regression,0.5767173122191311,0.7761868877166541,0.39968215458065764
Logistic Regression,0.5767173122191311,0.7769404672192917,0.3996307157205129
Logistic Regression,0.5814252086454098,0.7769404672192917,0.39770565250245377
Logistic Regression,0.5814252086454098,0.7776940467219292,0.3976948950093753
Logistic Regression,0.5816392039375133,0.7776940467219292,0.3976534750730227
Logistic Regression,0.5816392039375133,0.7792012057272042,0.3976358983865806
Logistic Regression,0.581853199229617,0.7792012057272042,0.39762207244295844
Logistic Regression,0.581853199229617,0.7799547852298417,0.39758150846463747
Logistic Regression,0.5839931521506527,0.7799547852298417,0.3962570435560581
Logistic Regression,0.5839931521506527,0.7807083647324793,0.3958483939941621
Logistic Regression,0.5842071474427563,0.7807083647324793,0.3956512123537356
Logistic Regression,0.5842071474427563,0.7814619442351168,0.3954615861337365
Logistic Regression,0.5869890862401027,0.7814619442351168,0.39353842564803115
Logistic Regression,0.5869890862401027,0.7822155237377544,0.39347078181235035
Logistic Regression,0.5880590627006206,0.7822155237377544,0.3932113308225762
Logistic Regression,0.5880590627006206,0.7829691032403918,0.3931655253812075
Logistic Regression,0.5882730579927241,0.7829691032403918,0.39313660341857665
Logistic Regression,0.5882730579927241,0.7837226827430294,0.39313513508735926
Logistic Regression,0.5884870532848278,0.7837226827430294,0.3931149467929862
Logistic Regression,0.5884870532848278,0.7844762622456669,0.39307723912535514
Logistic Regression,0.5887010485769313,0.7844762622456669,0.3930726716304877
Logistic Regression,0.5887010485769313,0.7852298417483045,0.39306516738955904
Logistic Regression,0.590841001497967,0.7852298417483045,0.39222432665044527
Logistic Regression,0.590841001497967,0.785983421250942,0.3920052678038472
Logistic Regression,0.5940509308795207,0.785983421250942,0.3909235559775867
Logistic Regression,0.5940509308795207,0.7867370007535796,0.39087461404326024
Logistic Regression,0.5955488979242457,0.7867370007535796,0.3899650730373574
Logistic Regression,0.5955488979242457,0.787490580256217,0.38983437604745436
Logistic Regression,0.6002567943505243,0.787490580256217,0.38720048030718035
Logistic Regression,0.6002567943505243,0.7882441597588545,0.3871823320608453
Logistic Regression,0.6011127755189386,0.7882441597588545,0.3867952134067859
Logistic Regression,0.6011127755189386,0.7889977392614921,0.38650760355812297
Logistic Regression,0.6013267708110421,0.7889977392614921,0.3864054363148677
Logistic Regression,0.6013267708110421,0.7897513187641296,0.38635302910108194
Logistic Regression,0.6028247378557672,0.7897513187641296,0.38577993409319966
Logistic Regression,0.6028247378557672,0.7905048982667672,0.38565781777676367
Logistic Regression,0.603894714316285,0.7905048982667672,0.38481338769562184
Logistic Regression,0.603894714316285,0.7912584777694047,0.38472286210428874
Logistic Regression,0.6041087096083886,0.7912584777694047,0.3846121322619167
Logistic Regression,0.6041087096083886,0.7920120572720422,0.3846069463083105
Logistic Regression,0.606890648405735,0.7920120572720422,0.38389620540626984
Logistic Regression,0.606890648405735,0.7927656367746797,0.38387169893851847
Logistic Regression,0.6083886154504601,0.7927656367746797,0.3829896315587882
Logistic Regression,0.6083886154504601,0.7942727957799548,0.3829094700736169
Logistic Regression,0.6086026107425636,0.7942727957799548,0.382760513082844
Logistic Regression,0.6086026107425636,0.7950263752825923,0.3826000408732017
Logistic Regression,0.6096725872030815,0.7950263752825923,0.3820256462413186
Logistic Regression,0.6096725872030815,0.7957799547852299,0.38195520198053795
Logistic Regression,0.610956558955703,0.7957799547852299,0.38145017553797234
Logistic Regression,0.610956558955703,0.7965335342878673,0.38131525210152745
Logistic Regression,0.619944361224053,0.7965335342878673,0.3772934878475272
Logistic Regression,0.619944361224053,0.7972871137905049,0.37721638938830615
Logistic Regression,0.6203723518082602,0.7972871137905049,0.3771495410966598
Logistic Regression,0.6203723518082602,0.7980406932931424,0.37690386392665776
Logistic Regression,0.6208003423924674,0.7980406932931424,0.3765372229203019
Logistic Regression,0.6208003423924674,0.79879427279578,0.3764512248763484
Logistic Regression,0.6222983094371923,0.79879427279578,0.37558331375541404
Logistic Regression,0.6222983094371923,0.7995478522984175,0.3754981044646768
Logistic Regression,0.6246522576503317,0.7995478522984175,0.3742043997874208
Logistic Regression,0.6246522576503317,0.8003014318010551,0.3739976707496339
Logistic Regression,0.625508238818746,0.8003014318010551,0.3733322337996391
Logistic Regression,0.625508238818746,0.8010550113036925,0.37323855805335326
Logistic Regression,0.6259362294029531,0.8010550113036925,0.37302293638713335
Logistic Regression,0.6259362294029531,0.80180859080633,0.3729277729735826
Logistic Regression,0.6265782152792638,0.80180859080633,0.3727218916090745
Logistic Regression,0.6265782152792638,0.8025621703089676,0.3726424938566523
Logistic Regression,0.6272202011555745,0.8025621703089676,0.37237959418070243
Logistic Regression,0.6272202011555745,0.8033157498116051,0.3723508301128301
Logistic Regression,0.6319280975818532,0.8033157498116051,0.37026344500584135
Logistic Regression,0.6319280975818532,0.8040693293142427,0.3701042236148689
Logistic Regression,0.6321420928739567,0.8040693293142427,0.37002588045317913
Logistic Regression,0.6321420928739567,0.8048229088168802,0.37000610090308633
Logistic Regression,0.6334260646265782,0.8048229088168802,0.3694698246360395
Logistic Regression,0.6334260646265782,0.8055764883195177,0.3693847750790133
Logistic Regression,0.6353520222555104,0.8055764883195177,0.3684795779005637
Logistic Regression,0.6353520222555104,0.8063300678221552,0.3684244780606147
Logistic Regression,0.6396319280975818,0.8063300678221552,0.3668129283606473
Logistic Regression,0.6396319280975818,0.8070836473247928,0.36670549361872373
Logistic Regression,0.640059918681789,0.8070836473247928,0.3666415196903137
Logistic Regression,0.640059918681789,0.8085908063300679,0.3663867855719511
Logistic Regression,0.6421998716028248,0.8085908063300679,0.3660022196632021
Logistic Regression,0.6421998716028248,0.8093443858327054,0.3659820769486387
Logistic Regression,0.6434838433554462,0.8093443858327054,0.3655506090994238
Logistic Regression,0.6434838433554462,0.8100979653353428,0.3649930751170952
Logistic Regression,0.644553819815964,0.8100979653353428,0.36413504876720737
Logistic Regression,0.644553819815964,0.8108515448379804,0.36406302431397325
Logistic Regression,0.6469077680291033,0.8108515448379804,0.3627754879018648
Logistic Regression,0.6469077680291033,0.8123587038432555,0.36275658073903067
Logistic Regression,0.6484057350738284,0.8123587038432555,0.3621776049212432
Logistic Regression,0.6484057350738284,0.813112283345893,0.3620660989324966
Logistic Regression,0.6488337256580355,0.813112283345893,0.3615954271686232
Logistic Regression,0.6488337256580355,0.8138658628485306,0.36154032826724425
Logistic Regression,0.6494757115343462,0.8138658628485306,0.36124790034510507
Logistic Regression,0.6494757115343462,0.814619442351168,0.36116304373351626
Logistic Regression,0.6552535844211428,0.814619442351168,0.35812752134642445
Logistic Regression,0.6552535844211428,0.8153730218538056,0.3580801381274254
Logistic Regression,0.6569655467579714,0.8153730218538056,0.3571221041612653
Logistic Regression,0.6569655467579714,0.8161266013564431,0.3570096223941398
Logistic Regression,0.6584635138026963,0.8161266013564431,0.3564415333866932
Logistic Regression,0.6584635138026963,0.8183873398643556,0.35598425810195755
Logistic Regression,0.6591054996790071,0.8183873398643556,0.355785428094529
Logistic Regression,0.6591054996790071,0.8191409193669932,0.3557011671409992
Logistic Regression,0.6601754761395249,0.8191409193669932,0.35511450067162437
Logistic Regression,0.6601754761395249,0.8198944988696307,0.3550134297130836
Logistic Regression,0.6614594478921464,0.8198944988696307,0.35472639690840874
Logistic Regression,0.6614594478921464,0.8206480783722683,0.35454635249665667
Logistic Regression,0.6629574149368714,0.8206480783722683,0.35432605583754223
Logistic Regression,0.6629574149368714,0.8214016578749058,0.35426973053793587
Logistic Regression,0.663171410228975,0.8214016578749058,0.3541684512097864
Logistic Regression,0.663171410228975,0.8221552373775434,0.35413119642688545
Logistic Regression,0.6655253584421142,0.8221552373775434,0.35368478712960444
Logistic Regression,0.6655253584421142,0.8229088168801808,0.3536799837409978
Logistic Regression,0.6663813396105286,0.8229088168801808,0.3535259023052788
Logistic Regression,0.6663813396105286,0.8236623963828184,0.3533533087718769
Logistic Regression,0.6708752407447036,0.8236623963828184,0.35171935041680985
Logistic Regression,0.6708752407447036,0.8244159758854559,0.35162307608505194
Logistic Regression,0.6732291889578429,0.8244159758854559,0.35079877193289005
Logistic Regression,0.6732291889578429,0.8251695553880934,0.35078708492350624
Logistic Regression,0.6749411512946715,0.8251695553880934,0.3503398897464556
Logistic Regression,0.6749411512946715,0.825923134890731,0.3503247392216622
Logistic Regression,0.6783650759683287,0.825923134890731,0.3492700867851505
Logistic Regression,0.6783650759683287,0.8266767143933685,0.34926956825331756
Logistic Regression,0.679221057136743,0.8266767143933685,0.34890137275480937
Logistic Regression,0.679221057136743,0.827430293896006,0.34889407530164124
Logistic Regression,0.6800770383051573,0.827430293896006,0.34850483374955815
Logistic Regression,0.6800770383051573,0.8281838733986435,0.3482117375902
Logistic Regression,0.6828589771025038,0.8281838733986435,0.347019697718489
Logistic Regression,0.6828589771025038,0.8296910324039186,0.3466680584272346
Logistic Regression,0.6839289535630216,0.8296910324039186,0.3465116391676902
Logistic Regression,0.6839289535630216,0.8304446119065562,0.34632496267918456
Logistic Regression,0.6843569441472288,0.8304446119065562,0.34606389921685554
Logistic Regression,0.6843569441472288,0.8311981914091937,0.3459022749425299
Logistic Regression,0.6849989300235395,0.8311981914091937,0.34582325008986103
Logistic Regression,0.6849989300235395,0.8319517709118311,0.3458069103315555
Logistic Regression,0.6867108923603681,0.8319517709118311,0.3448107128108839
Logistic Regression,0.6867108923603681,0.8327053504144687,0.34479622438009
Logistic Regression,0.6869248876524716,0.8327053504144687,0.34469101974618005
Logistic Regression,0.6869248876524716,0.8334589299171062,0.34466549745821173
Logistic Regression,0.6871388829445753,0.8334589299171062,0.34462654993425645
Logistic Regression,0.6871388829445753,0.8342125094197438,0.34459746729569324
Logistic Regression,0.6894928311577145,0.8342125094197438,0.34377424166407206
Logistic Regression,0.6894928311577145,0.8349660889223813,0.3437295899282651
Logistic Regression,0.6897068264498181,0.8349660889223813,0.34366389348340826
Logistic Regression,0.6897068264498181,0.8357196684250189,0.34363850850445676
Logistic Regression,0.6918467793708538,0.8357196684250189,0.34277637838838
Logistic Regression,0.6918467793708538,0.8364732479276563,0.3427547977294959
Logistic Regression,0.692274769955061,0.8364732479276563,0.3427044450973902
Logistic Regression,0.692274769955061,0.8372268274302939,0.34266941415732466
Logistic Regression,0.6924887652471645,0.8372268274302939,0.34263689351514237
Logistic Regression,0.6924887652471645,0.8379804069329314,0.3426340900170398
Logistic Regression,0.6935587417076824,0.8379804069329314,0.34210359504006166
Logistic Regression,0.6935587417076824,0.838733986435569,0.3420134952969964
Logistic Regression,0.695270704044511,0.838733986435569,0.3415741855295964
Logistic Regression,0.695270704044511,0.8394875659382065,0.3413776307241111
Logistic Regression,0.6969826663813397,0.8394875659382065,0.34080765384945577
Logistic Regression,0.6969826663813397,0.840241145440844,0.34066772342515805
Logistic Regression,0.6991226193023754,0.840241145440844,0.3398022078889009
Logistic Regression,0.6991226193023754,0.8409947249434815,0.33969481596928325
Logistic Regression,0.6999786004707896,0.8409947249434815,0.33953199224311736
Logistic Regression,0.6999786004707896,0.841748304446119,0.33943377878766345
Logistic Regression,0.7004065910549968,0.841748304446119,0.3392664152115287
Logistic Regression,0.7004065910549968,0.8425018839487566,0.33925007323626527
Logistic Regression,0.7006205863471003,0.8425018839487566,0.33915218600731345
Logistic Regression,0.7006205863471003,0.8432554634513941,0.33911225894455677
Logistic Regression,0.7014765675155147,0.8432554634513941,0.33878291088030055
Logistic Regression,0.7014765675155147,0.8440090429540317,0.3386938396964653
Logistic Regression,0.706826449818104,0.8440090429540317,0.3361161860684788
Logistic Regression,0.706826449818104,0.8447626224566692,0.33607730862508817
Logistic Regression,0.7078964262786218,0.8447626224566692,0.33580568961439927
Logistic Regression,0.7078964262786218,0.8455162019593067,0.33578269102940705
Logistic Regression,0.7085384121549326,0.8455162019593067,0.3355534694266413
Logistic Regression,0.7085384121549326,0.8462697814619442,0.3354755212476305
Logistic Regression,0.7091803980312433,0.8462697814619442,0.3352412541708681
Logistic Regression,0.7091803980312433,0.8470233609645818,0.3350934681210502
Logistic Regression,0.7093943933233469,0.8470233609645818,0.3350108915078929
Logistic Regression,0.7093943933233469,0.8477769404672193,0.3350072011888662
Logistic Regression,0.7100363791996576,0.8477769404672193,0.33494425125440247
Logistic Regression,0.7100363791996576,0.8485305199698568,0.33491871427578873
Logistic Regression,0.7106783650759684,0.8485305199698568,0.334825031370061
Logistic Regression,0.7106783650759684,0.8492840994724944,0.33481188617191837
Logistic Regression,0.7113203509522791,0.8492840994724944,0.33459871089300314
Logistic Regression,0.7113203509522791,0.8500376789751318,0.3345307582829034
Logistic Regression,0.7160282473785576,0.8500376789751318,0.3329833757455438
Logistic Regression,0.7160282473785576,0.8515448379804069,0.33261964218131584
Logistic Regression,0.7173122191311792,0.8515448379804069,0.3317682962142187
Logistic Regression,0.7173122191311792,0.8522984174830445,0.33175733809844554
Logistic Regression,0.718382195591697,0.8522984174830445,0.33130942799278157
Logistic Regression,0.718382195591697,0.853051996985682,0.33127545300405886
Logistic Regression,0.7192381767601113,0.853051996985682,0.33109112655673767
Logistic Regression,0.7192381767601113,0.8538055764883196,0.33100244938650353
Logistic Regression,0.7196661673443184,0.8538055764883196,0.33092256488856275
Logistic Regression,0.7196661673443184,0.854559155990957,0.3308755389477413
Logistic Regression,0.7218061202653542,0.854559155990957,0.32972679226154655
Logistic Regression,0.7218061202653542,0.8553127354935945,0.32971043857627835
Logistic Regression,0.7222341108495614,0.8553127354935945,0.3296454703736538
Logistic Regression,0.7222341108495614,0.8560663149962321,0.32953865766272145
Logistic Regression,0.7252300449390113,0.8560663149962321,0.3279183930533887
Logistic Regression,0.7252300449390113,0.8568198944988696,0.3278238863528019
Logistic Regression,0.7254440402311149,0.8568198944988696,0.32779472940024024
Logistic Regression,0.7254440402311149,0.8575734740015072,0.32769009908196023
Logistic Regression,0.7271560025679435,0.8575734740015072,0.32697552306737426
Logistic Regression,0.7271560025679435,0.8583270535041447,0.32690323577227975
Logistic Regression,0.728439974320565,0.8583270535041447,0.32593502948422
Logistic Regression,0.728439974320565,0.8590806330067822,0.3256530326862711
Logistic Regression,0.7318638989942221,0.8590806330067822,0.32481438710452837
Logistic Regression,0.7318638989942221,0.8598342125094197,0.3246115539136388
Logistic Regression,0.7322918895784293,0.8598342125094197,0.32432773390715447
Logistic Regression,0.7322918895784293,0.8605877920120573,0.32430610331728904
Logistic Regression,0.7340038519152579,0.8605877920120573,0.3239441599836433
Logistic Regression,0.7340038519152579,0.8613413715146948,0.3237866514820579
Logistic Regression,0.7348598330836722,0.8613413715146948,0.3232203664485905
Logistic Regression,0.7348598330836722,0.8620949510173324,0.3231640116916903
Logistic Regression,0.7365717954205008,0.8620949510173324,0.32281160024365296
Logistic Regression,0.7365717954205008,0.8636021100226073,0.3227851438460791
Logistic Regression,0.7367857907126043,0.8636021100226073,0.32269017183785137
Logistic Regression,0.7367857907126043,0.8643556895252449,0.32252647935394096
Logistic Regression,0.7397817248020544,0.8643556895252449,0.321867083808409
Logistic Regression,0.7397817248020544,0.8651092690278824,0.3218283194863558
Logistic Regression,0.7425636635994008,0.8651092690278824,0.32052570426150856
Logistic Regression,0.7425636635994008,0.86586284853052,0.32050733824867805
Logistic Regression,0.7438476353520223,0.86586284853052,0.3199919348095223
Logistic Regression,0.7438476353520223,0.8666164280331575,0.3199555342484716
Logistic Regression,0.7472715600256794,0.8666164280331575,0.31912475486182995
Logistic Regression,0.7472715600256794,0.8673700075357951,0.3187485584437327
Logistic Regression,0.747485555317783,0.8673700075357951,0.3186023427377186
Logistic Regression,0.747485555317783,0.8688771665410701,0.3183488389944417
Logistic Regression,0.748983522362508,0.8688771665410701,0.31766960595313287
Logistic Regression,0.748983522362508,0.8696307460437076,0.31766171160883977
Logistic Regression,0.7502674941151295,0.8696307460437076,0.31713285879648556
Logistic Regression,0.7502674941151295,0.8703843255463452,0.31706370578600807
Logistic Regression,0.7517654611598544,0.8703843255463452,0.3162456387539495
Logistic Regression,0.7517654611598544,0.8711379050489827,0.31616846340927834
Logistic Regression,0.7532634282045795,0.8711379050489827,0.31556604031236696
Logistic Regression,0.7532634282045795,0.8718914845516202,0.31538899451143215
Logistic Regression,0.7573293387545474,0.8718914845516202,0.3132835998323743
Logistic Regression,0.7573293387545474,0.8726450640542577,0.3131938009710377
Logistic Regression,0.7579713246308581,0.8726450640542577,0.31244173918555024
Logistic Regression,0.7579713246308581,0.8733986435568952,0.31243598462745553
Logistic Regression,0.7581853199229617,0.8733986435568952,0.3123715420322854
Logistic Regression,0.7581853199229617,0.8741522230595328,0.31233695411710793
Logistic Regression,0.7592552963834795,0.8741522230595328,0.31171725512581566
Logistic Regression,0.7592552963834795,0.8749058025621703,0.311704098419779
Logistic Regression,0.7603252728439974,0.8749058025621703,0.31107637957309897
Logistic Regression,0.7603252728439974,0.8756593820648079,0.3110598346784885
Logistic Regression,0.7611812540124118,0.8756593820648079,0.31062683576944433
Logistic Regression,0.7611812540124118,0.8764129615674454,0.3106017607225302
Logistic Regression,0.7633212069334475,0.8764129615674454,0.3097830258099399
Logistic Regression,0.7633212069334475,0.8786737000753579,0.30959277663870693
Logistic Regression,0.7646051786860689,0.8786737000753579,0.30873786417220456
Logistic Regression,0.7646051786860689,0.8794272795779955,0.30873542051720293
Logistic Regression,0.7652471645623796,0.8794272795779955,0.3083454705725934
Logistic Regression,0.7652471645623796,0.880180859080633,0.308278967376272
Logistic Regression,0.7658891504386903,0.880180859080633,0.30786954705952313
Logistic Regression,0.7658891504386903,0.8809344385832706,0.3078689325114629
Logistic Regression,0.7663171410228975,0.8809344385832706,0.30785213697264474
Logistic Regression,0.7663171410228975,0.881688018085908,0.3078424982621131
Logistic Regression,0.7693130751123475,0.881688018085908,0.3063679617124663
Logistic Regression,0.7693130751123475,0.8824415975885456,0.3062237921381207
Logistic Regression,0.7695270704044511,0.8824415975885456,0.3060377691241164
Logistic Regression,0.7695270704044511,0.8831951770911831,0.30587498294416443
Logistic Regression,0.770597046864969,0.8831951770911831,0.30544543309341143
Logistic Regression,0.770597046864969,0.8839487565938207,0.3053379073243706
Logistic Regression,0.7710250374491762,0.8839487565938207,0.3052486507147801
Logistic Regression,0.7710250374491762,0.8847023360964582,0.3052226547880774
Logistic Regression,0.7740209715386261,0.8847023360964582,0.30354140991447137
Logistic Regression,0.7740209715386261,0.8854559155990958,0.3032654270835677
Logistic Regression,0.7770169056280762,0.8854559155990958,0.30146685791160055
Logistic Regression,0.7770169056280762,0.8862094951017332,0.30144485206557586
Logistic Regression,0.7774448962122833,0.8862094951017332,0.30108833528469964
Logistic Regression,0.7774448962122833,0.8869630746043707,0.3010724563608799
Logistic Regression,0.7778728867964905,0.8869630746043707,0.30087533420298207
Logistic Regression,0.7778728867964905,0.8877166541070083,0.30064889595941263
Logistic Regression,0.7791568585491119,0.8877166541070083,0.2999455175565535
Logistic Regression,0.7791568585491119,0.8884702336096458,0.2998773928985389
Logistic Regression,0.7802268350096297,0.8884702336096458,0.2993234211873019
Logistic Regression,0.7802268350096297,0.8892238131122834,0.2992177097540802
Logistic Regression,0.7815108067622513,0.8892238131122834,0.29859249667033116
Logistic Regression,0.7815108067622513,0.8899773926149209,0.2985742404317151
Logistic Regression,0.7817248020543548,0.8899773926149209,0.29853161490247787
Logistic Regression,0.7817248020543548,0.8907309721175584,0.2983207587130296
Logistic Regression,0.7819387973464583,0.8907309721175584,0.2982340370168438
Logistic Regression,0.7819387973464583,0.8922381311228335,0.2980876162890297
Logistic Regression,0.7832227690990798,0.8922381311228335,0.29643326538754905
Logistic Regression,0.7832227690990798,0.892991710625471,0.29641800031960264
Logistic Regression,0.7834367643911834,0.892991710625471,0.2962431782271598
Logistic Regression,0.7834367643911834,0.8944988696307461,0.2959708123355473
Logistic Regression,0.7872886796490477,0.8944988696307461,0.2935132180992435
Logistic Regression,0.7872886796490477,0.8952524491333835,0.29349634665927543
Logistic Regression,0.7875026749411513,0.8952524491333835,0.2931286946607644
Logistic Regression,0.7875026749411513,0.8960060286360211,0.29307142179165835
Logistic Regression,0.7900706184463941,0.8960060286360211,0.2922277220290695
Logistic Regression,0.7900706184463941,0.8967596081386586,0.2921304650285063
Logistic Regression,0.7907126043227048,0.8967596081386586,0.29181232527245454
Logistic Regression,0.7907126043227048,0.8975131876412962,0.29162229275303003
Logistic Regression,0.7928525572437406,0.8975131876412962,0.2905762199669963
Logistic Regression,0.7928525572437406,0.8982667671439337,0.29051334636391096
Logistic Regression,0.7949925101647763,0.8982667671439337,0.2893592912975915
Logistic Regression,0.7949925101647763,0.8990203466465713,0.28929142818258713
Logistic Regression,0.7960624866252942,0.8990203466465713,0.28853817542919385
Logistic Regression,0.7960624866252942,0.8997739261492087,0.28847324753068954
Logistic Regression,0.8014123689278836,0.8997739261492087,0.2846417838391247
Logistic Regression,0.8014123689278836,0.9005275056518462,0.28452365168800603
Logistic Regression,0.8035523218489193,0.9005275056518462,0.2829663778850238
Logistic Regression,0.8035523218489193,0.9020346646571213,0.28260574091700486
Logistic Regression,0.8039803124331265,0.9020346646571213,0.28241633244613973
Logistic Regression,0.8039803124331265,0.9027882441597589,0.2822591228959744
Logistic Regression,0.8044083030173336,0.9027882441597589,0.2817529421927173
Logistic Regression,0.8044083030173336,0.9042954031650339,0.2817091462476148
Logistic Regression,0.8108281617804408,0.9042954031650339,0.27639164998239485
Logistic Regression,0.8108281617804408,0.905802562170309,0.27627585995599707
Logistic Regression,0.8118981382409587,0.905802562170309,0.27576982954964563
Logistic Regression,0.8118981382409587,0.9065561416729465,0.27572955263183546
Logistic Regression,0.8123261288251659,0.9065561416729465,0.27554855860347705
Logistic Regression,0.8123261288251659,0.9073097211755841,0.2753540592253548
Logistic Regression,0.8136101005777873,0.9073097211755841,0.27506592955488973
Logistic Regression,0.8136101005777873,0.9080633006782216,0.27488832749176106
Logistic Regression,0.8161780440830302,0.9080633006782216,0.2735303041313968
Logistic Regression,0.8161780440830302,0.908816880180859,0.2734724845845821
Logistic Regression,0.8170340252514444,0.908816880180859,0.27252772277506576
Logistic Regression,0.8174620158356516,0.908816880180859,0.27232875246333804
Logistic Regression,0.8178900064198588,0.908816880180859,0.27193002710184355
Logistic Regression,0.8178900064198588,0.9095704596834966,0.2719223428444752
Logistic Regression,0.8181040017119623,0.9095704596834966,0.27182795227948303
Logistic Regression,0.8181040017119623,0.9110776186887717,0.2717148244374909
Logistic Regression,0.8183179970040659,0.9110776186887717,0.27171085458857286
Logistic Regression,0.8183179970040659,0.9118311981914092,0.271707787979921
Logistic Regression,0.8200299593408945,0.9118311981914092,0.27081745667660306
Logistic Regression,0.8200299593408945,0.9125847776940467,0.27071860857669294
Logistic Regression,0.8204579499251017,0.9125847776940467,0.2703913540241222
Logistic Regression,0.8204579499251017,0.9140919366993218,0.27025622640174474
Logistic Regression,0.8210999358014124,0.9140919366993218,0.2700157541981538
Logistic Regression,0.8210999358014124,0.9148455162019593,0.26992461388356814
Logistic Regression,0.8217419216777231,0.9148455162019593,0.26943823470274725
Logistic Regression,0.8217419216777231,0.9163526752072344,0.26938090238113993
Logistic Regression,0.8223839075540338,0.9163526752072344,0.2686450755214988
Logistic Regression,0.8223839075540338,0.9171062547098718,0.2682504520175244
Logistic Regression,0.8296597474855553,0.9171062547098718,0.2626219368290244
Logistic Regression,0.8296597474855553,0.9178598342125094,0.26255209207012736
Logistic Regression,0.8322276909907982,0.9178598342125094,0.2610919766483101
Logistic Regression,0.8322276909907982,0.9186134137151469,0.26086119605100433
Logistic Regression,0.8356516156644553,0.9186134137151469,0.2587110825121424
Logistic Regression,0.8356516156644553,0.920120572720422,0.2586125333465342
Logistic Regression,0.8371495827091804,0.920120572720422,0.25648596668814877
Logistic Regression,0.8371495827091804,0.9208741522230596,0.25641042826068805
Logistic Regression,0.8380055638775947,0.9208741522230596,0.2559090235649486
Logistic Regression,0.8380055638775947,0.921627731725697,0.25589838406221616
Logistic Regression,0.8414294885512519,0.921627731725697,0.2527848003541569
Logistic Regression,0.8414294885512519,0.9223813112283346,0.2527268268198
Logistic Regression,0.8437834367643912,0.9223813112283346,0.250417668584459
Logistic Regression,0.8437834367643912,0.9231348907309721,0.25020027340202544
Logistic Regression,0.8446394179328055,0.9231348907309721,0.24943582304520165
Logistic Regression,0.8446394179328055,0.9238884702336096,0.2493958068612528
Logistic Regression,0.8461373849775305,0.9238884702336096,0.24832849671643373
Logistic Regression,0.8461373849775305,0.9246420497362472,0.24818277331826294
Logistic Regression,0.8467793708538413,0.9246420497362472,0.2480684618344013
Logistic Regression,0.8467793708538413,0.9253956292388847,0.24804057185340228
Logistic Regression,0.847421356730152,0.9253956292388847,0.2470739439352856
Logistic Regression,0.847421356730152,0.9261492087415222,0.2469514275248934
Logistic Regression,0.8504172908196019,0.9261492087415222,0.24484593159053805
Logistic Regression,0.8504172908196019,0.9269027882441597,0.24460959872257787
Logistic Regression,0.8506312861117056,0.9269027882441597,0.24316307978729798
Logistic Regression,0.8506312861117056,0.9276563677467973,0.24297504927597025
Logistic Regression,0.8508452814038091,0.9276563677467973,0.24292472053765984
Logistic Regression,0.8508452814038091,0.9284099472494348,0.24267374483213247
Logistic Regression,0.8525572437406377,0.9284099472494348,0.24182507863701144
Logistic Regression,0.8525572437406377,0.9291635267520724,0.24175793579386964
Logistic Regression,0.8559811684142948,0.9291635267520724,0.23778363993529308
Logistic Regression,0.8559811684142948,0.9299171062547099,0.2374276240471904
Logistic Regression,0.8574791354590199,0.9299171062547099,0.2348164249671072
Logistic Regression,0.8574791354590199,0.9306706857573473,0.2346221205707702
Logistic Regression,0.8598330836721592,0.9306706857573473,0.23283337484944067
Logistic Regression,0.8598330836721592,0.9314242652599849,0.2327392077289126
Logistic Regression,0.8645409800984378,0.9314242652599849,0.22900956944062617
Logistic Regression,0.8645409800984378,0.9321778447626224,0.22877709659239204
Logistic Regression,0.8660389471431629,0.9321778447626224,0.22755654609052886
Logistic Regression,0.8660389471431629,0.93293142426526,0.22753337879529315
Logistic Regression,0.8683928953563022,0.93293142426526,0.22587326451244397
Logistic Regression,0.8683928953563022,0.9336850037678975,0.22582933798155516
Logistic Regression,0.86946287181682,0.9336850037678975,0.22503714695183147
Logistic Regression,0.86946287181682,0.9344385832705351,0.22494565990847865
Logistic Regression,0.8703188529852344,0.9344385832705351,0.2242824678734809
Logistic Regression,0.8703188529852344,0.9351921627731725,0.22386777375126246
Logistic Regression,0.8713888294457522,0.9351921627731725,0.2228920138027997
Logistic Regression,0.8713888294457522,0.9366993217784476,0.22276328534118303
Logistic Regression,0.8718168200299593,0.9366993217784476,0.22250432975541323
Logistic Regression,0.8718168200299593,0.9374529012810852,0.22248202279080606
Logistic Regression,0.8731007917825808,0.9374529012810852,0.2214996071270602
Logistic Regression,0.8731007917825808,0.9382064807837227,0.2214317015536586
Logistic Regression,0.8743847635352022,0.9382064807837227,0.22014218200042932
Logistic Regression,0.8743847635352022,0.9389600602863603,0.2199132232646064
Logistic Regression,0.8758827305799273,0.9389600602863603,0.2195280985545446
Logistic Regression,0.8758827305799273,0.9397136397889977,0.21938738431272928
Logistic Regression,0.8784506740851701,0.9397136397889977,0.21641448848564165
Logistic Regression,0.8784506740851701,0.9404672192916352,0.21631974484569105
Logistic Regression,0.8790926599614809,0.9404672192916352,0.21585333008557825
Logistic Regression,0.8790926599614809,0.9412207987942728,0.2158337330525277
Logistic Regression,0.8814466081746202,0.9412207987942728,0.21353019089438743
Logistic Regression,0.8814466081746202,0.9419743782969103,0.2131618868130023
Logistic Regression,0.8820885940509309,0.9419743782969103,0.2125460289087262
Logistic Regression,0.8820885940509309,0.9427279577995479,0.21245755164191715
Logistic Regression,0.8823025893430344,0.9427279577995479,0.2124005261130694
Logistic Regression,0.8823025893430344,0.9434815373021854,0.2118992365484844
Logistic Regression,0.8838005563877595,0.9434815373021854,0.21056774007526619
Logistic Regression,0.8838005563877595,0.9442351168048229,0.21034465344940426
Logistic Regression,0.888080462229831,0.9442351168048229,0.20666714385882273
Logistic Regression,0.888080462229831,0.9449886963074604,0.20632897030151587
Logistic Regression,0.8893644339824524,0.9449886963074604,0.20498621641797224
Logistic Regression,0.8893644339824524,0.945742275810098,0.20498086838763266
Logistic Regression,0.889578429274556,0.945742275810098,0.2049773246126458
Logistic Regression,0.889578429274556,0.9464958553127355,0.2041881560268744
Logistic Regression,0.8904344104429702,0.9464958553127355,0.20381103614541546
Logistic Regression,0.8904344104429702,0.947249434815373,0.20379032675984876
Logistic Regression,0.8919323774876953,0.947249434815373,0.2030955175688911
Logistic Regression,0.8919323774876953,0.9480030143180106,0.20257405083449812
Logistic Regression,0.8932163492403167,0.9480030143180106,0.20178673273477588
Logistic Regression,0.8932163492403167,0.948756593820648,0.2017128534886261
Logistic Regression,0.8951423068692489,0.948756593820648,0.20047271011473422
Logistic Regression,0.8951423068692489,0.9495101733232856,0.20045273157770488
Logistic Regression,0.8983522362508025,0.9495101733232856,0.1986639458639734
Logistic Regression,0.8983522362508025,0.9517709118311982,0.1981652315216133
Logistic Regression,0.8989942221271132,0.9517709118311982,0.19766304877932986
Logistic Regression,0.8989942221271132,0.9525244913338358,0.19759610399616565
Logistic Regression,0.9037021185533918,0.9525244913338358,0.19395023705186473
Logistic Regression,0.9037021185533918,0.9532780708364732,0.19386101405864567
Logistic Regression,0.904130109137599,0.9532780708364732,0.1936936191476991
Logistic Regression,0.904130109137599,0.9540316503391107,0.19353702706744974
Logistic Regression,0.9043441044297026,0.9540316503391107,0.193456069858257
Logistic Regression,0.9043441044297026,0.9547852298417483,0.19335319710749468
Logistic Regression,0.9069120479349454,0.9547852298417483,0.192560327512914
Logistic Regression,0.9069120479349454,0.9555388093443858,0.19254305522169254
Logistic Regression,0.9081960196875669,0.9555388093443858,0.19157062065025354
Logistic Regression,0.9081960196875669,0.9570459683496609,0.19151997501146636
Logistic Regression,0.9092659961480848,0.9570459683496609,0.19109469271171123
Logistic Regression,0.9092659961480848,0.9577995478522984,0.19107197499713746
Logistic Regression,0.9135459019901562,0.9577995478522984,0.18891858401682207
Logistic Regression,0.9135459019901562,0.9585531273549359,0.18889881356038332
Logistic Regression,0.914187887866467,0.9585531273549359,0.1887861719273576
Logistic Regression,0.914187887866467,0.9593067068575735,0.18872574267173425
Logistic Regression,0.914615878450674,0.9593067068575735,0.18830546082624264
Logistic Regression,0.914615878450674,0.960060286360211,0.18826723852837032
Logistic Regression,0.9148298737427777,0.960060286360211,0.1876537071844828
Logistic Regression,0.9148298737427777,0.9608138658628486,0.1875380167329058
Logistic Regression,0.9150438690348812,0.9608138658628486,0.18746587524989106
Logistic Regression,0.9150438690348812,0.9615674453654861,0.18744534597495777
Logistic Regression,0.9180398031243313,0.9615674453654861,0.18541378525698182
Logistic Regression,0.9180398031243313,0.9623210248681235,0.18525484369797746
Logistic Regression,0.9221057136742992,0.9623210248681235,0.1826994088654439
Logistic Regression,0.9221057136742992,0.9630746043707611,0.1823454357887904
Logistic Regression,0.9236036807190242,0.9630746043707611,0.18164783169584878
Logistic Regression,0.9236036807190242,0.9638281838733986,0.18135959657837522
Logistic Regression,0.930237534774235,0.9638281838733986,0.17778242828095434
Logistic Regression,0.930237534774235,0.9645817633760362,0.17773469547886808
Logistic Regression,0.9306655253584422,0.9645817633760362,0.17754201871066028
Logistic Regression,0.9306655253584422,0.9653353428786737,0.17742720140680854
Logistic Regression,0.9313075112347529,0.9653353428786737,0.17709049614677766
Logistic Regression,0.9313075112347529,0.9660889223813113,0.17680228420469357
Logistic Regression,0.9323774876952707,0.9660889223813113,0.1763571630056098
Logistic Regression,0.9323774876952707,0.9668425018839487,0.17625978530333736
Logistic Regression,0.9362294029531351,0.9668425018839487,0.1742122934007698
Logistic Regression,0.9362294029531351,0.9675960813865863,0.17412051330474718
Logistic Regression,0.9372993794136529,0.9675960813865863,0.1735126777566842
Logistic Regression,0.9372993794136529,0.9691032403918614,0.17347795697591942
Logistic Regression,0.939225337042585,0.9691032403918614,0.172725474039653
Logistic Regression,0.939225337042585,0.9698568198944989,0.17262706542272424
Logistic Regression,0.9396533276267922,0.9698568198944989,0.17251912665578106
Logistic Regression,0.9396533276267922,0.9706103993971364,0.17239183014393253
Logistic Regression,0.9398673229188957,0.9706103993971364,0.17226698431518625
Logistic Regression,0.9398673229188957,0.9713639788997739,0.172118322968759
Logistic Regression,0.9400813182109994,0.9713639788997739,0.17164390138640487
Logistic Regression,0.9400813182109994,0.9721175584024114,0.17146797864068825
Logistic Regression,0.9405093087952066,0.9721175584024114,0.17072018151374352
Logistic Regression,0.9405093087952066,0.972871137905049,0.17054439871344643
Logistic Regression,0.9437192381767601,0.972871137905049,0.1689510966981913
Logistic Regression,0.9437192381767601,0.9736247174076865,0.168914027676456
Logistic Regression,0.9445752193451744,0.9736247174076865,0.16849592326602064
Logistic Regression,0.9445752193451744,0.975885455915599,0.16837506936930266
Logistic Regression,0.9458591910977958,0.975885455915599,0.16727519337155078
Logistic Regression,0.9458591910977958,0.9766390354182366,0.16725093138144015
Logistic Regression,0.9467151722662102,0.9766390354182366,0.16638278977952814
Logistic Regression,0.9467151722662102,0.9781461944235117,0.16605009197431073
Logistic Regression,0.9499251016477638,0.9781461944235117,0.16350038367289527
Logistic Regression,0.9499251016477638,0.9788997739261492,0.16345178418353096
Logistic Regression,0.9514230686924887,0.9788997739261492,0.16263921389639563
Logistic Regression,0.9514230686924887,0.9796533534287868,0.1623113246803718
Logistic Regression,0.9531350310293174,0.9796533534287868,0.16110027219209783
Logistic Regression,0.9531350310293174,0.9811605124340618,0.16085214723185387
Logistic Regression,0.9569869462871817,0.9811605124340618,0.15834326332845405
Logistic Regression,0.9569869462871817,0.9819140919366993,0.1582248331011927
Logistic Regression,0.9572009415792853,0.9819140919366993,0.15813249107065425
Logistic Regression,0.9572009415792853,0.9826676714393369,0.1578980005528259
Logistic Regression,0.9606248662529424,0.9826676714393369,0.1551912619962363
Logistic Regression,0.9606248662529424,0.9834212509419744,0.15446432267383967
Logistic Regression,0.960838861545046,0.9834212509419744,0.15381108704085386
Logistic Regression,0.960838861545046,0.9849284099472494,0.1534381997161948
Logistic Regression,0.9655467579713246,0.9849284099472494,0.14873173512052265
Logistic Regression,0.9655467579713246,0.9856819894498869,0.14814699654075497
Logistic Regression,0.9674727156002568,0.9856819894498869,0.1463549837931855
Logistic Regression,0.9674727156002568,0.9864355689525245,0.14604396826940147
Logistic Regression,0.9685426920607747,0.9864355689525245,0.14483329555136523
Logistic Regression,0.9685426920607747,0.987189148455162,0.14452596129952963
Logistic Regression,0.9713246308581212,0.987189148455162,0.1407700197480915
Logistic Regression,0.9713246308581212,0.9879427279577996,0.1404203328708471
Logistic Regression,0.9719666167344319,0.9879427279577996,0.13897643850225108
Logistic Regression,0.9719666167344319,0.9894498869630746,0.1385959711331458
Logistic Regression,0.9721806120265354,0.9894498869630746,0.13799368919890606
Logistic Regression,0.9721806120265354,0.9902034664657121,0.13760581926284995
Logistic Regression,0.9726086026107426,0.9902034664657121,0.13600291015298083
Logistic Regression,0.9726086026107426,0.9909570459683497,0.13539647629502258
Logistic Regression,0.9745345602396748,0.9909570459683497,0.13303639916388996
Logistic Regression,0.9745345602396748,0.9924642049736248,0.13275962284172058
Logistic Regression,0.9747485555317783,0.9924642049736248,0.13262513804425266
Logistic Regression,0.9747485555317783,0.9932177844762623,0.13250070245048062
Logistic Regression,0.9762465225765034,0.9932177844762623,0.12780892276424025
Logistic Regression,0.9762465225765034,0.9939713639788997,0.12760695217698573
Logistic Regression,0.9775304943291248,0.9939713639788997,0.12654236096746335
Logistic Regression,0.9775304943291248,0.9947249434815373,0.12609260770773897
Logistic Regression,0.9783864754975391,0.9947249434815373,0.12462630697933552
Logistic Regression,0.9783864754975391,0.9954785229841748,0.1242961042822853
Logistic Regression,0.9843783436764392,0.9954785229841748,0.11426863846210912
Logistic Regression,0.9843783436764392,0.9962321024868124,0.1122682872777769
Logistic Regression,0.9875882730579927,0.9962321024868124,0.10560916822851336
Logistic Regression,0.9875882730579927,0.9969856819894499,0.10469048405165582
Logistic Regression,0.9937941365289964,0.9969856819894499,0.07048577143130873
Logistic Regression,0.9937941365289964,0.9977392614920875,0.0701041766732777
Logistic Regression,0.9946501176974106,0.9977392614920875,0.06457573908023687
Logistic Regression,0.9946501176974106,0.9984928409947249,0.0639206597231525
Logistic Regression,0.9952921035737213,0.9984928409947249,0.053198167399912885
Logistic Regression,0.9952921035737213,0.9992464204973625,0.052633253571834245
Logistic Regression,0.995506098865825,0.9992464204973625,0.05182777897301228
Logistic Regression,0.995506098865825,1.0,0.051284016520938266
Logistic Regression,1.0,1.0,9.919191102033888e-08
